customer_id,segment_simulated,first_order,last_order,n_orders,n_items,total_net,favourite_sku,distinct_skus,favourite_product
C10001,บุคลากร,2022-08-01,2024-01-31,42,66,2418.0,P-SOU-001,17,น้ำเปล่า
C10002,บุคลากร,2022-08-10,2023-11-26,15,17,725.0,P-COF-003,9,คาปูชิโน่ (เย็น)
C10003,บุคลากร,2022-08-02,2023-12-25,46,69,2965.0,P-COF-001,21,อเมริกาโน่ (เย็น)
C10004,บุคลากร,2022-08-05,2023-09-08,23,28,1145.0,P-TEA-012,16,ชามะนาว
C10005,บุคลากร,2022-08-01,2024-01-31,54,85,3755.0,P-TEA-001,27,ชาเขียว (เย็น)
C10006,บุคลากร,2022-08-09,2023-11-15,52,83,2673.6,P-SOU-001,20,น้ำเปล่า
C10007,บุคลากร,2022-08-28,2023-11-27,13,24,830.0,P-COF-001,15,อเมริกาโน่ (เย็น)
C10008,บุคลากร,2022-08-07,2024-01-22,89,158,7221.0,P-COF-001,32,อเมริกาโน่ (เย็น)
C10009,บุคลากร,2022-08-02,2023-12-23,38,68,2656.0,P-COF-002,22,ลาเต้ (เย็น)
C10010,บุคลากร,2022-08-01,2024-01-31,155,244,9529.5,P-FOD-001,44,แซนวิชโบราณ
C10011,บุคลากร,2022-08-10,2024-01-12,69,95,3983.0,P-COF-010,23,อเมริกาโน่น้ำผึ้ง (เย็น)
C10012,บุคลากร,2022-08-07,2024-01-18,59,88,3917.0,P-TEA-001,25,ชาเขียว (เย็น)
C10013,บุคลากร,2022-08-02,2024-01-11,57,112,5067.0,P-TEA-001,28,ชาเขียว (เย็น)
C10014,บุคลากร,2022-08-16,2023-12-15,7,9,400.0,P-TEA-003,8,ชาเขียว (ปั่น)
C10015,บุคลากร,2022-08-05,2024-01-25,47,67,2858.0,P-COF-001,23,อเมริกาโน่ (เย็น)
C10016,บุคลากร,2022-08-11,2024-01-25,19,27,1012.0,P-SOU-001,16,น้ำเปล่า
C10017,บุคลากร,2022-08-08,2023-11-20,51,76,3396.0,P-COF-003,28,คาปูชิโน่ (เย็น)
C10018,บุคลากร,2022-08-10,2023-11-23,21,29,958.0,P-TEA-001,14,ชาเขียว (เย็น)
C10019,บุคลากร,2022-08-06,2023-11-03,31,55,2108.0,P-TEA-001,19,ชาเขียว (เย็น)
C10020,บุคลากร,2022-08-02,2024-01-18,61,101,4355.0,P-COF-005,25,เอสเปรสโซ่ (เย็น)
C10021,บุคลากร,2022-08-05,2023-10-22,37,52,1974.0,P-TEA-001,18,ชาเขียว (เย็น)
C10022,บุคลากร,2022-08-07,2024-01-04,24,34,1380.0,P-COF-001,15,อเมริกาโน่ (เย็น)
C10023,บุคลากร,2022-08-20,2024-01-25,27,37,1584.0,P-COF-005,15,เอสเปรสโซ่ (เย็น)
C10024,บุคลากร,2022-08-01,2024-01-31,116,188,6839.0,P-TEA-002,42,ชาซีลอน (เย็น)
C10025,บุคลากร,2022-08-03,2023-07-10,32,64,1963.0,P-OTH-001,23,น้ำอัดลม
C10026,บุคลากร,2022-08-04,2024-01-10,39,67,3315.0,P-COC-005,18,นมสดคาราเมล (เย็น)
C10027,บุคลากร,2022-08-02,2024-01-25,102,155,6681.0,P-TEA-001,24,ชาเขียว (เย็น)
C10028,บุคลากร,2022-08-05,2023-08-19,36,62,2951.0,P-TEA-001,22,ชาเขียว (เย็น)
C10029,บุคลากร,2022-08-01,2024-01-31,84,132,5965.0,P-COF-002,33,ลาเต้ (เย็น)
C10030,บุคลากร,2022-08-06,2024-01-15,32,46,1930.0,P-TEA-006,21,ชาน้ำผึ้งมะนาว (เย็น)
C10031,บุคลากร,2022-08-02,2024-01-10,57,81,3270.0,P-TEA-003,21,ชาเขียว (ปั่น)
C10032,บุคลากร,2022-08-03,2023-11-22,26,36,1729.0,P-COC-002,14,โกโก้ (เย็น)
C10033,บุคลากร,2022-08-02,2023-12-25,39,55,2400.0,P-TEA-004,18,ชามัทฉะ (เย็น)
C10034,บุคลากร,2022-08-03,2023-12-07,124,191,7468.5,P-COF-001,39,อเมริกาโน่ (เย็น)
C10035,บุคลากร,2022-08-07,2023-11-03,23,33,1589.0,P-COF-001,15,อเมริกาโน่ (เย็น)
C10036,บุคลากร,2023-10-17,2023-10-17,1,2,158.0,P-BAK-026,2,เค้กเรดเวลเวทีราวนี่
C10037,บุคลากร,2022-10-17,2024-01-26,33,52,1423.0,P-SOU-001,15,น้ำเปล่า
C10038,บุคลากร,2024-01-31,2024-01-31,1,1,45.0,P-COF-016,1,อเมริกาโน่น้ำผึ้ง
C10039,บุคลากร,2022-08-02,2024-01-20,85,121,5537.0,P-TEA-001,27,ชาเขียว (เย็น)
C10040,บุคลากร,2022-08-03,2024-01-29,50,77,3019.0,P-SOU-001,28,น้ำเปล่า
C10041,บุคลากร,2022-08-16,2024-01-27,36,61,2243.0,P-FOD-001,18,แซนวิชโบราณ
C10042,บุคลากร,2022-08-16,2023-11-05,8,12,475.0,P-COC-014,9,นมสด (ร้อน)
C10043,บุคลากร,2022-08-11,2024-01-15,20,28,1146.0,P-COF-001,14,อเมริกาโน่ (เย็น)
C10044,บุคลากร,2022-08-01,2024-01-31,61,102,4413.0,P-TEA-001,25,ชาเขียว (เย็น)
C10045,บุคลากร,2022-08-01,2024-01-18,50,80,3578.0,P-TEA-003,24,ชาเขียว (ปั่น)
C10046,บุคลากร,2022-08-03,2024-01-20,34,53,1797.0,P-TEA-001,24,ชาเขียว (เย็น)
C10047,บุคลากร,2022-08-10,2024-01-14,21,26,1215.0,P-TEA-001,9,ชาเขียว (เย็น)
C10048,บุคลากร,2022-08-01,2023-04-08,58,100,4544.0,P-TEA-001,24,ชาเขียว (เย็น)
C10049,บุคลากร,2022-08-01,2024-01-30,25,34,1380.0,P-TEA-001,19,ชาเขียว (เย็น)
C10050,บุคลากร,2022-08-12,2023-10-08,36,46,1820.0,P-COF-002,15,ลาเต้ (เย็น)
C10051,บุคลากร,2022-08-21,2023-10-20,15,22,765.0,P-COF-002,13,ลาเต้ (เย็น)
C10052,บุคลากร,2022-08-01,2023-05-09,158,265,11744.0,P-TEA-001,35,ชาเขียว (เย็น)
C10053,บุคลากร,2022-08-08,2024-01-24,91,132,5733.0,P-COF-001,36,อเมริกาโน่ (เย็น)
C10054,บุคลากร,2022-08-01,2024-01-25,46,64,2504.0,P-SOU-001,16,น้ำเปล่า
C10055,บุคลากร,2022-08-05,2023-10-18,10,18,804.0,P-COF-002,10,ลาเต้ (เย็น)
C10056,บุคลากร,2022-09-14,2024-01-11,12,19,725.0,P-COF-002,11,ลาเต้ (เย็น)
C10057,บุคลากร,2022-08-08,2024-01-22,32,45,1865.0,P-COF-007,17,อเมริกาโน่น้ำผึ้งมะนาว
C10058,บุคลากร,2022-08-01,2023-11-28,11,14,510.0,P-COC-009,10,นมชมพู(นมเย็น)
C10059,บุคลากร,2022-09-22,2024-01-25,14,25,733.0,P-SOU-001,12,น้ำเปล่า
C10060,บุคลากร,2022-08-17,2024-01-11,26,46,1785.0,P-TEA-001,17,ชาเขียว (เย็น)
C10061,บุคลากร,2022-08-01,2024-01-30,152,235,10275.0,P-BAK-003,36,เค้ก
C10062,บุคลากร,2022-08-04,2023-12-12,24,37,1428.0,P-COF-007,15,อเมริกาโน่น้ำผึ้งมะนาว
C10063,บุคลากร,2022-08-20,2023-11-30,11,17,580.0,P-COF-003,12,คาปูชิโน่ (เย็น)
C10064,บุคลากร,2022-08-12,2024-01-14,42,53,2321.0,P-TEA-001,20,ชาเขียว (เย็น)
C10065,บุคลากร,2022-08-05,2024-01-31,36,67,2903.0,P-COF-001,16,อเมริกาโน่ (เย็น)
C10066,บุคลากร,2022-08-21,2024-01-05,21,30,1250.0,P-TEA-001,14,ชาเขียว (เย็น)
C10067,บุคลากร,2022-08-01,2023-09-08,34,59,2670.0,P-TEA-001,18,ชาเขียว (เย็น)
C10068,บุคลากร,2022-08-09,2024-01-29,61,84,3212.0,P-COF-002,26,ลาเต้ (เย็น)
C10069,บุคลากร,2022-08-12,2024-01-12,23,29,1250.0,P-COF-003,16,คาปูชิโน่ (เย็น)
C10070,บุคลากร,2022-08-01,2023-12-13,64,99,3699.0,P-SOU-001,21,น้ำเปล่า
C10071,บุคลากร,2022-08-21,2024-01-26,20,28,1085.0,P-COF-001,12,อเมริกาโน่ (เย็น)
C10072,บุคลากร,2022-08-09,2024-01-21,20,34,1521.0,P-TEA-002,14,ชาซีลอน (เย็น)
C10073,บุคลากร,2022-08-02,2024-01-16,72,139,5713.0,P-COF-002,32,ลาเต้ (เย็น)
C10074,บุคลากร,2022-08-03,2023-05-30,87,116,4395.0,P-COF-001,25,อเมริกาโน่ (เย็น)
C10075,บุคลากร,2022-08-29,2024-01-15,14,21,801.0,P-SOU-001,12,น้ำเปล่า
C10076,บุคลากร,2022-08-02,2024-01-20,59,86,3239.0,P-TEA-001,24,ชาเขียว (เย็น)
C10077,บุคลากร,2022-08-11,2024-01-27,108,167,6414.0,P-COF-001,27,อเมริกาโน่ (เย็น)
C10078,บุคลากร,2022-08-01,2023-07-18,54,87,3779.0,P-COF-010,20,อเมริกาโน่น้ำผึ้ง (เย็น)
C10079,บุคลากร,2022-08-12,2023-12-12,25,31,1155.0,P-BAK-002,17,บราวนี่
C10080,บุคลากร,2022-08-20,2023-07-10,9,12,505.0,P-COF-002,9,ลาเต้ (เย็น)
C10081,บุคลากร,2022-08-01,2024-01-16,20,28,1090.0,P-TEA-001,16,ชาเขียว (เย็น)
C10082,บุคลากร,2022-08-10,2023-07-22,17,32,1029.0,P-TEA-001,14,ชาเขียว (เย็น)
C10083,บุคลากร,2022-08-07,2023-12-21,43,55,2369.0,P-COF-001,21,อเมริกาโน่ (เย็น)
C10084,บุคลากร,2022-08-10,2023-12-06,32,47,1860.0,P-TEA-001,19,ชาเขียว (เย็น)
C10085,บุคลากร,2022-08-02,2024-01-29,60,87,3440.0,P-COC-002,18,โกโก้ (เย็น)
C10086,บุคลากร,2022-08-01,2024-01-13,44,55,2254.0,P-COF-001,19,อเมริกาโน่ (เย็น)
C10087,บุคลากร,2022-08-02,2023-10-29,30,38,1350.0,P-COC-001,18,ช็อคโกแลต (เย็น)
C10088,บุคลากร,2022-08-02,2024-01-29,90,117,5085.0,P-COF-004,30,อเมริกาโน่ส้ม
C10089,บุคลากร,2022-08-22,2024-01-12,14,15,670.0,P-COF-001,9,อเมริกาโน่ (เย็น)
C10090,บุคลากร,2022-08-04,2024-01-17,76,121,4636.0,P-SOU-001,32,น้ำเปล่า
C10091,บุคลากร,2022-08-01,2024-01-16,94,143,6318.0,P-COF-004,38,อเมริกาโน่ส้ม
C10092,บุคลากร,2022-08-02,2024-01-14,49,74,3474.0,P-COC-002,25,โกโก้ (เย็น)
C10093,บุคลากร,2022-08-12,2023-08-26,16,27,1248.0,P-TEA-002,18,ชาซีลอน (เย็น)
C10094,บุคลากร,2022-08-01,2024-01-29,110,186,6423.0,P-COF-010,34,อเมริกาโน่น้ำผึ้ง (เย็น)
C10095,บุคลากร,2022-12-30,2024-01-31,15,16,665.0,P-COF-002,9,ลาเต้ (เย็น)
C10096,บุคลากร,2022-08-01,2023-12-15,32,47,1874.0,P-COF-002,21,ลาเต้ (เย็น)
C10097,บุคลากร,2022-08-02,2024-01-22,52,74,2990.0,P-SOU-001,20,น้ำเปล่า
C10098,บุคลากร,2022-08-09,2024-01-27,52,67,2325.0,P-SOU-001,19,น้ำเปล่า
C10099,บุคลากร,2022-08-14,2023-10-04,33,54,2160.0,P-SOU-001,25,น้ำเปล่า
C10100,บุคลากร,2022-08-08,2023-05-01,9,10,490.0,P-COF-002,6,ลาเต้ (เย็น)
C10101,บุคลากร,2022-08-05,2023-12-21,81,131,4066.0,P-SOU-001,39,น้ำเปล่า
C10102,บุคลากร,2022-08-01,2024-01-28,55,94,3528.0,P-COF-002,26,ลาเต้ (เย็น)
C10103,บุคลากร,2022-08-03,2023-12-22,16,19,755.0,P-TEA-001,13,ชาเขียว (เย็น)
C10104,บุคลากร,2022-08-25,2023-08-21,7,10,370.0,P-SNK-003,8,เทสโต้
C10105,บุคลากร,2022-08-05,2023-10-12,41,62,2769.0,P-COF-011,23,คาราเมลมัคคีอาโต้
C10106,บุคลากร,2022-08-07,2023-10-18,33,48,1924.0,P-COF-001,21,อเมริกาโน่ (เย็น)
C10107,บุคลากร,2022-08-01,2024-01-18,34,45,1710.0,P-COC-002,18,โกโก้ (เย็น)
C10108,บุคลากร,2022-08-01,2023-10-17,67,123,5601.0,P-COF-001,30,อเมริกาโน่ (เย็น)
C10109,บุคลากร,2022-08-05,2024-01-20,125,207,8575.0,P-COF-001,39,อเมริกาโน่ (เย็น)
C10110,บุคลากร,2022-08-02,2023-03-29,13,21,955.0,P-COF-011,10,คาราเมลมัคคีอาโต้
C10111,บุคลากร,2022-08-16,2024-01-26,31,43,1879.0,P-COF-002,17,ลาเต้ (เย็น)
C10112,บุคลากร,2022-08-02,2024-01-31,32,41,1860.0,P-COF-002,14,ลาเต้ (เย็น)
C10113,บุคลากร,2022-08-01,2024-01-29,185,311,11643.0,P-TEA-001,45,ชาเขียว (เย็น)
C10114,บุคลากร,2022-08-25,2023-10-12,10,12,475.0,P-COF-001,9,อเมริกาโน่ (เย็น)
C10115,บุคลากร,2022-08-02,2024-01-31,89,215,6854.0,P-SOU-002,38,น้ำแข็ง
C10116,บุคลากร,2022-08-05,2024-01-14,124,168,7395.0,P-TEA-003,28,ชาเขียว (ปั่น)
C10117,บุคลากร,2022-11-09,2023-11-03,13,17,375.0,P-SOU-001,5,น้ำเปล่า
C10118,บุคลากร,2022-08-02,2023-07-04,14,25,815.0,P-SOU-001,13,น้ำเปล่า
C10119,บุคลากร,2022-09-16,2023-04-23,2,3,85.0,P-COF-002,3,ลาเต้ (เย็น)
C10120,บุคลากร,2022-08-05,2023-05-20,31,46,2246.0,P-COF-007,18,อเมริกาโน่น้ำผึ้งมะนาว
C10121,บุคลากร,2022-08-10,2024-01-15,33,54,2090.0,P-TEA-003,19,ชาเขียว (ปั่น)
C10122,บุคลากร,2022-11-09,2023-12-01,9,11,409.0,P-SMT-002,7,แตงโม (ปั่น)
C10123,บุคลากร,2022-08-05,2023-05-04,13,19,840.0,P-TEA-008,10,ชาแอปเปิ้ล (เย็น)
C10124,บุคลากร,2022-08-01,2024-01-13,29,50,2093.0,P-TEA-005,19,ชาพีช (เย็น)
C10125,บุคลากร,2022-08-20,2024-01-17,52,84,2583.0,P-SOU-001,29,น้ำเปล่า
C10126,บุคลากร,2022-08-04,2024-01-30,25,40,1444.0,P-COF-010,15,อเมริกาโน่น้ำผึ้ง (เย็น)
C10127,บุคลากร,2022-08-04,2024-01-23,19,26,1180.0,P-TEA-001,11,ชาเขียว (เย็น)
C10128,บุคลากร,2022-08-02,2023-10-02,22,43,1953.0,P-TEA-002,22,ชาซีลอน (เย็น)
C10129,บุคลากร,2022-08-04,2024-01-24,57,73,3225.0,P-COF-005,25,เอสเปรสโซ่ (เย็น)
C10130,บุคลากร,2022-08-29,2024-01-07,27,33,1457.0,P-COF-002,16,ลาเต้ (เย็น)
C10131,บุคลากร,2022-08-02,2024-01-14,55,79,2999.0,P-SOU-001,21,น้ำเปล่า
C10132,บุคลากร,2022-08-01,2024-01-12,66,102,3859.0,P-COF-001,26,อเมริกาโน่ (เย็น)
C10133,บุคลากร,2022-08-05,2024-01-25,53,89,3552.0,P-COF-001,25,อเมริกาโน่ (เย็น)
C10134,บุคลากร,2022-08-02,2024-01-29,83,129,5977.0,P-TEA-001,29,ชาเขียว (เย็น)
C10135,บุคลากร,2022-08-20,2024-01-17,12,17,525.0,P-COF-001,7,อเมริกาโน่ (เย็น)
C10136,บุคลากร,2022-08-16,2023-07-19,18,24,1050.0,P-COF-007,14,อเมริกาโน่น้ำผึ้งมะนาว
C10137,บุคลากร,2022-08-02,2024-01-23,129,199,8913.0,P-COF-002,39,ลาเต้ (เย็น)
C10138,บุคลากร,2022-08-06,2023-12-08,53,73,2913.0,P-BAK-001,22,ขนมซอง
C10139,บุคลากร,2022-08-04,2023-12-27,23,32,1175.0,P-COF-007,15,อเมริกาโน่น้ำผึ้งมะนาว
C10140,บุคลากร,2022-08-01,2023-10-07,40,58,2090.0,P-COC-002,17,โกโก้ (เย็น)
C10141,บุคลากร,2022-08-02,2024-01-08,18,27,1045.0,P-COF-002,13,ลาเต้ (เย็น)
C10142,บุคลากร,2022-08-11,2024-01-16,45,73,2668.0,P-SOU-001,27,น้ำเปล่า
C10143,บุคลากร,2022-09-10,2024-01-29,25,43,1574.0,P-FOD-001,13,แซนวิชโบราณ
C10144,บุคลากร,2022-09-13,2024-01-17,7,9,394.0,P-SFT-001,8,โค้ก ออริจินอล
C10145,บุคลากร,2022-08-01,2024-01-10,113,199,6099.0,P-NDL-001,25,มาม่า
C10146,บุคลากร,2022-08-01,2024-01-29,43,70,2394.0,P-TEA-001,23,ชาเขียว (เย็น)
C10147,บุคลากร,2022-08-03,2023-10-22,76,123,4177.0,P-FOD-001,28,แซนวิชโบราณ
C10148,บุคลากร,2022-08-03,2024-01-20,63,79,3382.0,P-COF-004,21,อเมริกาโน่ส้ม
C10149,บุคลากร,2022-08-15,2024-01-06,18,28,715.0,P-SOU-001,15,น้ำเปล่า
C10150,บุคลากร,2022-09-14,2023-12-25,19,27,1030.0,P-COF-001,11,อเมริกาโน่ (เย็น)
C10151,บุคลากร,2022-08-03,2023-12-25,49,84,3374.0,P-COF-001,25,อเมริกาโน่ (เย็น)
C10152,บุคลากร,2022-08-01,2023-04-09,42,70,3038.0,P-COC-001,21,ช็อคโกแลต (เย็น)
C10153,บุคลากร,2022-08-01,2024-01-29,19,30,1118.0,P-BAK-007,17,มาการอง
C10154,บุคลากร,2022-08-01,2024-01-26,65,92,3690.0,P-COF-013,21,เอสเปรสโซ่ (ร้อน)
C10155,บุคลากร,2022-08-20,2023-10-12,20,35,1425.0,P-COF-007,15,อเมริกาโน่น้ำผึ้งมะนาว
C10156,บุคลากร,2022-08-09,2024-01-27,40,63,2800.0,P-TEA-006,22,ชาน้ำผึ้งมะนาว (เย็น)
C10157,บุคลากร,2022-08-02,2024-01-19,119,175,6836.0,P-SOU-001,37,น้ำเปล่า
C10158,บุคลากร,2022-08-04,2024-01-25,18,23,865.0,P-NDL-001,12,มาม่า
C10159,บุคลากร,2022-08-21,2023-11-19,10,15,710.0,P-TEA-001,9,ชาเขียว (เย็น)
C10160,บุคลากร,2022-08-01,2024-01-03,63,107,4414.0,P-COF-002,27,ลาเต้ (เย็น)
C10161,บุคลากร,2022-11-18,2024-01-13,20,27,1019.0,P-COF-012,13,คาปูชิโน่ (ร้อน)
C10162,บุคลากร,2022-08-02,2024-01-17,70,96,4517.0,P-TEA-001,24,ชาเขียว (เย็น)
C10163,บุคลากร,2022-08-01,2024-01-22,41,59,2732.0,P-COF-002,20,ลาเต้ (เย็น)
C10164,บุคลากร,2022-08-09,2024-01-04,52,81,3420.0,P-TEA-001,29,ชาเขียว (เย็น)
C10165,บุคลากร,2022-08-02,2023-08-28,34,55,2445.0,P-TEA-001,16,ชาเขียว (เย็น)
C10166,บุคลากร,2022-08-12,2023-12-07,24,45,1895.0,P-COF-001,14,อเมริกาโน่ (เย็น)
C10167,บุคลากร,2022-08-23,2023-12-23,17,29,1230.0,P-TEA-007,19,ชามะนาว (เย็น)
C10168,บุคลากร,2022-08-06,2023-10-19,31,44,2100.0,P-COF-009,20,มอคค่า (เย็น)
C10169,บุคลากร,2022-08-23,2023-12-25,22,28,1302.0,P-COF-001,9,อเมริกาโน่ (เย็น)
C10170,บุคลากร,2022-08-01,2024-01-24,80,117,4633.0,P-COF-002,25,ลาเต้ (เย็น)
C10171,บุคลากร,2022-08-01,2023-12-02,69,108,3982.0,P-TEA-001,22,ชาเขียว (เย็น)
C10172,บุคลากร,2023-01-25,2023-07-13,2,4,145.0,P-COF-010,4,อเมริกาโน่น้ำผึ้ง (เย็น)
C10173,บุคลากร,2022-08-26,2023-12-13,29,40,1775.0,P-COF-001,16,อเมริกาโน่ (เย็น)
C10174,บุคลากร,2022-08-04,2024-01-13,99,148,6366.0,P-COF-002,39,ลาเต้ (เย็น)
C10175,บุคลากร,2022-08-01,2024-01-10,47,71,2990.0,P-COF-002,23,ลาเต้ (เย็น)
C10176,บุคลากร,2022-12-16,2023-12-06,10,12,510.0,P-TEA-002,6,ชาซีลอน (เย็น)
C10177,บุคลากร,2022-08-18,2024-01-15,16,24,920.0,P-COF-005,10,เอสเปรสโซ่ (เย็น)
C10178,บุคลากร,2022-08-07,2024-01-23,70,94,3652.0,P-COF-003,25,คาปูชิโน่ (เย็น)
C10179,บุคลากร,2022-08-01,2024-01-29,190,282,12217.0,P-COF-001,44,อเมริกาโน่ (เย็น)
C10180,บุคลากร,2022-08-05,2024-01-27,122,168,6328.0,P-COC-002,38,โกโก้ (เย็น)
C10181,บุคลากร,2022-09-07,2023-12-22,44,77,2850.0,P-COF-001,22,อเมริกาโน่ (เย็น)
C10182,บุคลากร,2022-08-06,2024-01-14,47,69,3071.0,P-COF-009,23,มอคค่า (เย็น)
C10183,บุคลากร,2022-08-02,2024-01-31,94,136,5447.0,P-TEA-001,25,ชาเขียว (เย็น)
C10184,บุคลากร,2022-08-04,2023-12-28,43,71,3217.0,P-TEA-002,19,ชาซีลอน (เย็น)
C10185,นักศึกษา,2022-08-04,2022-11-03,11,16,688.0,P-COF-022,13,ลาเต้ (ปั่น)
C10186,นักศึกษา,2023-07-04,2023-07-26,4,5,220.0,P-TEA-015,4,ชากุหลาบน้ำผึ้งมะนาว (เย็น)
C10187,นักศึกษา,2022-08-27,2022-09-28,2,5,120.0,P-SOU-001,2,น้ำเปล่า
C10188,นักศึกษา,2023-02-12,2023-02-12,1,2,90.0,P-TEA-001,2,ชาเขียว (เย็น)
C10189,นักศึกษา,2022-08-19,2022-11-30,3,6,295.0,P-COC-001,3,ช็อคโกแลต (เย็น)
C10190,นักศึกษา,2022-08-10,2022-11-09,4,5,210.0,P-COC-002,4,โกโก้ (เย็น)
C10191,นักศึกษา,2022-08-01,2022-12-06,34,51,2394.0,P-COF-004,23,อเมริกาโน่ส้ม
C10192,นักศึกษา,2022-08-04,2022-08-18,2,2,85.0,P-COC-014,2,นมสด (ร้อน)
C10193,นักศึกษา,2022-08-02,2022-11-29,9,20,858.0,P-BAK-010,11,ขนมปังกรอบ
C10194,นักศึกษา,2022-08-01,2022-09-26,9,11,520.0,P-COC-010,8,นมสด (ปั่น)
C10195,นักศึกษา,2022-08-20,2023-05-08,7,18,740.0,P-SOD-002,12,เลม่อนผสมน้ำผึ้ง
C10196,นักศึกษา,2023-01-27,2023-07-06,3,3,130.0,P-TEA-002,3,ชาซีลอน (เย็น)
C10197,นักศึกษา,2022-08-10,2022-09-21,7,15,390.0,P-OTH-001,6,น้ำอัดลม
C10198,นักศึกษา,2022-08-02,2022-09-02,5,6,289.0,P-TEA-012,6,ชามะนาว
C10199,นักศึกษา,2022-09-22,2022-09-22,1,1,50.0,P-COC-005,1,นมสดคาราเมล (เย็น)
C10200,นักศึกษา,2022-11-15,2023-05-20,3,3,140.0,P-COF-002,3,ลาเต้ (เย็น)
C10201,นักศึกษา,2022-08-14,2023-08-19,5,8,244.0,P-SOU-001,7,น้ำเปล่า
C10202,นักศึกษา,2022-10-07,2022-11-15,4,9,259.0,P-COC-004,7,นมสด (เย็น)
C10204,นักศึกษา,2022-08-01,2022-12-15,21,39,1025.0,P-BAK-001,13,ขนมซอง
C10205,นักศึกษา,2022-08-03,2023-03-08,10,15,665.0,P-TEA-001,8,ชาเขียว (เย็น)
C10206,นักศึกษา,2022-09-14,2022-10-03,2,2,105.0,P-COC-005,2,นมสดคาราเมล (เย็น)
C10207,นักศึกษา,2022-08-01,2022-11-16,5,9,764.0,P-COC-001,7,ช็อคโกแลต (เย็น)
C10208,นักศึกษา,2022-08-02,2023-04-02,8,12,449.0,P-COF-006,8,อเมริกาโน่ช่อมะพร้าว
C10209,นักศึกษา,2022-08-10,2023-03-28,31,51,2340.0,P-COC-001,21,ช็อคโกแลต (เย็น)
C10210,นักศึกษา,2022-08-10,2023-07-06,11,12,515.0,P-COC-002,9,โกโก้ (เย็น)
C10211,นักศึกษา,2022-08-07,2022-09-08,3,4,115.0,P-TEA-002,3,ชาซีลอน (เย็น)
C10212,นักศึกษา,2022-08-01,2022-11-03,11,15,570.0,P-COC-002,7,โกโก้ (เย็น)
C10213,นักศึกษา,2022-11-10,2023-01-24,3,3,120.0,P-COC-002,3,โกโก้ (เย็น)
C10214,นักศึกษา,2022-08-01,2023-03-02,56,78,2945.0,P-BAK-001,16,ขนมซอง
C10215,นักศึกษา,2022-08-07,2023-01-11,8,10,510.0,P-COC-010,6,นมสด (ปั่น)
C10216,นักศึกษา,2022-08-02,2023-03-23,14,19,820.0,P-BAK-010,12,ขนมปังกรอบ
C10217,นักศึกษา,2022-08-03,2023-08-09,21,27,1040.0,P-COC-012,16,ช็อคโกแลต (ร้อน)
C10218,นักศึกษา,2022-08-02,2023-03-21,10,15,680.0,P-TEA-003,10,ชาเขียว (ปั่น)
C10219,นักศึกษา,2022-11-10,2022-11-10,1,1,45.0,P-TEA-001,1,ชาเขียว (เย็น)
C10220,นักศึกษา,2022-09-28,2023-03-09,7,12,435.0,P-COF-005,9,เอสเปรสโซ่ (เย็น)
C10221,นักศึกษา,2022-08-08,2023-10-01,4,4,165.0,P-TEA-011,4,ชาเขียวมะนาว
C10222,นักศึกษา,2022-08-01,2023-03-15,15,22,1045.0,P-COC-002,11,โกโก้ (เย็น)
C10223,นักศึกษา,2022-09-27,2023-03-15,3,3,125.0,P-SNK-001,3,ขนมเลย์
C10224,นักศึกษา,2022-08-13,2022-11-13,4,4,180.0,P-COF-003,1,คาปูชิโน่ (เย็น)
C10225,นักศึกษา,2022-08-05,2023-08-12,7,8,318.0,P-COF-006,7,อเมริกาโน่ช่อมะพร้าว
C10226,นักศึกษา,2022-09-15,2023-11-03,7,16,645.0,P-COF-002,7,ลาเต้ (เย็น)
C10227,นักศึกษา,2022-08-10,2023-02-13,5,6,190.0,P-SOU-001,5,น้ำเปล่า
C10228,นักศึกษา,2022-08-31,2023-03-25,6,8,240.0,P-SOU-001,7,น้ำเปล่า
C10229,นักศึกษา,2022-08-06,2022-12-28,8,8,395.0,P-COC-006,6,โกโก้ (ปั่น)
C10230,นักศึกษา,2022-08-31,2023-04-05,6,9,385.0,P-COC-001,6,ช็อคโกแลต (เย็น)
C10231,นักศึกษา,2022-08-02,2022-08-29,7,8,370.0,P-TEA-002,4,ชาซีลอน (เย็น)
C10232,นักศึกษา,2022-09-13,2023-01-31,6,6,300.0,P-SMT-003,3,โอริโอ้ (ปั่น)
C10233,นักศึกษา,2022-09-18,2023-01-10,5,9,425.0,P-COC-003,6,ช็อคโกแลต (ปั่น)
C10234,นักศึกษา,2022-09-12,2023-03-09,4,5,270.0,P-TEA-003,4,ชาเขียว (ปั่น)
C10235,นักศึกษา,2022-08-07,2023-02-23,10,18,805.0,P-COC-002,10,โกโก้ (เย็น)
C10236,นักศึกษา,2022-08-08,2022-12-29,3,3,85.0,P-NDL-001,2,มาม่า
C10237,นักศึกษา,2022-08-10,2023-02-11,3,5,235.0,P-COC-001,5,ช็อคโกแลต (เย็น)
C10238,นักศึกษา,2022-08-06,2022-11-17,3,5,248.0,P-COF-002,5,ลาเต้ (เย็น)
C10239,นักศึกษา,2022-08-19,2022-10-18,2,2,65.0,P-BAK-001,2,ขนมซอง
C10240,นักศึกษา,2022-08-15,2022-11-11,9,20,810.0,P-TEA-003,12,ชาเขียว (ปั่น)
C10241,นักศึกษา,2022-08-01,2023-06-02,9,13,580.0,P-COF-003,8,คาปูชิโน่ (เย็น)
C10242,นักศึกษา,2022-08-08,2023-08-23,17,27,1302.0,P-COC-003,14,ช็อคโกแลต (ปั่น)
C10243,นักศึกษา,2022-08-11,2022-09-20,2,6,265.0,P-COC-012,4,ช็อคโกแลต (ร้อน)
C10244,นักศึกษา,2022-08-03,2022-10-27,22,44,1932.0,P-BAK-003,17,เค้ก
C10245,นักศึกษา,2022-08-01,2023-01-12,4,5,308.0,P-COC-005,4,นมสดคาราเมล (เย็น)
C10246,นักศึกษา,2022-08-01,2023-02-07,8,18,495.0,P-SOU-002,7,น้ำแข็ง
C10247,นักศึกษา,2022-08-02,2023-03-14,18,25,1284.0,P-COF-003,11,คาปูชิโน่ (เย็น)
C10248,นักศึกษา,2022-08-05,2023-02-03,4,6,255.0,P-BAK-002,6,บราวนี่
C10249,นักศึกษา,2022-08-01,2023-02-27,71,122,5477.0,P-COC-002,30,โกโก้ (เย็น)
C10250,นักศึกษา,2023-01-12,2023-07-07,2,3,45.0,P-SOU-001,2,น้ำเปล่า
C10251,นักศึกษา,2022-08-02,2022-11-10,3,3,120.0,P-COC-002,3,โกโก้ (เย็น)
C10252,นักศึกษา,2022-08-09,2022-08-26,3,3,115.0,P-COF-003,3,คาปูชิโน่ (เย็น)
C10253,นักศึกษา,2022-08-04,2023-05-25,13,18,625.0,P-COF-002,9,ลาเต้ (เย็น)
C10254,นักศึกษา,2022-08-14,2022-11-03,3,9,120.0,P-SOU-001,2,น้ำเปล่า
C10255,นักศึกษา,2022-08-04,2023-01-03,2,3,105.0,P-BAK-019,3,โคอะลา มาร์ช
C10256,นักศึกษา,2022-08-09,2022-12-23,3,3,135.0,P-TEA-001,2,ชาเขียว (เย็น)
C10257,นักศึกษา,2022-10-09,2023-02-13,2,2,110.0,P-TEA-003,1,ชาเขียว (ปั่น)
C10258,นักศึกษา,2022-11-01,2023-04-29,5,11,345.0,P-NDL-005,6,ซือดะรสต้มโคล้ง
C10259,นักศึกษา,2022-08-15,2022-09-26,3,3,145.0,P-TEA-020,2,ชากุหลาบน้ำผึ้งมะนาว
C10260,นักศึกษา,2022-10-06,2023-01-08,4,5,185.0,P-NDL-004,3,โจ๊ก
C10261,นักศึกษา,2022-08-01,2022-10-07,11,19,958.0,P-COF-002,9,ลาเต้ (เย็น)
C10262,นักศึกษา,2022-08-03,2022-12-14,6,12,440.0,P-BAK-001,10,ขนมซอง
C10263,นักศึกษา,2022-08-10,2022-12-21,2,3,150.0,P-COC-002,3,โกโก้ (เย็น)
C10264,นักศึกษา,2022-08-22,2023-03-14,18,26,1089.0,P-COF-003,13,คาปูชิโน่ (เย็น)
C10265,นักศึกษา,2022-08-02,2023-07-21,24,40,1685.0,P-TEA-012,15,ชามะนาว
C10266,นักศึกษา,2022-08-01,2023-01-05,22,36,1634.0,P-COF-001,14,อเมริกาโน่ (เย็น)
C10267,นักศึกษา,2022-08-02,2022-12-16,13,17,805.0,P-TEA-003,10,ชาเขียว (ปั่น)
C10268,นักศึกษา,2022-08-03,2023-05-19,16,23,985.0,P-TEA-001,13,ชาเขียว (เย็น)
C10269,นักศึกษา,2022-08-02,2023-05-03,8,14,1205.0,P-TEA-005,11,ชาพีช (เย็น)
C10270,นักศึกษา,2022-09-27,2023-03-31,2,3,90.0,P-BAK-001,3,ขนมซอง
C10271,นักศึกษา,2022-08-06,2023-05-11,9,13,625.0,P-COF-005,6,เอสเปรสโซ่ (เย็น)
C10272,นักศึกษา,2022-08-04,2023-07-04,5,8,265.0,P-BAK-001,6,ขนมซอง
C10273,นักศึกษา,2022-12-21,2023-03-02,3,3,155.0,P-SMT-018,3,องุ่นสมุทตี้
C10274,นักศึกษา,2022-08-02,2023-07-03,11,28,1307.0,P-BAK-003,15,เค้ก
C10275,นักศึกษา,2022-08-01,2023-03-08,16,28,1348.0,P-COC-003,15,ช็อคโกแลต (ปั่น)
C10276,นักศึกษา,2022-08-28,2022-08-28,1,1,45.0,P-COF-001,1,อเมริกาโน่ (เย็น)
C10277,นักศึกษา,2022-08-02,2022-09-18,11,20,879.0,P-BAK-003,9,เค้ก
C10279,นักศึกษา,2022-08-10,2022-10-30,3,3,50.0,P-NDL-001,3,มาม่า
C10280,นักศึกษา,2022-11-07,2023-03-05,4,8,409.0,P-COC-003,6,ช็อคโกแลต (ปั่น)
C10281,นักศึกษา,2022-08-18,2022-11-10,2,4,80.0,P-BAK-001,1,ขนมซอง
C10282,นักศึกษา,2022-08-03,2023-02-13,12,17,599.0,P-COF-002,11,ลาเต้ (เย็น)
C10283,นักศึกษา,2022-08-04,2023-09-20,22,28,1245.0,P-COF-004,14,อเมริกาโน่ส้ม
C10284,นักศึกษา,2022-08-11,2022-12-01,4,5,170.0,P-COF-001,5,อเมริกาโน่ (เย็น)
C10285,นักศึกษา,2022-10-25,2022-10-25,1,2,129.0,P-COC-001,2,ช็อคโกแลต (เย็น)
C10286,นักศึกษา,2022-08-11,2022-09-27,6,8,365.0,P-TEA-003,6,ชาเขียว (ปั่น)
C10287,นักศึกษา,2022-08-02,2023-03-02,7,17,580.0,P-SOU-001,13,น้ำเปล่า
C10288,นักศึกษา,2022-08-02,2023-08-10,9,13,600.0,P-COF-006,7,อเมริกาโน่ช่อมะพร้าว
C10289,นักศึกษา,2022-08-02,2022-11-29,17,23,850.0,P-NDL-001,14,มาม่า
C10290,นักศึกษา,2022-08-08,2022-12-20,5,6,274.0,P-TEA-001,5,ชาเขียว (เย็น)
C10291,นักศึกษา,2022-08-03,2022-12-27,3,3,189.0,P-TEA-003,2,ชาเขียว (ปั่น)
C10292,นักศึกษา,2022-08-23,2023-03-25,3,4,150.0,P-COF-002,4,ลาเต้ (เย็น)
C10293,นักศึกษา,2022-08-08,2023-05-31,5,8,295.0,P-OTH-001,6,น้ำอัดลม
C10294,นักศึกษา,2022-08-08,2023-03-13,5,6,245.0,P-BAK-035,6,แซนวิชไก่
C10295,นักศึกษา,2022-11-16,2023-05-01,6,10,285.0,P-COF-002,7,ลาเต้ (เย็น)
C10296,นักศึกษา,2022-10-16,2022-10-16,1,2,110.0,P-SMT-004,2,นมสดกล้วย (ปั่น)
C10297,นักศึกษา,2022-08-07,2022-10-10,8,15,439.0,P-BAK-001,7,ขนมซอง
C10298,นักศึกษา,2022-08-01,2023-07-21,7,10,521.0,P-BAK-003,5,เค้ก
C10299,นักศึกษา,2022-08-03,2023-03-21,13,19,908.0,P-TEA-001,12,ชาเขียว (เย็น)
C10300,นักศึกษา,2022-08-15,2023-09-05,6,6,235.0,P-NDL-001,6,มาม่า
C10301,นักศึกษา,2022-08-02,2023-11-30,26,38,1747.0,P-TEA-001,18,ชาเขียว (เย็น)
C10302,นักศึกษา,2022-08-09,2023-01-03,4,6,250.0,P-COC-001,6,ช็อคโกแลต (เย็น)
C10303,นักศึกษา,2022-08-16,2023-09-07,25,51,2195.0,P-COF-007,22,อเมริกาโน่น้ำผึ้งมะนาว
C10304,นักศึกษา,2022-08-24,2023-03-04,3,5,194.0,P-SOU-001,4,น้ำเปล่า
C10305,นักศึกษา,2022-10-12,2022-12-28,4,4,160.0,P-COC-002,4,โกโก้ (เย็น)
C10306,นักศึกษา,2022-08-25,2022-12-22,3,4,195.0,P-COC-001,2,ช็อคโกแลต (เย็น)
C10307,นักศึกษา,2022-08-01,2022-08-30,4,6,259.0,P-SOU-001,5,น้ำเปล่า
C10308,นักศึกษา,2022-08-04,2023-09-21,32,58,2400.0,P-COC-001,15,ช็อคโกแลต (เย็น)
C10309,นักศึกษา,2022-08-07,2022-08-07,1,1,55.0,P-TEA-003,1,ชาเขียว (ปั่น)
C10310,นักศึกษา,2022-11-03,2023-03-18,2,2,90.0,P-COF-001,1,อเมริกาโน่ (เย็น)
C10311,นักศึกษา,2022-08-05,2023-01-07,8,15,768.0,P-COC-001,9,ช็อคโกแลต (เย็น)
C10312,นักศึกษา,2022-08-26,2023-03-14,3,6,529.0,P-BAK-003,5,เค้ก
C10313,นักศึกษา,2022-08-11,2022-10-19,5,8,340.0,P-TEA-001,7,ชาเขียว (เย็น)
C10314,นักศึกษา,2022-10-22,2023-07-14,2,3,149.0,P-COF-018,3,มอคค่า (ปั่น)
C10315,นักศึกษา,2022-08-22,2023-01-05,10,14,470.0,P-BAK-001,8,ขนมซอง
C10316,นักศึกษา,2022-08-02,2022-08-12,2,3,203.0,P-BAK-003,2,เค้ก
C10317,นักศึกษา,2022-08-02,2023-02-01,7,13,508.0,P-SOU-002,7,น้ำแข็ง
C10318,นักศึกษา,2022-10-06,2023-09-18,7,9,440.0,P-COF-002,6,ลาเต้ (เย็น)
C10319,นักศึกษา,2022-08-09,2023-01-12,10,14,480.0,P-TEA-003,8,ชาเขียว (ปั่น)
C10320,นักศึกษา,2022-09-07,2022-09-07,1,1,55.0,P-COC-003,1,ช็อคโกแลต (ปั่น)
C10321,นักศึกษา,2022-08-02,2022-11-02,7,12,513.0,P-TEA-010,8,ชาซีลอนดำ (เย็น)
C10322,นักศึกษา,2022-08-19,2022-11-17,4,7,398.0,P-BAK-003,5,เค้ก
C10323,นักศึกษา,2022-08-01,2022-10-02,5,11,435.0,P-COF-002,7,ลาเต้ (เย็น)
C10324,นักศึกษา,2022-08-03,2022-09-20,9,12,459.0,P-COF-009,10,มอคค่า (เย็น)
C10325,นักศึกษา,2022-08-03,2022-10-20,18,22,1020.0,P-COF-007,13,อเมริกาโน่น้ำผึ้งมะนาว
C10326,นักศึกษา,2022-08-06,2023-03-14,16,20,921.0,P-BAK-003,13,เค้ก
C10327,นักศึกษา,2022-08-01,2022-10-13,9,14,741.0,P-BAK-003,8,เค้ก
C10328,นักศึกษา,2022-08-06,2022-10-02,6,11,515.0,P-COC-006,8,โกโก้ (ปั่น)
C10329,นักศึกษา,2022-08-07,2023-06-30,11,17,405.0,P-NDL-001,9,มาม่า
C10330,นักศึกษา,2022-10-25,2023-08-07,2,3,150.0,P-COC-010,3,นมสด (ปั่น)
C10331,นักศึกษา,2022-08-05,2022-11-17,10,23,950.0,P-BAK-001,12,ขนมซอง
C10332,นักศึกษา,2022-08-06,2023-03-14,15,28,1258.0,P-TEA-003,13,ชาเขียว (ปั่น)
C10333,นักศึกษา,2022-08-02,2023-05-20,14,19,860.0,P-TEA-001,11,ชาเขียว (เย็น)
C10334,นักศึกษา,2022-08-19,2023-05-27,3,6,275.0,P-SOD-002,5,เลม่อนผสมน้ำผึ้ง
C10335,นักศึกษา,2023-01-11,2023-01-11,1,2,100.0,P-COC-002,2,โกโก้ (เย็น)
C10336,นักศึกษา,2022-09-15,2023-05-26,6,8,339.0,P-COF-001,8,อเมริกาโน่ (เย็น)
C10337,นักศึกษา,2022-08-09,2022-08-17,2,3,60.0,P-OTH-001,2,น้ำอัดลม
C10338,นักศึกษา,2022-08-04,2023-08-19,18,19,860.0,P-COF-010,10,อเมริกาโน่น้ำผึ้ง (เย็น)
C10339,นักศึกษา,2022-08-03,2022-12-22,8,11,450.0,P-NDL-001,8,มาม่า
C10340,นักศึกษา,2022-09-17,2023-06-17,3,6,155.0,P-BAK-009,4,ขนม
C10342,นักศึกษา,2022-08-05,2023-06-28,26,34,1620.0,P-COC-003,14,ช็อคโกแลต (ปั่น)
C10343,นักศึกษา,2022-09-05,2022-12-11,2,3,145.0,P-COC-002,3,โกโก้ (เย็น)
C10344,นักศึกษา,2023-01-12,2023-08-20,7,8,310.0,P-COF-001,4,อเมริกาโน่ (เย็น)
C10345,นักศึกษา,2022-08-02,2022-10-02,5,5,235.0,P-COC-001,5,ช็อคโกแลต (เย็น)
C10346,นักศึกษา,2022-08-10,2022-12-01,9,20,954.0,P-COC-001,14,ช็อคโกแลต (เย็น)
C10347,นักศึกษา,2023-03-21,2023-03-21,1,1,50.0,P-COF-005,1,เอสเปรสโซ่ (เย็น)
C10348,นักศึกษา,2023-05-27,2023-05-27,1,1,50.0,P-COC-001,1,ช็อคโกแลต (เย็น)
C10349,นักศึกษา,2022-08-18,2023-02-09,3,4,165.0,P-COF-001,4,อเมริกาโน่ (เย็น)
C10350,นักศึกษา,2022-08-04,2022-08-20,2,2,90.0,P-TEA-001,1,ชาเขียว (เย็น)
C10351,นักศึกษา,2022-08-01,2022-11-07,19,30,1385.0,P-TEA-012,13,ชามะนาว
C10352,นักศึกษา,2022-09-04,2022-12-15,2,5,255.0,P-COC-001,5,ช็อคโกแลต (เย็น)
C10353,นักศึกษา,2022-08-09,2023-08-16,5,6,185.0,P-NDL-007,4,ข้าวต้ม
C10354,นักศึกษา,2022-08-04,2022-12-08,7,13,604.0,P-TEA-002,10,ชาซีลอน (เย็น)
C10355,นักศึกษา,2022-08-25,2022-11-11,7,9,395.0,P-COF-001,4,อเมริกาโน่ (เย็น)
C10356,นักศึกษา,2022-08-03,2022-10-17,7,14,627.0,P-COF-001,8,อเมริกาโน่ (เย็น)
C10357,นักศึกษา,2022-09-24,2022-09-24,1,2,65.0,P-BAK-001,2,ขนมซอง
C10358,นักศึกษา,2022-08-30,2023-02-10,2,4,180.0,P-BAK-002,4,บราวนี่
C10359,นักศึกษา,2022-08-08,2023-02-13,15,22,895.0,P-TEA-003,14,ชาเขียว (ปั่น)
C10360,นักศึกษา,2022-08-09,2023-02-11,5,5,230.0,P-COF-002,3,ลาเต้ (เย็น)
C10361,นักศึกษา,2022-08-03,2023-02-21,7,9,405.0,P-COF-006,5,อเมริกาโน่ช่อมะพร้าว
C10362,นักศึกษา,2022-08-01,2022-09-01,5,6,275.0,P-TEA-001,4,ชาเขียว (เย็น)
C10363,นักศึกษา,2022-08-04,2022-11-10,9,14,595.0,P-SMT-005,6,สมูตตี้ บลูเบอรี่
C10364,นักศึกษา,2022-08-24,2023-01-30,5,5,145.0,P-COF-015,5,คาปูชิโน่ (ปั่น)
C10365,นักศึกษา,2022-08-05,2023-03-17,6,7,275.0,P-COC-004,6,นมสด (เย็น)
C10366,นักศึกษา,2022-08-11,2022-12-14,3,4,200.0,P-COF-007,3,อเมริกาโน่น้ำผึ้งมะนาว
C10367,นักศึกษา,2022-08-15,2022-11-09,3,3,237.0,P-BAK-003,1,เค้ก
C10368,นักศึกษา,2022-08-04,2023-03-18,11,16,779.0,P-TEA-001,7,ชาเขียว (เย็น)
C10369,นักศึกษา,2022-08-02,2023-04-19,10,16,828.0,P-COF-005,10,เอสเปรสโซ่ (เย็น)
C10370,นักศึกษา,2022-12-28,2023-01-26,2,2,70.0,P-TEA-001,2,ชาเขียว (เย็น)
C10371,นักศึกษา,2022-08-30,2023-07-04,3,4,170.0,P-COC-006,4,โกโก้ (ปั่น)
C10372,นักศึกษา,2022-08-11,2023-03-13,16,23,950.0,P-TEA-013,14,ชาอัญชันมะนาว
C10373,นักศึกษา,2022-08-10,2022-11-28,4,7,320.0,P-TEA-023,7,ชาสตรอเบอรี่
C10374,นักศึกษา,2022-08-19,2023-02-26,7,12,509.0,P-COC-002,8,โกโก้ (เย็น)
C10375,นักศึกษา,2022-08-01,2023-04-28,22,36,1369.0,P-NDL-001,17,มาม่า
C10376,นักศึกษา,2022-08-29,2023-02-04,4,8,370.0,P-TEA-005,8,ชาพีช (เย็น)
C10377,นักศึกษา,2022-08-16,2023-01-17,7,12,570.0,P-TEA-001,9,ชาเขียว (เย็น)
C10378,นักศึกษา,2022-08-01,2023-07-12,13,20,844.0,P-COF-001,14,อเมริกาโน่ (เย็น)
C10379,นักศึกษา,2022-10-06,2023-04-20,5,9,360.0,P-COC-004,7,นมสด (เย็น)
C10380,นักศึกษา,2022-08-01,2022-10-11,8,10,430.0,P-TEA-001,6,ชาเขียว (เย็น)
C10381,นักศึกษา,2022-08-16,2022-10-22,2,2,100.0,P-TEA-002,2,ชาซีลอน (เย็น)
C10382,นักศึกษา,2022-08-19,2022-12-01,5,6,245.0,P-TEA-001,6,ชาเขียว (เย็น)
C10383,นักศึกษา,2022-08-18,2023-06-26,18,28,1310.0,P-TEA-009,12,ชากุหลาบนมสด
C10384,นักศึกษา,2022-08-13,2023-06-23,5,6,215.0,P-BAK-002,5,บราวนี่
C10385,นักศึกษา,2022-08-26,2023-01-19,3,4,135.0,P-NDL-001,3,มาม่า
C10386,นักศึกษา,2022-08-01,2022-12-23,18,35,1642.0,P-COC-005,17,นมสดคาราเมล (เย็น)
C10387,นักศึกษา,2022-08-21,2022-10-05,2,7,235.0,P-COF-003,6,คาปูชิโน่ (เย็น)
C10388,นักศึกษา,2022-08-02,2023-07-08,12,14,775.0,P-BAK-003,9,เค้ก
C10389,นักศึกษา,2022-08-03,2022-10-08,9,19,594.0,P-COC-004,8,นมสด (เย็น)
C10390,นักศึกษา,2022-08-07,2023-03-08,13,16,555.0,P-COF-001,10,อเมริกาโน่ (เย็น)
C10391,นักศึกษา,2022-08-01,2023-01-18,25,40,1185.0,P-NDL-001,15,มาม่า
C10392,นักศึกษา,2022-08-16,2022-12-11,5,7,338.0,P-TEA-001,4,ชาเขียว (เย็น)
C10393,นักศึกษา,2022-08-01,2022-12-21,13,18,670.0,P-COC-004,8,นมสด (เย็น)
C10394,นักศึกษา,2022-08-04,2023-10-03,21,39,1671.0,P-COC-003,15,ช็อคโกแลต (ปั่น)
C10395,นักศึกษา,2022-08-14,2023-01-05,4,6,254.0,P-COF-001,4,อเมริกาโน่ (เย็น)
C10396,นักศึกษา,2022-08-03,2022-11-18,5,7,274.0,P-NDL-001,4,มาม่า
C10397,นักศึกษา,2022-08-03,2022-08-25,2,3,115.0,P-COF-010,3,อเมริกาโน่น้ำผึ้ง (เย็น)
C10398,นักศึกษา,2022-08-05,2022-11-25,4,4,215.0,P-COF-021,3,เอสเปรสโซ่ (ปั่น)
C10399,นักศึกษา,2022-08-11,2023-01-04,6,12,295.0,P-NDL-001,6,มาม่า
C10400,นักศึกษา,2022-08-11,2023-08-21,17,25,960.0,P-TEA-001,14,ชาเขียว (เย็น)
C10401,นักศึกษา,2022-08-09,2023-02-10,11,16,729.0,P-COF-002,10,ลาเต้ (เย็น)
C10402,นักศึกษา,2022-08-18,2023-09-13,9,12,477.0,P-SOU-001,6,น้ำเปล่า
C10403,นักศึกษา,2022-08-02,2022-11-17,5,8,375.0,P-COF-001,5,อเมริกาโน่ (เย็น)
C10404,นักศึกษา,2022-08-04,2022-08-04,1,1,50.0,P-COC-001,1,ช็อคโกแลต (เย็น)
C10405,นักศึกษา,2022-10-10,2022-10-10,1,2,110.0,P-COC-003,1,ช็อคโกแลต (ปั่น)
C10406,นักศึกษา,2022-10-17,2022-11-09,5,6,215.0,P-BAK-001,6,ขนมซอง
C10407,นักศึกษา,2022-08-04,2023-06-24,7,9,325.0,P-COC-004,7,นมสด (เย็น)
C10408,นักศึกษา,2022-08-06,2023-03-14,6,8,354.0,P-NDL-001,7,มาม่า
C10409,นักศึกษา,2022-08-07,2023-02-10,14,18,825.0,P-COF-005,12,เอสเปรสโซ่ (เย็น)
C10410,นักศึกษา,2022-08-14,2023-01-17,2,3,170.0,P-COC-011,2,โกโก้ (ร้อน)
C10411,นักศึกษา,2022-08-05,2022-08-19,2,2,90.0,P-COC-009,2,นมชมพู(นมเย็น)
C10412,นักศึกษา,2022-08-08,2023-04-30,27,42,1386.0,P-COF-013,14,เอสเปรสโซ่ (ร้อน)
C10413,นักศึกษา,2022-08-01,2022-10-03,11,16,465.0,P-BAK-001,6,ขนมซอง
C10414,นักศึกษา,2022-09-01,2023-02-28,5,9,435.0,P-TEA-001,7,ชาเขียว (เย็น)
C10415,นักศึกษา,2022-08-01,2022-12-11,4,6,249.0,P-COC-005,6,นมสดคาราเมล (เย็น)
C10416,นักศึกษา,2022-08-04,2023-03-17,6,17,624.0,P-SOU-002,6,น้ำแข็ง
C10417,นักศึกษา,2022-08-01,2023-05-28,10,15,660.0,P-COC-003,8,ช็อคโกแลต (ปั่น)
C10418,นักศึกษา,2022-09-26,2023-03-10,3,3,145.0,P-COF-008,3,อเมริกาโน่ (ร้อน)
C10419,นักศึกษา,2022-08-01,2023-07-22,77,132,4756.0,P-BAK-009,31,ขนม
C10420,นักศึกษา,2022-08-04,2023-02-15,12,15,640.0,P-TEA-005,9,ชาพีช (เย็น)
C10421,นักศึกษา,2022-11-10,2023-03-31,8,12,475.0,P-TEA-001,10,ชาเขียว (เย็น)
C10422,นักศึกษา,2022-10-23,2022-11-14,2,2,95.0,P-COF-003,2,คาปูชิโน่ (เย็น)
C10423,นักศึกษา,2022-08-06,2022-10-30,7,9,440.0,P-COF-001,7,อเมริกาโน่ (เย็น)
C10424,นักศึกษา,2022-08-03,2023-03-07,6,8,385.0,P-TEA-001,7,ชาเขียว (เย็น)
C10425,นักศึกษา,2022-08-03,2022-09-09,5,8,315.0,P-COF-003,5,คาปูชิโน่ (เย็น)
C10426,นักศึกษา,2022-08-07,2022-09-02,2,2,90.0,P-SOD-007,2,บลูเบอรี่
C10427,นักศึกษา,2022-08-05,2023-05-21,10,12,469.0,P-COF-001,8,อเมริกาโน่ (เย็น)
C10428,นักศึกษา,2022-08-04,2022-10-24,5,10,393.0,P-BAK-001,6,ขนมซอง
C10429,นักศึกษา,2022-08-13,2022-10-17,6,10,455.0,P-COC-004,8,นมสด (เย็น)
C10430,นักศึกษา,2022-08-04,2022-09-26,12,17,665.0,P-COC-005,6,นมสดคาราเมล (เย็น)
C10431,นักศึกษา,2023-03-21,2023-05-21,3,3,130.0,P-FOD-001,3,แซนวิชโบราณ
C10432,นักศึกษา,2022-08-02,2022-09-30,6,10,319.0,P-NDL-004,7,โจ๊ก
C10433,นักศึกษา,2022-08-11,2022-10-01,4,9,405.0,P-COF-002,4,ลาเต้ (เย็น)
C10434,นักศึกษา,2022-09-08,2023-09-02,6,7,275.0,P-TEA-006,6,ชาน้ำผึ้งมะนาว (เย็น)
C10435,นักศึกษา,2022-08-24,2022-10-10,2,9,435.0,P-COC-002,5,โกโก้ (เย็น)
C10436,นักศึกษา,2022-09-08,2023-01-12,2,4,85.0,P-SNK-002,3,ป็อกกี้
C10437,นักศึกษา,2022-08-16,2022-11-08,4,5,225.0,P-TEA-001,3,ชาเขียว (เย็น)
C10438,นักศึกษา,2023-02-13,2023-06-06,2,2,105.0,P-COC-002,2,โกโก้ (เย็น)
C10439,นักศึกษา,2022-08-03,2023-03-16,16,24,824.0,P-OTH-001,13,น้ำอัดลม
C10440,นักศึกษา,2022-08-20,2023-03-09,7,14,630.0,P-COC-001,6,ช็อคโกแลต (เย็น)
C10441,นักศึกษา,2022-08-02,2022-10-12,17,26,1185.0,P-TEA-003,11,ชาเขียว (ปั่น)
C10442,นักศึกษา,2022-08-02,2023-03-17,8,11,460.0,P-COC-007,7,นมสดคาราเมล (ปั่น)
C10443,นักศึกษา,2022-08-01,2023-01-10,24,42,1495.0,P-COF-002,15,ลาเต้ (เย็น)
C10445,นักศึกษา,2022-08-01,2022-10-29,14,25,936.0,P-SNK-002,8,ป็อกกี้
C10446,นักศึกษา,2022-08-03,2022-11-18,6,9,340.0,P-COF-002,6,ลาเต้ (เย็น)
C10447,นักศึกษา,2022-08-01,2023-02-21,5,5,225.0,P-COF-002,3,ลาเต้ (เย็น)
C10448,นักศึกษา,2022-09-13,2023-01-15,4,5,245.0,P-COF-007,5,อเมริกาโน่น้ำผึ้งมะนาว
C10449,นักศึกษา,2022-08-04,2023-01-30,5,5,215.0,P-TEA-001,5,ชาเขียว (เย็น)
C10450,นักศึกษา,2022-08-22,2023-01-11,2,2,95.0,P-COC-001,2,ช็อคโกแลต (เย็น)
C10451,นักศึกษา,2022-08-06,2023-01-21,8,12,623.0,P-COC-005,7,นมสดคาราเมล (เย็น)
C10452,นักศึกษา,2022-08-02,2022-11-13,19,22,975.0,P-TEA-001,15,ชาเขียว (เย็น)
C10453,นักศึกษา,2022-08-01,2023-07-10,49,67,2978.0,P-COF-001,23,อเมริกาโน่ (เย็น)
C10454,นักศึกษา,2022-08-08,2023-01-17,10,12,510.0,P-COF-003,9,คาปูชิโน่ (เย็น)
C10455,นักศึกษา,2022-08-06,2023-01-10,24,33,1545.0,P-TEA-003,12,ชาเขียว (ปั่น)
C10456,นักศึกษา,2022-08-01,2023-01-16,13,27,1150.0,P-COF-002,14,ลาเต้ (เย็น)
C10457,นักศึกษา,2022-08-03,2023-03-20,14,19,820.0,P-COC-004,9,นมสด (เย็น)
C10458,นักศึกษา,2022-08-08,2023-03-07,23,26,905.0,P-NDL-003,12,ไวไว
C10459,นักศึกษา,2022-08-10,2023-03-04,4,4,160.0,P-COC-004,4,นมสด (เย็น)
C10460,นักศึกษา,2022-08-01,2023-01-16,41,65,2663.0,P-COF-007,22,อเมริกาโน่น้ำผึ้งมะนาว
C10461,นักศึกษา,2022-08-30,2022-12-11,4,6,295.0,P-COC-001,4,ช็อคโกแลต (เย็น)
C10462,นักศึกษา,2022-08-13,2023-01-21,12,20,860.0,P-COF-002,11,ลาเต้ (เย็น)
C10463,นักศึกษา,2022-08-14,2023-03-25,2,2,90.0,P-COF-003,1,คาปูชิโน่ (เย็น)
C10464,นักศึกษา,2023-01-31,2023-01-31,1,2,95.0,P-COF-011,2,คาราเมลมัคคีอาโต้
C10465,นักศึกษา,2022-08-08,2022-10-27,4,5,250.0,P-COF-004,5,อเมริกาโน่ส้ม
C10466,นักศึกษา,2022-10-09,2022-10-09,1,1,45.0,P-COF-002,1,ลาเต้ (เย็น)
C10467,นักศึกษา,2022-08-10,2022-11-29,7,8,300.0,P-TEA-010,6,ชาซีลอนดำ (เย็น)
C10468,นักศึกษา,2022-08-01,2022-11-16,10,20,920.0,P-COF-005,11,เอสเปรสโซ่ (เย็น)
C10469,นักศึกษา,2022-08-02,2023-03-17,21,25,1205.0,P-COC-002,10,โกโก้ (เย็น)
C10470,นักศึกษา,2022-08-06,2023-06-04,18,29,1017.0,P-SOU-001,15,น้ำเปล่า
C10471,นักศึกษา,2022-08-02,2022-10-28,13,21,642.0,P-BAK-001,12,ขนมซอง
C10472,นักศึกษา,2023-02-25,2023-10-10,3,4,170.0,P-COC-006,4,โกโก้ (ปั่น)
C10473,นักศึกษา,2022-08-17,2023-05-26,2,3,140.0,P-TEA-002,2,ชาซีลอน (เย็น)
C10474,นักศึกษา,2022-08-08,2023-03-14,3,5,150.0,P-BAK-001,3,ขนมซอง
C10475,นักศึกษา,2022-11-16,2023-02-23,2,4,145.0,P-NDL-006,4,นิสชินคัพไก่เผ็ดเกาหลี
C10476,นักศึกษา,2023-02-20,2023-08-30,4,9,370.0,P-COF-001,6,อเมริกาโน่ (เย็น)
C10477,นักศึกษา,2022-10-08,2023-01-27,5,9,270.0,P-COF-012,8,คาปูชิโน่ (ร้อน)
C10478,นักศึกษา,2022-08-05,2023-03-19,5,8,359.0,P-NDL-001,6,มาม่า
C10479,นักศึกษา,2022-08-10,2023-03-02,5,6,279.0,P-BAK-028,6,มินิเค้กชาไทย
C10480,นักศึกษา,2022-08-01,2023-03-02,12,14,585.0,P-TEA-004,9,ชามัทฉะ (เย็น)
C10481,นักศึกษา,2022-08-01,2023-02-04,20,30,1500.0,P-TEA-001,13,ชาเขียว (เย็น)
C10482,นักศึกษา,2022-08-08,2023-07-07,13,19,610.0,P-NDL-001,10,มาม่า
C10483,นักศึกษา,2022-08-06,2022-12-06,7,9,435.0,P-COF-001,6,อเมริกาโน่ (เย็น)
C10484,นักศึกษา,2022-08-03,2022-08-31,5,5,200.0,P-TEA-001,4,ชาเขียว (เย็น)
C10485,นักศึกษา,2022-08-02,2023-03-27,9,12,529.0,P-TEA-001,8,ชาเขียว (เย็น)
C10486,นักศึกษา,2022-08-02,2022-12-24,26,52,2048.0,P-NDL-001,19,มาม่า
C10487,นักศึกษา,2022-08-08,2023-02-17,6,11,470.0,P-COF-001,6,อเมริกาโน่ (เย็น)
C10488,นักศึกษา,2022-08-09,2022-11-14,10,10,415.0,P-NDL-001,8,มาม่า
C10489,นักศึกษา,2022-08-06,2023-07-17,24,35,1439.0,P-COC-004,18,นมสด (เย็น)
C10490,นักศึกษา,2022-08-22,2022-08-22,1,1,45.0,P-SOD-004,1,พีช
C10491,นักศึกษา,2022-10-06,2023-07-24,4,8,274.0,P-COF-016,8,อเมริกาโน่น้ำผึ้ง
C10492,นักศึกษา,2022-08-05,2023-08-27,41,51,1961.0,P-NDL-001,18,มาม่า
C10493,นักศึกษา,2022-08-02,2022-08-31,3,3,165.0,P-TEA-003,1,ชาเขียว (ปั่น)
C10494,นักศึกษา,2022-08-02,2023-07-06,12,17,715.0,P-COC-003,12,ช็อคโกแลต (ปั่น)
C10495,นักศึกษา,2022-09-22,2023-08-28,11,13,515.0,P-COC-008,9,โกโก้มิ้นท์
C10496,นักศึกษา,2022-11-16,2023-01-05,3,4,165.0,P-COF-001,4,อเมริกาโน่ (เย็น)
C10497,นักศึกษา,2022-08-26,2022-12-14,5,12,1415.0,P-COF-004,8,อเมริกาโน่ส้ม
C10498,นักศึกษา,2022-08-09,2022-09-28,9,18,605.0,P-NDL-001,10,มาม่า
C10499,นักศึกษา,2022-08-09,2023-04-18,14,20,980.0,P-COC-003,11,ช็อคโกแลต (ปั่น)
C10500,นักศึกษา,2022-09-16,2022-10-02,2,2,85.0,P-COF-002,2,ลาเต้ (เย็น)
C10501,นักศึกษา,2022-08-13,2023-01-29,3,3,130.0,P-COF-003,3,คาปูชิโน่ (เย็น)
C10502,นักศึกษา,2022-08-11,2023-01-16,5,6,294.0,P-BAK-003,6,เค้ก
C10503,นักศึกษา,2022-08-06,2023-07-04,12,14,764.0,P-TEA-003,7,ชาเขียว (ปั่น)
C10504,นักศึกษา,2022-08-15,2022-11-04,5,9,415.0,P-TEA-006,4,ชาน้ำผึ้งมะนาว (เย็น)
C10505,นักศึกษา,2023-01-15,2023-01-15,1,2,65.0,P-COC-004,2,นมสด (เย็น)
C10506,นักศึกษา,2022-09-29,2023-01-10,2,2,70.0,P-COC-005,2,นมสดคาราเมล (เย็น)
C10507,นักศึกษา,2022-08-04,2023-01-16,13,18,710.0,P-TEA-001,9,ชาเขียว (เย็น)
C10508,นักศึกษา,2022-08-01,2023-02-19,61,115,4763.0,P-COF-001,29,อเมริกาโน่ (เย็น)
C10509,นักศึกษา,2022-08-08,2023-02-01,8,13,645.0,P-TEA-018,9,ชาซีลอน (ปั่น)
C10510,นักศึกษา,2022-08-02,2023-07-05,12,16,600.0,P-COC-002,11,โกโก้ (เย็น)
C10511,นักศึกษา,2022-08-03,2023-01-28,17,24,1025.0,P-NDL-001,12,มาม่า
C10512,นักศึกษา,2022-08-22,2023-01-18,4,9,290.0,P-NDL-001,7,มาม่า
C10513,นักศึกษา,2022-11-15,2023-01-28,3,4,155.0,P-TEA-001,3,ชาเขียว (เย็น)
C10514,นักศึกษา,2022-10-03,2023-09-28,3,5,160.0,P-TEA-001,4,ชาเขียว (เย็น)
C10515,นักศึกษา,2022-09-26,2023-02-22,3,3,110.0,P-TEA-005,2,ชาพีช (เย็น)
C10516,นักศึกษา,2022-09-13,2023-09-26,5,7,240.0,P-SFT-002,6,สิงห์เลม่อนโซดา
C10517,นักศึกษา,2022-08-23,2022-08-23,1,5,189.0,P-OTH-001,5,น้ำอัดลม
C10518,นักศึกษา,2022-08-01,2023-08-23,18,23,1075.0,P-COC-012,14,ช็อคโกแลต (ร้อน)
C10519,นักศึกษา,2022-09-05,2023-03-07,8,12,394.0,P-SOU-001,6,น้ำเปล่า
C10520,นักศึกษา,2022-08-11,2022-12-14,4,4,180.0,P-TEA-001,3,ชาเขียว (เย็น)
C10521,นักศึกษา,2022-09-22,2023-03-29,4,8,350.0,P-TEA-003,8,ชาเขียว (ปั่น)
C10522,นักศึกษา,2022-08-08,2023-02-20,2,4,178.0,P-BAK-010,4,ขนมปังกรอบ
C10523,นักศึกษา,2022-08-01,2023-03-13,35,51,1786.0,P-NDL-001,17,มาม่า
C10524,นักศึกษา,2023-08-07,2023-08-10,2,3,150.0,P-COC-001,2,ช็อคโกแลต (เย็น)
C10525,นักศึกษา,2022-08-10,2023-01-10,12,24,896.0,P-COC-001,11,ช็อคโกแลต (เย็น)
C10526,นักศึกษา,2022-08-05,2022-12-21,6,9,410.0,P-TEA-001,6,ชาเขียว (เย็น)
C10527,นักศึกษา,2022-09-13,2023-02-08,4,4,170.0,P-COF-003,4,คาปูชิโน่ (เย็น)
C10528,นักศึกษา,2022-08-19,2022-11-15,6,7,325.0,P-COF-003,5,คาปูชิโน่ (เย็น)
C10529,นักศึกษา,2022-08-04,2023-08-25,17,25,1133.0,P-TEA-002,13,ชาซีลอน (เย็น)
C10530,นักศึกษา,2022-08-05,2022-11-24,5,10,414.0,P-COC-001,8,ช็อคโกแลต (เย็น)
C10531,นักศึกษา,2023-01-21,2023-09-25,5,12,380.0,P-SFT-001,6,โค้ก ออริจินอล
C10532,นักศึกษา,2022-08-18,2023-06-12,4,4,184.0,P-COF-001,4,อเมริกาโน่ (เย็น)
C10533,นักศึกษา,2022-08-03,2023-02-09,11,16,585.0,P-COF-005,8,เอสเปรสโซ่ (เย็น)
C10534,นักศึกษา,2022-08-05,2023-03-27,5,16,690.0,P-COC-002,8,โกโก้ (เย็น)
C10535,นักศึกษา,2022-08-07,2023-02-07,13,24,1050.0,P-COC-005,16,นมสดคาราเมล (เย็น)
C10536,นักศึกษา,2022-08-05,2023-03-31,9,10,470.0,P-TEA-001,7,ชาเขียว (เย็น)
C10537,นักศึกษา,2022-08-17,2023-09-08,22,27,1100.0,P-TEA-001,14,ชาเขียว (เย็น)
C10538,นักศึกษา,2022-08-02,2023-08-26,43,84,3785.0,P-COC-003,23,ช็อคโกแลต (ปั่น)
C10539,นักศึกษา,2022-08-03,2022-08-23,5,10,185.0,P-OTH-001,4,น้ำอัดลม
C10540,นักศึกษา,2022-09-07,2022-10-06,2,4,239.0,P-COC-003,3,ช็อคโกแลต (ปั่น)
C10541,นักศึกษา,2022-08-02,2022-10-26,10,17,610.0,P-COF-002,9,ลาเต้ (เย็น)
C10542,นักศึกษา,2022-08-15,2022-12-01,6,6,200.0,P-BAK-001,5,ขนมซอง
C10543,นักศึกษา,2022-08-18,2023-03-03,4,4,180.0,P-TEA-003,3,ชาเขียว (ปั่น)
C10544,นักศึกษา,2022-08-01,2022-12-07,8,13,687.0,P-TEA-001,4,ชาเขียว (เย็น)
C10545,นักศึกษา,2022-08-17,2022-10-16,4,4,165.0,P-COF-014,2,ลาเต้ (ร้อน)
C10546,นักศึกษา,2022-08-01,2022-10-24,11,22,1079.0,P-COC-001,13,ช็อคโกแลต (เย็น)
C10547,นักศึกษา,2022-08-27,2023-09-24,12,17,775.0,P-TEA-003,11,ชาเขียว (ปั่น)
C10548,นักศึกษา,2022-08-01,2022-11-02,16,25,1094.0,P-TEA-001,12,ชาเขียว (เย็น)
C10549,นักศึกษา,2022-08-02,2023-02-19,6,8,275.0,P-NDL-004,7,โจ๊ก
C10550,นักศึกษา,2022-08-02,2022-12-26,9,15,680.0,P-COC-003,6,ช็อคโกแลต (ปั่น)
C10551,นักศึกษา,2022-08-01,2023-03-12,14,24,1003.0,P-SOU-001,11,น้ำเปล่า
C10552,นักศึกษา,2022-08-08,2022-09-06,3,3,115.0,P-COF-006,3,อเมริกาโน่ช่อมะพร้าว
C10554,นักศึกษา,2022-11-10,2022-11-10,1,3,150.0,P-COC-002,3,โกโก้ (เย็น)
C10555,นักศึกษา,2022-09-01,2023-06-10,3,4,95.0,P-SOU-006,3,คอร์นเฟรก
C10556,นักศึกษา,2022-08-08,2023-05-26,8,12,605.0,P-COC-001,7,ช็อคโกแลต (เย็น)
C10557,นักศึกษา,2022-08-01,2022-12-25,12,17,827.0,P-BAK-003,10,เค้ก
C10558,นักศึกษา,2022-08-20,2022-12-06,4,5,200.0,P-BAK-001,5,ขนมซอง
C10559,นักศึกษา,2022-08-01,2023-02-04,14,18,770.0,P-COF-015,10,คาปูชิโน่ (ปั่น)
C10560,นักศึกษา,2022-08-04,2022-12-17,3,6,240.0,P-COF-005,3,เอสเปรสโซ่ (เย็น)
C10561,นักศึกษา,2022-10-05,2023-02-28,4,6,314.0,P-BAK-012,4,มินิเค้กช็อกโกแลต
C10562,นักศึกษา,2023-03-29,2023-10-04,3,6,205.0,P-NDL-003,5,ไวไว
C10563,นักศึกษา,2022-08-15,2023-01-31,3,4,150.0,P-BAK-036,4,ขนมของฝาก
C10564,นักศึกษา,2022-08-01,2023-05-28,24,38,1463.0,P-SNK-002,20,ป็อกกี้
C10565,นักศึกษา,2022-08-08,2023-03-10,4,6,250.0,P-COF-003,3,คาปูชิโน่ (เย็น)
C10566,นักศึกษา,2022-08-19,2023-03-09,6,8,360.0,P-SOD-008,6,มะนาวโซดา
C10567,นักศึกษา,2022-08-11,2023-01-09,7,10,304.0,P-NDL-001,6,มาม่า
C10568,นักศึกษา,2022-08-18,2022-09-17,3,6,270.0,P-TEA-001,3,ชาเขียว (เย็น)
C10569,นักศึกษา,2022-08-04,2022-10-26,15,18,885.0,P-TEA-009,10,ชากุหลาบนมสด
C10570,นักศึกษา,2022-08-17,2022-09-19,5,9,343.0,P-BAK-031,7,กล้วยอบน้ำผึ้ง
C10571,นักศึกษา,2022-08-21,2023-03-12,5,8,408.0,P-BAK-006,6,บานอฟฟี่
C10572,นักศึกษา,2022-08-01,2023-08-18,16,28,1326.0,P-TEA-001,10,ชาเขียว (เย็น)
C10573,นักศึกษา,2022-08-08,2023-01-31,4,7,305.0,P-COF-007,5,อเมริกาโน่น้ำผึ้งมะนาว
C10574,นักศึกษา,2022-08-05,2023-04-29,8,13,629.0,P-TEA-004,10,ชามัทฉะ (เย็น)
C10575,นักศึกษา,2022-08-02,2023-02-22,10,17,905.0,P-COC-007,10,นมสดคาราเมล (ปั่น)
C10576,นักศึกษา,2022-08-05,2022-08-11,2,5,265.0,P-COC-003,4,ช็อคโกแลต (ปั่น)
C10577,นักศึกษา,2022-08-04,2023-07-12,10,14,529.0,P-BAK-001,7,ขนมซอง
C10578,นักศึกษา,2022-10-06,2022-10-06,1,1,50.0,P-COC-005,1,นมสดคาราเมล (เย็น)
C10579,นักศึกษา,2022-08-02,2022-12-28,9,10,470.0,P-TEA-001,6,ชาเขียว (เย็น)
C10580,นักศึกษา,2022-08-02,2022-08-08,2,3,110.0,P-COF-011,3,คาราเมลมัคคีอาโต้
C10581,นักศึกษา,2022-11-03,2023-10-27,3,4,180.0,P-COC-003,4,ช็อคโกแลต (ปั่น)
C10582,นักศึกษา,2022-08-02,2023-02-15,4,5,225.0,P-COC-002,5,โกโก้ (เย็น)
C10583,นักศึกษา,2022-09-27,2022-10-04,2,2,95.0,P-COC-001,2,ช็อคโกแลต (เย็น)
C10584,นักศึกษา,2022-08-12,2023-08-03,13,14,650.0,P-SOD-001,7,สตรอเบอรี่
C10585,นักศึกษา,2022-08-03,2023-07-21,32,45,1654.0,P-BAK-003,19,เค้ก
C10586,นักศึกษา,2022-09-02,2023-08-21,7,18,772.5,P-COF-003,14,คาปูชิโน่ (เย็น)
C10588,นักศึกษา,2022-09-12,2023-06-08,9,14,620.0,P-SOD-002,10,เลม่อนผสมน้ำผึ้ง
C10589,นักศึกษา,2022-08-05,2023-02-21,8,14,630.0,P-COF-003,10,คาปูชิโน่ (เย็น)
C10590,นักศึกษา,2022-08-12,2023-01-07,12,25,605.0,P-SOU-001,10,น้ำเปล่า
C10591,นักศึกษา,2022-10-21,2022-12-08,4,7,310.0,P-NDL-008,6,คนอร์คัพโจ๊ก ไก่
C10592,นักศึกษา,2022-08-25,2023-02-11,5,7,320.0,P-TEA-001,3,ชาเขียว (เย็น)
C10593,นักศึกษา,2022-08-25,2022-08-28,2,2,70.0,P-BAK-001,2,ขนมซอง
C10594,นักศึกษา,2022-09-03,2023-03-18,4,7,333.0,P-BAK-048,6,ขนมไทย
C10595,นักศึกษา,2022-08-01,2022-11-01,32,49,2160.0,P-COC-004,19,นมสด (เย็น)
C10596,นักศึกษา,2022-08-10,2023-01-03,11,14,495.0,P-SOU-001,8,น้ำเปล่า
C10597,นักศึกษา,2022-08-02,2023-01-09,6,8,383.0,P-TEA-001,5,ชาเขียว (เย็น)
C10598,นักศึกษา,2022-08-09,2023-03-31,10,19,575.0,P-NDL-001,11,มาม่า
C10599,นักศึกษา,2022-08-02,2022-10-18,16,23,937.0,P-COF-008,13,อเมริกาโน่ (ร้อน)
C10600,นักศึกษา,2022-08-08,2022-12-29,10,15,565.0,P-NDL-001,8,มาม่า
C10601,นักศึกษา,2022-08-05,2023-02-15,15,30,1335.0,P-TEA-004,16,ชามัทฉะ (เย็น)
C10602,นักศึกษา,2022-08-04,2022-12-15,5,6,184.0,P-NDL-001,5,มาม่า
C10603,นักศึกษา,2022-08-27,2023-02-01,8,12,637.0,P-COC-011,10,โกโก้ (ร้อน)
C10604,นักศึกษา,2022-08-08,2022-10-07,2,2,110.0,P-TEA-003,1,ชาเขียว (ปั่น)
C10605,นักศึกษา,2022-10-10,2022-10-29,2,2,100.0,P-COF-004,2,อเมริกาโน่ส้ม
C10606,นักศึกษา,2022-10-30,2023-07-07,4,5,155.0,P-COF-001,3,อเมริกาโน่ (เย็น)
C10607,นักศึกษา,2022-08-01,2022-10-21,37,66,3106.0,P-COF-003,17,คาปูชิโน่ (เย็น)
C10608,นักศึกษา,2022-08-02,2023-02-14,32,48,1829.0,P-COF-001,16,อเมริกาโน่ (เย็น)
C10609,นักศึกษา,2022-11-05,2023-03-17,6,8,355.0,P-COF-002,5,ลาเต้ (เย็น)
C10610,นักศึกษา,2022-08-24,2023-05-06,17,35,1494.0,P-COF-002,17,ลาเต้ (เย็น)
C10611,นักศึกษา,2022-08-01,2023-02-13,11,16,755.0,P-COF-005,11,เอสเปรสโซ่ (เย็น)
C10612,นักศึกษา,2022-09-02,2023-01-06,3,3,135.0,P-TEA-001,1,ชาเขียว (เย็น)
C10613,นักศึกษา,2022-08-11,2022-12-24,5,6,210.0,P-SOU-001,5,น้ำเปล่า
C10614,นักศึกษา,2022-10-21,2023-01-04,2,2,95.0,P-COF-001,2,อเมริกาโน่ (เย็น)
C10615,นักศึกษา,2022-08-01,2022-12-26,34,51,2489.0,P-COC-002,17,โกโก้ (เย็น)
C10616,นักศึกษา,2022-08-18,2022-12-09,3,5,264.0,P-COF-002,4,ลาเต้ (เย็น)
C10617,นักศึกษา,2022-08-03,2022-11-15,34,57,2126.0,P-BAK-001,16,ขนมซอง
C10618,นักศึกษา,2022-09-04,2023-03-08,4,5,220.0,P-COF-001,4,อเมริกาโน่ (เย็น)
C10619,นักศึกษา,2022-08-02,2023-01-07,7,7,285.0,P-COF-001,5,อเมริกาโน่ (เย็น)
C10620,นักศึกษา,2022-08-03,2023-08-25,19,31,1295.0,P-COF-001,19,อเมริกาโน่ (เย็น)
C10621,นักศึกษา,2022-08-04,2023-04-28,7,12,524.0,P-SOU-003,12,น้ำช่อดอกมะพร้าว
C10622,นักศึกษา,2022-09-24,2023-09-08,5,9,354.0,P-NDL-001,7,มาม่า
C10623,นักศึกษา,2022-08-06,2023-01-13,5,7,315.0,P-COF-009,5,มอคค่า (เย็น)
C10624,นักศึกษา,2022-08-03,2023-08-09,4,7,335.0,P-COF-005,5,เอสเปรสโซ่ (เย็น)
C10625,นักศึกษา,2022-08-04,2022-11-01,11,16,655.0,P-NDL-001,9,มาม่า
C10626,นักศึกษา,2022-08-05,2022-09-21,6,7,354.0,P-COF-002,5,ลาเต้ (เย็น)
C10627,นักศึกษา,2022-08-02,2023-05-09,10,12,399.0,P-SOU-001,7,น้ำเปล่า
C10628,นักศึกษา,2022-08-14,2023-01-18,5,8,365.0,P-SOD-001,5,สตรอเบอรี่
C10629,นักศึกษา,2023-06-27,2023-09-12,5,6,190.0,P-COF-002,5,ลาเต้ (เย็น)
C10630,นักศึกษา,2022-08-15,2023-02-03,7,16,625.0,P-COC-001,7,ช็อคโกแลต (เย็น)
C10631,นักศึกษา,2022-08-30,2022-12-23,3,4,170.0,P-BAK-001,4,ขนมซอง
C10632,นักศึกษา,2022-12-07,2023-09-19,5,6,165.0,P-NDL-001,5,มาม่า
C10633,นักศึกษา,2022-08-01,2022-11-18,40,79,3584.0,P-SOU-003,22,น้ำช่อดอกมะพร้าว
C10634,นักศึกษา,2022-08-19,2023-07-25,6,12,540.0,P-COF-009,7,มอคค่า (เย็น)
C10635,นักศึกษา,2022-10-14,2022-10-14,1,1,20.0,P-BAK-001,1,ขนมซอง
C10636,นักศึกษา,2022-09-01,2023-07-22,6,12,340.0,P-SOU-002,9,น้ำแข็ง
C10637,นักศึกษา,2022-08-17,2022-12-05,9,22,1009.0,P-BAK-001,11,ขนมซอง
C10638,นักศึกษา,2022-10-27,2023-09-04,8,17,585.0,P-COC-001,8,ช็อคโกแลต (เย็น)
C10639,นักศึกษา,2022-08-10,2022-12-27,10,17,840.0,P-COF-002,9,ลาเต้ (เย็น)
C10640,นักศึกษา,2022-08-01,2022-12-17,12,28,1457.0,P-COC-001,10,ช็อคโกแลต (เย็น)
C10641,นักศึกษา,2022-08-11,2023-07-13,17,28,1280.0,P-TEA-002,12,ชาซีลอน (เย็น)
C10642,นักศึกษา,2022-08-03,2022-11-08,27,46,2190.0,P-TEA-001,20,ชาเขียว (เย็น)
C10643,นักศึกษา,2022-08-10,2023-01-12,7,11,525.0,P-TEA-001,7,ชาเขียว (เย็น)
C10644,นักศึกษา,2022-08-05,2022-10-19,12,14,410.0,P-BAK-001,7,ขนมซอง
C10645,นักศึกษา,2022-11-07,2023-06-19,5,12,415.0,P-SOU-001,6,น้ำเปล่า
C10646,นักศึกษา,2022-08-03,2022-08-31,5,7,422.0,P-BAK-003,5,เค้ก
C10647,นักศึกษา,2022-08-09,2023-03-07,9,16,405.0,P-COF-002,7,ลาเต้ (เย็น)
C10648,นักศึกษา,2022-08-10,2022-12-26,5,11,330.0,P-NDL-001,4,มาม่า
C10649,นักศึกษา,2022-09-13,2023-06-11,5,5,240.0,P-COF-001,4,อเมริกาโน่ (เย็น)
C10650,นักศึกษา,2022-08-29,2023-05-09,6,9,325.0,P-BAK-001,6,ขนมซอง
C10651,นักศึกษา,2022-08-01,2022-11-08,26,34,1260.0,P-TEA-010,16,ชาซีลอนดำ (เย็น)
C10652,นักศึกษา,2022-08-15,2023-07-03,5,7,260.0,P-FOD-003,6,ขนมจีบกุ้ง
C10653,นักศึกษา,2022-08-02,2023-03-28,14,17,803.0,P-COF-005,11,เอสเปรสโซ่ (เย็น)
C10654,นักศึกษา,2022-08-05,2023-04-03,13,15,585.0,P-TEA-002,11,ชาซีลอน (เย็น)
C10655,นักศึกษา,2022-08-05,2023-01-10,16,20,955.0,P-TEA-002,13,ชาซีลอน (เย็น)
C10656,นักศึกษา,2022-08-03,2023-07-07,6,9,324.0,P-COC-002,8,โกโก้ (เย็น)
C10658,นักศึกษา,2022-08-14,2023-02-01,6,7,300.0,P-COC-003,7,ช็อคโกแลต (ปั่น)
C10659,นักศึกษา,2022-08-06,2023-07-05,17,30,1420.0,P-COC-005,14,นมสดคาราเมล (เย็น)
C10660,นักศึกษา,2022-08-22,2023-10-12,9,15,634.0,P-NDL-001,11,มาม่า
C10661,นักศึกษา,2022-08-01,2022-11-30,8,12,505.0,P-COF-009,7,มอคค่า (เย็น)
C10662,นักศึกษา,2022-08-11,2023-07-08,16,48,1399.0,P-SOU-004,18,กรือโป๊ะนรา
C10663,นักศึกษา,2022-08-01,2022-08-24,4,5,165.0,P-BAK-001,4,ขนมซอง
C10664,นักศึกษา,2022-08-06,2022-09-15,3,7,315.0,P-TEA-012,6,ชามะนาว
C10665,นักศึกษา,2022-10-18,2022-10-18,1,1,45.0,P-TEA-001,1,ชาเขียว (เย็น)
C10666,นักศึกษา,2022-08-05,2023-08-17,8,13,485.0,P-COC-001,9,ช็อคโกแลต (เย็น)
C10667,นักศึกษา,2022-08-08,2023-03-02,18,25,1150.0,P-COF-001,10,อเมริกาโน่ (เย็น)
C10668,นักศึกษา,2022-08-01,2022-10-28,24,43,1220.0,P-NDL-001,12,มาม่า
C10669,นักศึกษา,2022-10-20,2022-10-29,2,4,200.0,P-BAK-002,4,บราวนี่
C10670,นักศึกษา,2022-08-01,2023-01-16,38,67,2419.0,P-TEA-001,17,ชาเขียว (เย็น)
C10671,นักศึกษา,2022-08-06,2023-08-09,24,40,1770.0,P-COC-001,18,ช็อคโกแลต (เย็น)
C10672,นักศึกษา,2022-08-01,2023-06-28,12,18,610.0,P-COF-004,10,อเมริกาโน่ส้ม
C10673,นักศึกษา,2022-09-28,2023-01-22,3,5,225.0,P-COF-002,3,ลาเต้ (เย็น)
C10674,นักศึกษา,2022-11-12,2023-07-25,3,4,185.0,P-TEA-001,4,ชาเขียว (เย็น)
C10675,นักศึกษา,2022-09-01,2023-01-28,4,4,120.0,P-COC-005,4,นมสดคาราเมล (เย็น)
C10676,นักศึกษา,2022-08-08,2022-08-13,2,3,145.0,P-SOD-006,3,กีวี่
C10677,นักศึกษา,2022-08-06,2023-10-21,14,24,919.0,P-NDL-001,13,มาม่า
C10678,นักศึกษา,2022-08-20,2022-08-20,1,1,55.0,P-TEA-003,1,ชาเขียว (ปั่น)
C10679,นักศึกษา,2022-08-30,2022-09-23,2,2,30.0,P-SNK-002,2,ป็อกกี้
C10680,นักศึกษา,2022-08-11,2023-04-08,7,10,435.0,P-SOD-001,8,สตรอเบอรี่
C10681,นักศึกษา,2022-08-10,2022-10-24,5,10,400.0,P-COF-009,7,มอคค่า (เย็น)
C10682,นักศึกษา,2022-08-09,2023-06-28,9,25,565.0,P-BAK-009,10,ขนม
C10683,นักศึกษา,2022-08-27,2022-11-11,2,3,90.0,P-COC-001,3,ช็อคโกแลต (เย็น)
C10684,นักศึกษา,2022-08-01,2023-03-01,6,9,400.0,P-TEA-004,5,ชามัทฉะ (เย็น)
C10685,นักศึกษา,2022-09-15,2022-12-26,2,2,90.0,P-COF-001,2,อเมริกาโน่ (เย็น)
C10686,นักศึกษา,2022-09-18,2023-09-15,10,20,738.0,P-SOU-001,11,น้ำเปล่า
C10687,นักศึกษา,2022-08-08,2022-10-12,2,3,120.0,P-COF-002,3,ลาเต้ (เย็น)
C10688,นักศึกษา,2022-08-01,2022-11-07,6,7,369.0,P-COC-001,6,ช็อคโกแลต (เย็น)
C10689,นักศึกษา,2022-08-09,2023-10-12,3,5,165.0,P-TEA-001,3,ชาเขียว (เย็น)
C10690,นักศึกษา,2022-08-01,2022-12-15,11,14,565.0,P-COF-002,8,ลาเต้ (เย็น)
C10691,นักศึกษา,2022-08-05,2022-12-17,8,14,660.0,P-COF-002,11,ลาเต้ (เย็น)
C10692,นักศึกษา,2023-01-28,2023-02-04,2,4,120.0,P-FOD-001,3,แซนวิชโบราณ
C10693,นักศึกษา,2022-08-08,2022-11-28,6,11,410.0,P-TEA-008,4,ชาแอปเปิ้ล (เย็น)
C10694,นักศึกษา,2022-08-18,2023-07-28,11,16,670.0,P-TEA-005,12,ชาพีช (เย็น)
C10695,นักศึกษา,2022-08-03,2023-09-12,11,24,665.0,P-COF-002,11,ลาเต้ (เย็น)
C10696,นักศึกษา,2022-08-17,2023-02-03,3,7,219.0,P-COF-014,5,ลาเต้ (ร้อน)
C10697,นักศึกษา,2022-08-09,2023-04-05,4,4,195.0,P-COC-001,4,ช็อคโกแลต (เย็น)
C10698,นักศึกษา,2022-08-11,2023-01-27,5,8,335.0,P-TEA-012,6,ชามะนาว
C10699,นักศึกษา,2022-08-10,2023-02-24,10,17,641.0,P-BAK-010,13,ขนมปังกรอบ
C10700,นักศึกษา,2022-08-02,2023-03-21,11,16,804.0,P-COF-002,10,ลาเต้ (เย็น)
C10701,นักศึกษา,2022-08-05,2023-03-25,9,10,465.0,P-SMT-002,7,แตงโม (ปั่น)
C10702,นักศึกษา,2022-08-23,2022-11-02,3,3,140.0,P-TEA-002,2,ชาซีลอน (เย็น)
C10703,นักศึกษา,2022-08-16,2023-01-30,8,8,375.0,P-COC-009,5,นมชมพู(นมเย็น)
C10704,นักศึกษา,2022-09-10,2022-11-03,4,7,289.0,P-TEA-008,7,ชาแอปเปิ้ล (เย็น)
C10705,นักศึกษา,2022-08-04,2022-10-20,15,20,815.0,P-TEA-003,9,ชาเขียว (ปั่น)
C10707,นักศึกษา,2022-08-01,2023-03-29,11,19,1006.0,P-BAK-003,9,เค้ก
C10708,นักศึกษา,2022-09-08,2023-09-10,8,11,450.0,P-BAK-001,8,ขนมซอง
C10709,นักศึกษา,2022-08-06,2023-01-07,8,10,405.0,P-TEA-005,9,ชาพีช (เย็น)
C10710,นักศึกษา,2022-08-11,2022-10-01,5,6,220.0,P-COF-005,4,เอสเปรสโซ่ (เย็น)
C10711,นักศึกษา,2022-08-03,2022-12-02,5,7,330.0,P-COF-001,6,อเมริกาโน่ (เย็น)
C10712,นักศึกษา,2022-08-03,2023-03-15,18,24,1299.0,P-SMT-001,12,สมูตตี้ สตรอเบอรี่
C10713,นักศึกษา,2022-08-18,2023-05-08,3,5,244.0,P-COF-001,5,อเมริกาโน่ (เย็น)
C10715,นักศึกษา,2022-08-24,2022-11-08,3,3,115.0,P-COC-005,3,นมสดคาราเมล (เย็น)
C10716,นักศึกษา,2022-08-01,2022-12-23,10,21,985.0,P-COC-005,10,นมสดคาราเมล (เย็น)
C10717,นักศึกษา,2022-08-04,2023-06-04,39,56,2635.0,P-TEA-001,17,ชาเขียว (เย็น)
C10718,นักศึกษา,2022-08-23,2023-02-23,4,11,380.0,P-TEA-001,6,ชาเขียว (เย็น)
C10719,นักศึกษา,2022-08-01,2022-08-03,3,3,110.0,P-COC-004,3,นมสด (เย็น)
C10720,นักศึกษา,2022-08-27,2022-10-21,3,6,215.0,P-SOU-001,6,น้ำเปล่า
C10721,นักศึกษา,2022-11-01,2023-06-15,2,3,130.0,P-COF-022,3,ลาเต้ (ปั่น)
C10722,นักศึกษา,2022-08-15,2023-06-27,6,11,380.0,P-COC-011,8,โกโก้ (ร้อน)
C10723,นักศึกษา,2022-08-01,2022-10-27,20,32,1225.0,P-NDL-001,13,มาม่า
C10724,นักศึกษา,2022-08-17,2023-06-15,5,5,250.0,P-COC-002,4,โกโก้ (เย็น)
C10726,นักศึกษา,2022-08-04,2022-08-29,6,9,324.0,P-SNK-002,6,ป็อกกี้
C10727,นักศึกษา,2022-08-01,2022-12-02,7,9,295.0,P-TEA-001,5,ชาเขียว (เย็น)
C10728,นักศึกษา,2022-08-08,2023-09-21,23,30,1210.0,P-COF-003,13,คาปูชิโน่ (เย็น)
C10729,นักศึกษา,2022-08-01,2022-10-26,18,32,960.0,P-NDL-001,13,มาม่า
C10730,นักศึกษา,2022-08-18,2023-07-19,3,6,285.0,P-COF-004,5,อเมริกาโน่ส้ม
C10731,นักศึกษา,2023-03-15,2023-03-15,1,1,45.0,P-TEA-006,1,ชาน้ำผึ้งมะนาว (เย็น)
C10732,นักศึกษา,2022-08-02,2022-10-21,9,13,738.0,P-SMT-001,6,สมูตตี้ สตรอเบอรี่
C10733,นักศึกษา,2022-08-01,2022-12-13,6,6,290.0,P-TEA-004,4,ชามัทฉะ (เย็น)
C10734,นักศึกษา,2022-08-01,2023-06-26,5,5,200.0,P-COC-009,5,นมชมพู(นมเย็น)
C10735,นักศึกษา,2022-08-01,2022-11-01,11,16,591.0,P-NDL-001,8,มาม่า
C10736,นักศึกษา,2022-08-03,2022-11-18,17,23,1040.0,P-COC-001,11,ช็อคโกแลต (เย็น)
C10737,นักศึกษา,2022-08-09,2023-01-31,12,16,583.0,P-NDL-001,11,มาม่า
C10738,นักศึกษา,2022-09-11,2022-09-11,1,1,20.0,P-NDL-001,1,มาม่า
C10739,นักศึกษา,2022-08-01,2022-12-22,5,6,200.0,P-NDL-001,3,มาม่า
C10740,นักศึกษา,2022-08-09,2022-11-10,5,10,375.0,P-SOU-002,7,น้ำแข็ง
C10741,นักศึกษา,2022-09-05,2023-01-05,5,7,225.0,P-BAK-001,4,ขนมซอง
C10742,นักศึกษา,2022-08-08,2023-03-07,3,8,360.0,P-COC-002,7,โกโก้ (เย็น)
C10743,นักศึกษา,2022-08-08,2023-06-03,8,14,629.0,P-SOD-002,10,เลม่อนผสมน้ำผึ้ง
C10744,นักศึกษา,2022-08-01,2023-03-02,13,25,945.0,P-COC-002,12,โกโก้ (เย็น)
C10745,นักศึกษา,2022-08-09,2022-11-03,6,8,360.0,P-COF-002,3,ลาเต้ (เย็น)
C10746,นักศึกษา,2022-08-04,2023-09-21,5,7,275.0,P-BAK-001,6,ขนมซอง
C10747,นักศึกษา,2022-08-15,2023-03-22,20,29,1155.0,P-COC-001,13,ช็อคโกแลต (เย็น)
C10748,นักศึกษา,2022-08-01,2023-02-25,7,7,270.0,P-COF-010,5,อเมริกาโน่น้ำผึ้ง (เย็น)
C10749,นักศึกษา,2022-08-09,2022-11-11,6,8,309.0,P-NDL-001,7,มาม่า
C10750,นักศึกษา,2022-08-15,2023-03-26,4,5,249.0,P-BAK-002,5,บราวนี่
C10751,นักศึกษา,2022-10-22,2023-01-20,3,4,209.0,P-COF-001,4,อเมริกาโน่ (เย็น)
C10752,นักศึกษา,2022-08-01,2023-07-24,9,11,288.0,P-OTH-001,6,น้ำอัดลม
C10753,นักศึกษา,2022-08-10,2023-11-10,22,37,1483.0,P-SOU-001,17,น้ำเปล่า
C10754,นักศึกษา,2022-08-10,2023-07-10,5,5,264.0,P-BAK-012,5,มินิเค้กช็อกโกแลต
C10755,นักศึกษา,2022-08-08,2022-11-28,4,4,185.0,P-COC-001,3,ช็อคโกแลต (เย็น)
C10756,นักศึกษา,2022-08-28,2022-10-28,3,3,108.0,P-BAK-010,2,ขนมปังกรอบ
C10757,นักศึกษา,2022-08-04,2022-12-16,15,23,1270.0,P-BAK-003,10,เค้ก
C10758,นักศึกษา,2022-08-02,2023-09-27,32,57,1905.0,P-NDL-001,21,มาม่า
C10759,นักศึกษา,2022-08-04,2023-08-20,9,12,580.0,P-COC-003,9,ช็อคโกแลต (ปั่น)
C10760,นักศึกษา,2022-08-11,2023-03-24,14,23,1170.0,P-TEA-003,10,ชาเขียว (ปั่น)
C10761,นักศึกษา,2022-08-01,2023-05-23,21,26,1095.0,P-COF-002,9,ลาเต้ (เย็น)
C10762,นักศึกษา,2022-08-31,2023-02-27,3,3,150.0,P-COC-002,3,โกโก้ (เย็น)
C10763,นักศึกษา,2022-08-10,2023-07-04,3,6,135.0,P-SOU-001,3,น้ำเปล่า
C10764,นักศึกษา,2022-08-02,2023-03-15,13,27,1307.0,P-SOD-002,10,เลม่อนผสมน้ำผึ้ง
C10765,นักศึกษา,2022-08-01,2023-06-18,25,41,2046.0,P-COF-002,15,ลาเต้ (เย็น)
C10766,นักศึกษา,2022-08-03,2023-04-25,7,13,440.0,P-COC-006,9,โกโก้ (ปั่น)
C10767,นักศึกษา,2022-08-18,2022-09-20,6,9,285.0,P-COF-011,5,คาราเมลมัคคีอาโต้
C10769,นักศึกษา,2022-08-08,2023-03-17,11,20,710.0,P-TEA-001,8,ชาเขียว (เย็น)
C10770,นักศึกษา,2023-06-15,2023-07-27,3,6,235.0,P-COF-001,5,อเมริกาโน่ (เย็น)
C10771,นักศึกษา,2022-08-04,2023-04-20,6,11,500.0,P-COC-002,7,โกโก้ (เย็น)
C10772,นักศึกษา,2022-08-03,2022-08-30,5,6,300.0,P-TEA-003,5,ชาเขียว (ปั่น)
C10773,นักศึกษา,2022-08-01,2022-08-16,3,5,297.0,P-BAK-003,3,เค้ก
C10774,นักศึกษา,2022-08-05,2022-10-19,4,5,210.0,P-COF-010,5,อเมริกาโน่น้ำผึ้ง (เย็น)
C10775,นักศึกษา,2023-03-27,2023-03-27,1,1,50.0,P-COC-002,1,โกโก้ (เย็น)
C10776,นักศึกษา,2022-08-04,2023-03-12,9,12,520.0,P-COF-005,7,เอสเปรสโซ่ (เย็น)
C10777,นักศึกษา,2022-08-23,2023-07-21,8,8,325.0,P-COF-001,7,อเมริกาโน่ (เย็น)
C10778,นักศึกษา,2022-08-03,2023-01-10,3,3,120.0,P-COF-002,3,ลาเต้ (เย็น)
C10779,นักศึกษา,2023-01-15,2023-01-15,1,1,20.0,P-NDL-005,1,ซือดะรสต้มโคล้ง
C10780,นักศึกษา,2022-08-17,2022-12-16,9,15,460.0,P-BAK-001,10,ขนมซอง
C10781,นักศึกษา,2022-08-22,2023-02-17,4,5,195.0,P-TEA-004,5,ชามัทฉะ (เย็น)
C10782,นักศึกษา,2022-08-11,2022-08-16,2,4,155.0,P-COC-004,4,นมสด (เย็น)
C10783,นักศึกษา,2022-08-15,2023-07-24,4,5,185.0,P-SOU-012,5,คุกกี้
C10784,นักศึกษา,2022-08-22,2023-01-25,2,3,105.0,P-COC-012,3,ช็อคโกแลต (ร้อน)
C10785,นักศึกษา,2022-08-09,2023-09-15,16,25,810.0,P-COC-002,12,โกโก้ (เย็น)
C10786,นักศึกษา,2022-08-23,2023-05-21,6,6,295.0,P-SOD-001,5,สตรอเบอรี่
C10787,นักศึกษา,2022-08-02,2022-11-30,10,18,704.0,P-NDL-001,10,มาม่า
C10788,นักศึกษา,2022-08-01,2022-10-24,9,15,861.0,P-BAK-003,9,เค้ก
C10789,นักศึกษา,2022-08-01,2022-11-08,11,16,704.0,P-TEA-003,10,ชาเขียว (ปั่น)
C10790,นักศึกษา,2022-08-06,2023-06-01,7,9,349.0,P-OTH-001,6,น้ำอัดลม
C10791,นักศึกษา,2022-11-03,2023-05-19,4,5,155.0,P-COC-005,3,นมสดคาราเมล (เย็น)
C10792,นักศึกษา,2022-08-09,2023-02-13,5,8,355.0,P-SOD-006,5,กีวี่
C10793,นักศึกษา,2022-08-02,2023-02-16,10,10,480.0,P-TEA-008,8,ชาแอปเปิ้ล (เย็น)
C10794,นักศึกษา,2022-08-03,2023-05-08,10,16,530.0,P-COF-003,11,คาปูชิโน่ (เย็น)
C10795,นักศึกษา,2022-08-01,2022-11-08,11,18,655.0,P-BAK-001,9,ขนมซอง
C10796,นักศึกษา,2022-08-10,2023-09-29,4,5,175.0,P-SMT-011,5,สมูตตี้ กีวี่
C10798,นักศึกษา,2022-08-02,2023-07-12,37,59,2300.0,P-COF-001,22,อเมริกาโน่ (เย็น)
C10799,นักศึกษา,2022-08-03,2022-10-10,8,13,600.0,P-COC-001,9,ช็อคโกแลต (เย็น)
C10800,นักศึกษา,2023-03-09,2023-06-26,3,4,190.0,P-TEA-001,3,ชาเขียว (เย็น)
C10801,นักศึกษา,2022-08-05,2022-10-07,2,2,105.0,P-COC-005,2,นมสดคาราเมล (เย็น)
C10802,นักศึกษา,2022-08-02,2023-04-04,10,14,479.0,P-SOU-001,8,น้ำเปล่า
C10803,นักศึกษา,2022-09-21,2023-08-18,2,2,95.0,P-COC-001,2,ช็อคโกแลต (เย็น)
C10804,นักศึกษา,2022-08-03,2023-01-18,10,15,723.0,P-BAK-001,10,ขนมซอง
C10805,นักศึกษา,2022-08-17,2022-11-06,7,9,235.0,P-SOU-001,5,น้ำเปล่า
C10806,นักศึกษา,2022-09-11,2022-09-11,1,1,45.0,P-TEA-012,1,ชามะนาว
C10807,นักศึกษา,2022-08-02,2022-10-27,20,33,1380.0,P-NDL-001,7,มาม่า
C10808,นักศึกษา,2022-08-18,2023-04-07,3,4,210.0,P-TEA-003,2,ชาเขียว (ปั่น)
C10809,นักศึกษา,2022-08-15,2023-02-18,5,9,419.0,P-TEA-001,6,ชาเขียว (เย็น)
C10810,นักศึกษา,2022-10-07,2023-08-19,7,8,300.0,P-SFT-006,6,ชเวปส์
C10811,นักศึกษา,2022-09-21,2023-02-01,2,4,170.0,P-TEA-019,4,ชาเขียว (ร้อน)
C10812,นักศึกษา,2022-10-03,2022-12-07,2,2,75.0,P-BAK-019,2,โคอะลา มาร์ช
C10813,นักศึกษา,2022-08-04,2022-11-05,5,7,270.0,P-SOD-002,6,เลม่อนผสมน้ำผึ้ง
C10814,นักศึกษา,2022-09-02,2023-02-10,5,6,294.0,P-COF-004,6,อเมริกาโน่ส้ม
C10815,นักศึกษา,2022-08-01,2022-10-25,17,26,1016.0,P-TEA-001,10,ชาเขียว (เย็น)
C10817,นักศึกษา,2022-08-02,2023-02-25,9,11,564.0,P-TEA-003,8,ชาเขียว (ปั่น)
C10818,นักศึกษา,2022-08-05,2022-08-05,1,2,40.0,P-NDL-001,1,มาม่า
C10819,นักศึกษา,2022-08-08,2023-02-24,5,7,290.0,P-TEA-001,7,ชาเขียว (เย็น)
C10820,นักศึกษา,2022-08-03,2023-02-28,5,10,435.0,P-COF-002,6,ลาเต้ (เย็น)
C10821,นักศึกษา,2022-12-11,2023-05-08,2,4,115.0,P-NDL-001,2,มาม่า
C10822,นักศึกษา,2022-08-05,2023-07-19,15,23,640.0,P-SOU-001,11,น้ำเปล่า
C10823,นักศึกษา,2022-08-28,2023-02-08,2,3,145.0,P-COF-002,3,ลาเต้ (เย็น)
C10824,นักศึกษา,2022-08-17,2023-06-18,6,10,323.0,P-BAK-001,8,ขนมซอง
C10825,นักศึกษา,2022-08-04,2023-01-31,3,5,205.0,P-TEA-001,3,ชาเขียว (เย็น)
C10826,นักศึกษา,2022-08-02,2022-11-29,15,35,1610.0,P-COC-001,16,ช็อคโกแลต (เย็น)
C10827,นักศึกษา,2022-08-02,2022-10-03,16,29,1310.0,P-COC-002,16,โกโก้ (เย็น)
C10828,นักศึกษา,2022-08-19,2023-01-13,9,13,405.0,P-SOU-001,8,น้ำเปล่า
C10829,นักศึกษา,2022-08-05,2022-10-24,5,8,380.0,P-COF-001,6,อเมริกาโน่ (เย็น)
C10830,นักศึกษา,2022-08-20,2022-10-25,4,4,185.0,P-COF-002,3,ลาเต้ (เย็น)
C10831,นักศึกษา,2022-08-08,2023-03-15,10,15,595.0,P-NDL-001,11,มาม่า
C10832,นักศึกษา,2022-08-04,2023-01-27,8,18,645.0,P-BAK-001,12,ขนมซอง
C10833,นักศึกษา,2022-08-01,2023-02-03,8,9,315.0,P-NDL-001,6,มาม่า
C10834,นักศึกษา,2022-11-03,2023-01-20,2,3,120.0,P-COC-001,3,ช็อคโกแลต (เย็น)
C10835,นักศึกษา,2022-08-16,2023-03-02,5,8,360.0,P-SOD-002,5,เลม่อนผสมน้ำผึ้ง
C10836,นักศึกษา,2022-08-10,2023-02-21,3,3,155.0,P-COC-003,2,ช็อคโกแลต (ปั่น)
C10837,นักศึกษา,2022-08-03,2022-12-24,17,30,1385.0,P-COC-004,9,นมสด (เย็น)
C10838,นักศึกษา,2022-11-03,2023-10-01,6,9,295.0,P-BAK-001,8,ขนมซอง
C10839,นักศึกษา,2022-09-01,2022-09-28,2,3,120.0,P-COF-014,2,ลาเต้ (ร้อน)
C10840,นักศึกษา,2022-09-18,2023-03-21,3,5,204.0,P-SOU-001,5,น้ำเปล่า
C10841,นักศึกษา,2022-08-09,2023-03-26,12,19,881.0,P-BAK-003,12,เค้ก
C10842,นักศึกษา,2022-08-01,2022-10-25,5,6,265.0,P-COF-008,6,อเมริกาโน่ (ร้อน)
C10843,นักศึกษา,2022-08-20,2023-02-09,6,6,220.0,P-COC-002,6,โกโก้ (เย็น)
C10844,นักศึกษา,2022-08-14,2022-09-13,3,3,110.0,P-NDL-001,3,มาม่า
C10845,นักศึกษา,2022-08-04,2023-01-05,5,9,200.0,P-BAK-001,6,ขนมซอง
C10846,นักศึกษา,2022-08-03,2023-08-22,5,8,240.0,P-COF-011,5,คาราเมลมัคคีอาโต้
C10847,นักศึกษา,2022-09-26,2023-02-17,5,7,285.0,P-COC-001,5,ช็อคโกแลต (เย็น)
C10848,นักศึกษา,2022-08-06,2023-02-02,9,21,745.0,P-COF-002,10,ลาเต้ (เย็น)
C10849,นักศึกษา,2022-10-18,2023-06-26,8,8,300.0,P-COC-006,7,โกโก้ (ปั่น)
C10850,นักศึกษา,2022-10-18,2023-07-10,3,5,230.0,P-COF-002,4,ลาเต้ (เย็น)
C10851,นักศึกษา,2022-08-15,2023-02-12,2,2,70.0,P-COF-005,2,เอสเปรสโซ่ (เย็น)
C10852,นักศึกษา,2022-10-05,2022-10-05,1,1,10.0,P-SOU-001,1,น้ำเปล่า
C10853,นักศึกษา,2022-08-01,2023-03-07,14,20,825.0,P-TEA-003,13,ชาเขียว (ปั่น)
C10854,นักศึกษา,2022-08-02,2023-01-19,4,6,149.0,P-COF-009,6,มอคค่า (เย็น)
C10855,นักศึกษา,2022-08-07,2023-04-29,6,7,205.0,P-COC-007,7,นมสดคาราเมล (ปั่น)
C10856,นักศึกษา,2022-08-01,2023-02-03,9,22,1035.0,P-COC-001,9,ช็อคโกแลต (เย็น)
C10857,นักศึกษา,2022-08-02,2023-03-14,13,26,1263.0,P-TEA-002,11,ชาซีลอน (เย็น)
C10858,นักศึกษา,2022-08-24,2023-09-21,10,21,955.0,P-COC-002,10,โกโก้ (เย็น)
C10859,นักศึกษา,2022-08-03,2022-12-06,7,13,585.0,P-COF-004,9,อเมริกาโน่ส้ม
C10860,นักศึกษา,2022-12-24,2022-12-24,1,1,10.0,P-SOU-001,1,น้ำเปล่า
C10861,นักศึกษา,2022-08-25,2022-10-16,4,8,109.0,P-NDL-001,3,มาม่า
C10862,นักศึกษา,2022-08-03,2022-12-06,13,26,805.0,P-NDL-001,9,มาม่า
C10863,นักศึกษา,2022-08-11,2023-02-10,7,11,578.0,P-COF-001,5,อเมริกาโน่ (เย็น)
C10864,นักศึกษา,2023-01-31,2023-01-31,1,2,55.0,P-TEA-006,2,ชาน้ำผึ้งมะนาว (เย็น)
C10865,นักศึกษา,2022-08-01,2023-02-10,17,24,1070.0,P-SMT-001,12,สมูตตี้ สตรอเบอรี่
C10866,นักศึกษา,2022-08-01,2022-10-07,22,43,1583.0,P-NDL-001,15,มาม่า
C10867,นักศึกษา,2022-10-20,2022-10-20,1,1,45.0,P-COF-001,1,อเมริกาโน่ (เย็น)
C10868,นักศึกษา,2022-08-27,2023-02-18,5,10,395.0,P-COC-002,7,โกโก้ (เย็น)
C10869,นักศึกษา,2022-08-16,2023-08-15,15,22,765.0,P-COF-002,10,ลาเต้ (เย็น)
C10871,นักศึกษา,2022-08-04,2022-12-12,7,13,585.0,P-COC-012,9,ช็อคโกแลต (ร้อน)
C10872,นักศึกษา,2022-08-10,2023-02-24,6,7,359.0,P-TEA-001,4,ชาเขียว (เย็น)
C10873,นักศึกษา,2022-09-13,2023-05-09,7,8,240.0,P-SOU-001,7,น้ำเปล่า
C10874,นักศึกษา,2022-08-21,2022-10-31,2,5,240.0,P-COF-011,4,คาราเมลมัคคีอาโต้
C10875,นักศึกษา,2022-08-08,2023-03-29,4,6,270.0,P-COC-002,6,โกโก้ (เย็น)
C10876,นักศึกษา,2022-08-01,2022-11-30,10,13,691.0,P-BAK-001,9,ขนมซอง
C10877,นักศึกษา,2022-08-03,2022-11-16,10,16,829.0,P-COC-002,9,โกโก้ (เย็น)
C10878,นักศึกษา,2022-08-08,2022-09-28,8,14,280.0,P-NDL-001,5,มาม่า
C10879,นักศึกษา,2022-08-04,2022-09-22,4,4,155.0,P-COF-010,3,อเมริกาโน่น้ำผึ้ง (เย็น)
C10880,นักศึกษา,2022-09-02,2023-08-26,2,3,130.0,P-BAK-007,3,มาการอง
C10881,นักศึกษา,2022-08-06,2023-02-01,17,29,1315.0,P-TEA-002,13,ชาซีลอน (เย็น)
C10882,นักศึกษา,2022-08-16,2022-08-16,1,1,55.0,P-SMT-005,1,สมูตตี้ บลูเบอรี่
C10883,นักศึกษา,2022-09-23,2022-10-11,3,3,145.0,P-TEA-023,2,ชาสตรอเบอรี่
C10884,นักศึกษา,2022-08-12,2023-08-07,25,38,2193.0,P-SMT-006,19,สตรอเบอรี่ (ปั่น)
C10886,นักศึกษา,2022-10-07,2023-02-21,5,7,305.0,P-SOD-001,6,สตรอเบอรี่
C10887,นักศึกษา,2022-08-04,2023-05-18,12,18,719.0,P-COC-001,12,ช็อคโกแลต (เย็น)
C10888,นักศึกษา,2023-05-10,2023-05-10,1,1,45.0,P-COF-002,1,ลาเต้ (เย็น)
C10889,นักศึกษา,2022-08-05,2022-12-20,13,18,820.0,P-COF-002,7,ลาเต้ (เย็น)
C10890,นักศึกษา,2022-09-30,2023-07-17,3,3,115.0,P-SFT-003,3,แฟนต้า น้ำแดง
C10891,นักศึกษา,2022-08-11,2023-07-07,16,24,759.0,P-SOU-001,13,น้ำเปล่า
C10892,นักศึกษา,2022-08-03,2023-05-29,9,13,535.0,P-COC-007,6,นมสดคาราเมล (ปั่น)
C10893,นักศึกษา,2022-08-04,2022-12-01,6,8,345.0,P-COC-001,7,ช็อคโกแลต (เย็น)
C10894,นักศึกษา,2022-09-17,2023-01-19,5,6,175.0,P-COC-005,5,นมสดคาราเมล (เย็น)
C10895,นักศึกษา,2022-08-31,2023-06-28,10,14,630.0,P-TEA-002,9,ชาซีลอน (เย็น)
C10896,นักศึกษา,2022-08-15,2023-03-05,3,6,363.0,P-BAK-003,4,เค้ก
C10897,นักศึกษา,2022-08-16,2022-10-31,2,3,50.0,P-SNK-002,3,ป็อกกี้
C10898,นักศึกษา,2022-11-03,2023-04-20,9,19,540.0,P-SNK-006,10,สแน็กแจ็ค
C10899,นักศึกษา,2022-08-24,2023-01-12,2,4,200.0,P-COC-006,4,โกโก้ (ปั่น)
C10900,นักศึกษา,2022-08-01,2023-03-01,70,133,3315.0,P-SOU-002,22,น้ำแข็ง
C10901,นักศึกษา,2022-08-01,2023-03-02,35,67,3253.0,P-TEA-001,20,ชาเขียว (เย็น)
C10902,นักศึกษา,2022-08-21,2023-07-18,8,12,525.0,P-COC-002,7,โกโก้ (เย็น)
C10903,นักศึกษา,2022-08-04,2022-11-14,14,15,595.0,P-COC-001,8,ช็อคโกแลต (เย็น)
C10904,นักศึกษา,2022-08-04,2022-08-08,2,6,284.0,P-TEA-002,5,ชาซีลอน (เย็น)
C10905,นักศึกษา,2022-08-05,2023-01-11,17,27,1484.0,P-BAK-003,11,เค้ก
C10906,นักศึกษา,2022-08-09,2023-02-09,8,13,420.0,P-NDL-001,10,มาม่า
C10908,นักศึกษา,2022-08-08,2022-10-15,5,8,390.0,P-SMT-016,4,นมสดโอริโอ้ (ปั่น)
C10909,นักศึกษา,2022-08-01,2022-12-12,9,10,395.0,P-TEA-001,7,ชาเขียว (เย็น)
C10910,นักศึกษา,2022-08-15,2023-03-21,4,5,215.0,P-COF-002,5,ลาเต้ (เย็น)
C10911,นักศึกษา,2022-08-15,2023-02-22,4,4,200.0,P-COF-015,3,คาปูชิโน่ (ปั่น)
C10912,นักศึกษา,2022-08-17,2022-10-16,3,8,310.0,P-NDL-001,4,มาม่า
C10913,นักศึกษา,2022-08-19,2023-02-09,2,3,155.0,P-COC-001,3,ช็อคโกแลต (เย็น)
C10914,นักศึกษา,2022-08-03,2023-04-06,14,26,1140.0,P-TEA-001,11,ชาเขียว (เย็น)
C10915,นักศึกษา,2022-08-09,2022-09-01,6,9,450.0,P-COF-002,5,ลาเต้ (เย็น)
C10916,นักศึกษา,2022-08-03,2023-07-18,7,10,255.0,P-BAK-001,5,ขนมซอง
C10917,นักศึกษา,2022-08-03,2023-01-23,15,24,755.0,P-SNK-002,17,ป็อกกี้
C10918,นักศึกษา,2022-09-06,2023-07-10,4,9,390.0,P-COF-004,8,อเมริกาโน่ส้ม
C10919,นักศึกษา,2022-08-04,2023-03-22,5,8,340.0,P-COF-004,5,อเมริกาโน่ส้ม
C10920,นักศึกษา,2022-08-20,2023-01-18,7,11,500.0,P-COC-007,10,นมสดคาราเมล (ปั่น)
C10921,นักศึกษา,2022-08-21,2023-01-16,5,7,255.0,P-COC-007,5,นมสดคาราเมล (ปั่น)
C10922,นักศึกษา,2022-08-01,2023-03-08,17,32,1505.0,P-TEA-001,10,ชาเขียว (เย็น)
C10923,นักศึกษา,2022-08-11,2023-01-08,10,21,1125.0,P-COF-002,9,ลาเต้ (เย็น)
C10924,นักศึกษา,2022-08-16,2022-11-30,5,7,335.0,P-COF-005,6,เอสเปรสโซ่ (เย็น)
C10925,นักศึกษา,2022-08-08,2023-05-16,5,7,225.0,P-SOU-001,5,น้ำเปล่า
C10926,นักศึกษา,2022-08-04,2022-11-14,9,12,549.0,P-TEA-001,4,ชาเขียว (เย็น)
C10927,นักศึกษา,2022-08-04,2023-05-18,10,12,425.0,P-NDL-001,9,มาม่า
C10928,นักศึกษา,2022-08-02,2023-03-20,11,16,856.0,P-TEA-001,5,ชาเขียว (เย็น)
C10929,นักศึกษา,2022-08-07,2023-05-04,9,17,715.0,P-COF-004,11,อเมริกาโน่ส้ม
C10930,นักศึกษา,2022-08-10,2022-10-17,8,13,648.0,P-SMT-008,7,สมูตตี้ มะม่วง
C10931,นักศึกษา,2022-08-01,2022-12-07,14,24,865.0,P-OTH-001,13,น้ำอัดลม
C10933,นักศึกษา,2022-10-18,2022-12-02,3,4,135.0,P-COC-001,4,ช็อคโกแลต (เย็น)
C10934,นักศึกษา,2022-08-02,2023-01-06,10,11,548.0,P-TEA-004,7,ชามัทฉะ (เย็น)
C10935,นักศึกษา,2022-09-13,2023-05-12,4,4,150.0,P-COF-018,4,มอคค่า (ปั่น)
C10936,นักศึกษา,2022-08-05,2022-10-05,3,4,158.0,P-BAK-010,3,ขนมปังกรอบ
C10937,นักศึกษา,2022-08-16,2023-03-26,5,5,255.0,P-COC-001,4,ช็อคโกแลต (เย็น)
C10938,นักศึกษา,2022-08-01,2023-01-24,8,12,726.0,P-BAK-003,6,เค้ก
C10939,นักศึกษา,2022-10-16,2022-12-02,2,5,30.0,P-BAK-009,2,ขนม
C10940,นักศึกษา,2022-08-16,2022-11-13,4,4,105.0,P-NDL-001,2,มาม่า
C10941,นักศึกษา,2022-08-11,2023-07-08,17,21,918.0,P-COC-003,12,ช็อคโกแลต (ปั่น)
C10942,นักศึกษา,2022-09-27,2022-10-04,2,3,125.0,P-COC-002,3,โกโก้ (เย็น)
C10943,นักศึกษา,2022-08-03,2022-08-21,5,6,382.0,P-BAK-003,5,เค้ก
C10944,นักศึกษา,2022-08-02,2023-10-23,8,16,674.0,P-TEA-003,9,ชาเขียว (ปั่น)
C10945,นักศึกษา,2022-08-02,2023-07-09,13,27,755.0,P-SOU-002,10,น้ำแข็ง
C10946,นักศึกษา,2022-08-08,2023-06-26,6,12,545.0,P-COC-005,9,นมสดคาราเมล (เย็น)
C10947,นักศึกษา,2022-10-20,2022-10-20,1,1,40.0,P-COC-014,1,นมสด (ร้อน)
C10948,นักศึกษา,2022-08-02,2023-02-28,11,13,590.0,P-TEA-001,5,ชาเขียว (เย็น)
C10949,นักศึกษา,2022-08-04,2023-05-25,25,38,1494.0,P-COF-002,17,ลาเต้ (เย็น)
C10950,นักศึกษา,2022-08-05,2023-07-12,15,25,1024.0,P-SOU-001,16,น้ำเปล่า
C10951,นักศึกษา,2022-08-24,2023-01-16,5,8,355.0,P-COC-001,6,ช็อคโกแลต (เย็น)
C10952,นักศึกษา,2022-08-05,2023-03-01,12,15,677.0,P-SFT-001,10,โค้ก ออริจินอล
C10953,นักศึกษา,2022-10-17,2023-04-06,4,12,300.0,P-TEA-001,4,ชาเขียว (เย็น)
C10954,นักศึกษา,2022-08-02,2022-09-12,7,14,608.0,P-BAK-003,12,เค้ก
C10955,นักศึกษา,2022-08-04,2023-02-07,7,12,510.0,P-NDL-001,9,มาม่า
C10956,นักศึกษา,2022-09-28,2023-01-07,4,5,185.0,P-NDL-001,4,มาม่า
C10957,นักศึกษา,2022-08-08,2023-03-09,28,54,2305.0,P-BAK-003,20,เค้ก
C10958,นักศึกษา,2022-08-06,2023-01-28,6,11,642.0,P-BAK-003,8,เค้ก
C10959,นักศึกษา,2022-08-29,2022-08-29,1,1,20.0,P-NDL-001,1,มาม่า
C10960,นักศึกษา,2022-08-15,2023-09-23,3,7,190.0,P-NDL-001,5,มาม่า
C10961,นักศึกษา,2022-08-09,2023-07-25,8,8,340.0,P-TEA-001,7,ชาเขียว (เย็น)
C10962,นักศึกษา,2022-08-22,2022-08-30,3,6,285.0,P-COC-001,3,ช็อคโกแลต (เย็น)
C10963,นักศึกษา,2022-08-05,2023-01-27,3,6,265.0,P-TEA-012,5,ชามะนาว
C10964,นักศึกษา,2022-08-23,2022-08-23,1,3,135.0,P-TEA-001,1,ชาเขียว (เย็น)
C10965,นักศึกษา,2022-08-21,2023-02-20,11,20,950.0,P-COF-006,10,อเมริกาโน่ช่อมะพร้าว
C10966,นักศึกษา,2022-08-17,2023-01-28,3,4,90.0,P-SOU-001,3,น้ำเปล่า
C10967,นักศึกษา,2023-01-10,2023-04-26,3,3,115.0,P-COF-012,3,คาปูชิโน่ (ร้อน)
C10968,นักศึกษา,2022-08-16,2023-03-12,3,3,135.0,P-COF-002,2,ลาเต้ (เย็น)
C10969,นักศึกษา,2022-08-09,2022-08-09,1,1,55.0,P-COC-007,1,นมสดคาราเมล (ปั่น)
C10970,นักศึกษา,2022-08-06,2022-10-11,8,11,390.0,P-NDL-001,8,มาม่า
C10971,นักศึกษา,2022-08-06,2022-09-27,8,10,592.0,P-BAK-003,6,เค้ก
C10972,นักศึกษา,2022-09-04,2023-07-12,5,6,315.0,P-TEA-003,5,ชาเขียว (ปั่น)
C10973,นักศึกษา,2022-09-14,2023-03-28,4,7,320.0,P-TEA-007,4,ชามะนาว (เย็น)
C10974,นักศึกษา,2022-08-04,2023-01-12,9,16,685.0,P-COC-001,8,ช็อคโกแลต (เย็น)
C10975,นักศึกษา,2022-08-06,2023-05-07,10,13,550.0,P-COF-002,5,ลาเต้ (เย็น)
C10976,นักศึกษา,2022-08-06,2022-10-08,3,4,130.0,P-NDL-001,3,มาม่า
C10977,นักศึกษา,2022-08-12,2023-08-09,11,13,565.0,P-TEA-001,5,ชาเขียว (เย็น)
C10978,นักศึกษา,2022-08-01,2023-08-09,9,13,674.0,P-TEA-020,9,ชากุหลาบน้ำผึ้งมะนาว
C10979,นักศึกษา,2022-08-23,2023-09-18,9,16,745.0,P-COF-010,11,อเมริกาโน่น้ำผึ้ง (เย็น)
C10980,นักศึกษา,2022-08-26,2023-07-21,12,33,1385.0,P-COF-002,14,ลาเต้ (เย็น)
C10981,นักศึกษา,2022-08-15,2023-02-07,2,2,100.0,P-COC-001,2,ช็อคโกแลต (เย็น)
C10982,นักศึกษา,2022-08-03,2022-10-27,8,9,410.0,P-SOD-004,7,พีช
C10983,นักศึกษา,2022-08-10,2022-11-12,12,28,1015.0,P-SOU-001,9,น้ำเปล่า
C10984,นักศึกษา,2022-08-02,2023-07-25,4,8,340.0,P-COF-003,7,คาปูชิโน่ (เย็น)
C10985,นักศึกษา,2022-11-30,2023-02-04,3,5,244.0,P-NDL-002,5,ยำยำ
C10986,นักศึกษา,2023-03-04,2023-03-04,1,2,129.0,P-COF-006,2,อเมริกาโน่ช่อมะพร้าว
C10987,นักศึกษา,2022-08-19,2023-02-08,3,5,293.0,P-TEA-002,3,ชาซีลอน (เย็น)
C10988,นักศึกษา,2022-08-15,2023-05-09,4,6,175.0,P-BAK-001,6,ขนมซอง
C10989,นักศึกษา,2022-08-29,2023-07-06,5,6,280.0,P-SMT-003,5,โอริโอ้ (ปั่น)
C10990,นักศึกษา,2022-08-08,2023-11-28,5,8,325.0,P-TEA-012,7,ชามะนาว
C10991,นักศึกษา,2022-08-05,2023-03-13,10,18,936.0,P-COC-005,11,นมสดคาราเมล (เย็น)
C10992,หน่วยงาน/โครงการ,2022-08-27,2023-07-01,8,75,2322.0,P-SOU-001,27,น้ำเปล่า
C10993,หน่วยงาน/โครงการ,2022-09-03,2022-09-03,1,6,245.0,P-COC-005,6,นมสดคาราเมล (เย็น)
C10994,หน่วยงาน/โครงการ,2022-09-09,2022-09-09,1,10,100.0,P-SOU-001,1,น้ำเปล่า
C10995,หน่วยงาน/โครงการ,2022-10-19,2023-09-21,4,43,575.0,P-SOU-001,9,น้ำเปล่า
C10996,หน่วยงาน/โครงการ,2022-08-26,2023-06-06,6,58,2030.0,P-SOU-002,16,น้ำแข็ง
C10997,หน่วยงาน/โครงการ,2023-06-18,2023-10-21,2,17,539.0,P-BAK-002,7,บราวนี่
C10998,หน่วยงาน/โครงการ,2022-08-04,2023-09-21,13,137,6231.0,P-TEA-001,41,ชาเขียว (เย็น)
C10999,หน่วยงาน/โครงการ,2022-08-31,2022-09-21,2,22,365.0,P-BAK-001,2,ขนมซอง
C11000,หน่วยงาน/โครงการ,2022-08-05,2023-10-06,2,18,875.0,P-SOU-003,7,น้ำช่อดอกมะพร้าว
C11001,หน่วยงาน/โครงการ,2022-08-18,2023-12-07,31,337,14165.0,P-COF-008,56,อเมริกาโน่ (ร้อน)
C11003,หน่วยงาน/โครงการ,2022-08-06,2023-07-15,3,21,904.0,P-COF-004,15,อเมริกาโน่ส้ม
C11004,หน่วยงาน/โครงการ,2022-08-02,2024-01-28,157,1980,88602.0,P-COF-001,140,อเมริกาโน่ (เย็น)
C11005,หน่วยงาน/โครงการ,2022-08-18,2023-09-30,2,22,760.0,P-OTH-011,10,น้ำเชื่อมต่างๆ
C11006,หน่วยงาน/โครงการ,2022-08-06,2024-01-28,62,705,27678.0,P-COF-001,87,อเมริกาโน่ (เย็น)
C11007,หน่วยงาน/โครงการ,2022-08-10,2023-10-12,9,81,2442.5,P-SOU-001,40,น้ำเปล่า
C11008,หน่วยงาน/โครงการ,2022-08-13,2023-09-21,9,69,3240.0,P-COF-004,28,อเมริกาโน่ส้ม
C11009,บุคลากร,2022-08-23,2023-09-04,12,15,470.0,P-SOU-001,9,น้ำเปล่า
C11010,นักศึกษา,2022-08-11,2023-07-27,20,31,860.0,P-SOU-001,15,น้ำเปล่า
C11011,นักศึกษา,2022-08-19,2023-02-27,4,6,310.0,P-COC-003,3,ช็อคโกแลต (ปั่น)
C11012,นักศึกษา,2022-08-06,2023-07-19,6,7,310.0,P-COC-001,7,ช็อคโกแลต (เย็น)
C11013,นักศึกษา,2023-07-25,2023-07-25,1,1,45.0,P-COF-001,1,อเมริกาโน่ (เย็น)
C11014,นักศึกษา,2022-08-25,2023-11-25,10,16,680.0,P-TEA-002,10,ชาซีลอน (เย็น)
C11016,นักศึกษา,2022-08-11,2022-11-08,2,2,100.0,P-COC-004,2,นมสด (เย็น)
C11017,นักศึกษา,2022-08-16,2023-05-20,5,6,270.0,P-COC-003,6,ช็อคโกแลต (ปั่น)
C11018,นักศึกษา,2022-08-08,2023-02-13,4,10,373.0,P-BAK-010,6,ขนมปังกรอบ
C11019,นักศึกษา,2022-09-02,2023-06-27,9,12,535.0,P-SMT-007,10,แอปเปิ้ล (ปั่น)
C11020,นักศึกษา,2022-08-27,2023-11-26,5,7,280.0,P-SNK-003,4,เทสโต้
C11021,นักศึกษา,2022-08-09,2023-06-30,10,17,793.0,P-SOD-003,9,ลิ้นจี่
C11022,นักศึกษา,2022-08-09,2023-09-25,24,36,1455.0,P-BAK-001,13,ขนมซอง
C11023,นักศึกษา,2022-08-09,2023-01-10,6,8,530.0,P-BAK-003,5,เค้ก
C11024,นักศึกษา,2022-08-10,2022-11-08,16,35,1100.0,P-BAK-001,17,ขนมซอง
C11025,บุคลากร,2022-08-18,2023-11-27,22,36,1490.0,P-TEA-002,15,ชาซีลอน (เย็น)
C11026,นักศึกษา,2022-09-02,2023-09-19,9,18,824.0,P-COC-002,13,โกโก้ (เย็น)
C11027,นักศึกษา,2022-08-09,2022-12-29,11,18,1159.0,P-COC-001,12,ช็อคโกแลต (เย็น)
C11028,บุคลากร,2022-08-11,2024-01-24,39,60,2423.0,P-COF-001,24,อเมริกาโน่ (เย็น)
C11029,นักศึกษา,2022-08-07,2022-11-10,26,39,1520.0,P-BAK-001,14,ขนมซอง
C11030,นักศึกษา,2022-12-12,2023-10-19,4,9,385.0,P-TEA-003,7,ชาเขียว (ปั่น)
C11031,นักศึกษา,2022-08-09,2023-04-26,9,10,519.0,P-TEA-003,6,ชาเขียว (ปั่น)
C11032,นักศึกษา,2022-08-24,2022-10-16,5,8,405.0,P-SMT-008,7,สมูตตี้ มะม่วง
C11033,นักศึกษา,2022-10-22,2022-10-22,1,1,50.0,P-COC-001,1,ช็อคโกแลต (เย็น)
C11034,นักศึกษา,2022-08-09,2022-12-14,22,30,1245.0,P-TEA-023,9,ชาสตรอเบอรี่
C11035,นักศึกษา,2023-05-02,2024-01-16,3,9,245.0,P-BAK-004,5,ขนมปังรวมรส
C11036,นักศึกษา,2022-08-11,2022-12-22,5,6,185.0,P-BAK-001,3,ขนมซอง
C11037,บุคลากร,2022-08-25,2024-01-24,31,55,2280.0,P-COC-001,18,ช็อคโกแลต (เย็น)
C11038,นักศึกษา,2022-08-08,2022-10-25,12,21,1005.0,P-TEA-012,13,ชามะนาว
C11039,นักศึกษา,2022-08-22,2023-12-22,19,26,1085.0,P-COC-009,17,นมชมพู(นมเย็น)
C11040,นักศึกษา,2022-08-11,2023-01-11,7,10,355.0,P-COF-009,8,มอคค่า (เย็น)
C11041,บุคลากร,2022-08-20,2024-01-08,21,30,1163.0,P-TOP-001,17,วุ้นบุก
C11042,นักศึกษา,2022-08-15,2023-09-21,13,21,850.0,P-TOP-001,14,วุ้นบุก
C11043,นักศึกษา,2022-09-01,2022-12-20,2,3,125.0,P-COF-002,3,ลาเต้ (เย็น)
C11044,นักศึกษา,2022-08-09,2022-12-24,2,4,180.0,P-COF-004,4,อเมริกาโน่ส้ม
C11045,นักศึกษา,2022-08-16,2023-03-24,25,39,1204.0,P-SOU-001,14,น้ำเปล่า
C11046,นักศึกษา,2022-08-11,2023-07-05,9,12,355.0,P-SOU-001,8,น้ำเปล่า
C11047,นักศึกษา,2022-09-01,2022-10-31,4,5,255.0,P-COC-001,2,ช็อคโกแลต (เย็น)
C11048,นักศึกษา,2022-12-13,2023-06-29,2,2,100.0,P-COF-009,2,มอคค่า (เย็น)
C11049,นักศึกษา,2022-08-15,2022-10-19,5,5,210.0,P-TEA-004,4,ชามัทฉะ (เย็น)
C11050,นักศึกษา,2022-09-12,2023-02-28,10,14,415.0,P-COF-009,12,มอคค่า (เย็น)
C11051,นักศึกษา,2023-03-18,2023-09-15,4,7,280.0,P-COF-003,4,คาปูชิโน่ (เย็น)
C11052,นักศึกษา,2022-09-05,2023-10-04,8,20,810.0,P-FOD-001,12,แซนวิชโบราณ
C11054,นักศึกษา,2022-08-14,2023-02-10,10,11,450.0,P-COF-003,9,คาปูชิโน่ (เย็น)
C11055,นักศึกษา,2022-08-11,2023-01-28,2,2,70.0,P-COC-002,2,โกโก้ (เย็น)
C11056,นักศึกษา,2022-08-25,2023-01-14,5,5,210.0,P-NDL-001,5,มาม่า
C11057,นักศึกษา,2022-08-15,2023-05-19,13,20,715.0,P-BAK-001,14,ขนมซอง
C11058,นักศึกษา,2022-10-05,2023-09-21,6,12,345.0,P-SOU-001,8,น้ำเปล่า
C11059,นักศึกษา,2022-08-12,2023-06-01,45,64,3122.0,P-COF-004,20,อเมริกาโน่ส้ม
C11060,นักศึกษา,2022-08-18,2023-08-19,13,19,789.0,P-COF-010,7,อเมริกาโน่น้ำผึ้ง (เย็น)
C11061,นักศึกษา,2022-08-16,2023-12-21,31,43,1784.5,P-TEA-008,19,ชาแอปเปิ้ล (เย็น)
C11062,นักศึกษา,2022-10-26,2023-09-15,14,24,854.0,P-FOD-001,11,แซนวิชโบราณ
C11063,นักศึกษา,2022-08-12,2023-06-30,13,32,1464.0,P-COF-001,11,อเมริกาโน่ (เย็น)
C11064,นักศึกษา,2022-10-02,2022-10-02,1,1,45.0,P-COF-002,1,ลาเต้ (เย็น)
C11065,นักศึกษา,2022-09-07,2023-06-26,4,7,320.0,P-SMT-001,6,สมูตตี้ สตรอเบอรี่
C11066,นักศึกษา,2022-08-18,2022-12-23,16,22,968.0,P-COC-001,7,ช็อคโกแลต (เย็น)
C11067,นักศึกษา,2022-08-15,2022-10-05,11,26,900.0,P-SOU-002,13,น้ำแข็ง
C11068,นักศึกษา,2022-09-01,2022-10-12,4,6,342.0,P-BAK-003,4,เค้ก
C11069,นักศึกษา,2022-10-06,2023-09-26,4,6,180.0,P-SFT-001,4,โค้ก ออริจินอล
C11070,นักศึกษา,2022-08-18,2023-02-10,6,8,315.0,P-TEA-001,7,ชาเขียว (เย็น)
C11071,บุคลากร,2022-08-20,2024-01-24,37,56,2527.0,P-TEA-001,21,ชาเขียว (เย็น)
C11072,บุคลากร,2022-08-25,2024-01-27,80,103,2980.0,P-SOU-001,25,น้ำเปล่า
C11073,นักศึกษา,2022-09-01,2023-07-04,6,10,355.0,P-SOD-002,8,เลม่อนผสมน้ำผึ้ง
C11074,นักศึกษา,2022-08-17,2023-11-12,11,22,490.0,P-SOU-001,9,น้ำเปล่า
C11075,นักศึกษา,2022-08-26,2022-12-13,4,5,180.0,P-SOU-002,5,น้ำแข็ง
C11076,นักศึกษา,2022-08-30,2022-11-25,6,7,325.0,P-SOD-002,4,เลม่อนผสมน้ำผึ้ง
C11077,นักศึกษา,2022-08-15,2023-02-28,6,11,535.0,P-TEA-003,5,ชาเขียว (ปั่น)
C11078,นักศึกษา,2022-08-29,2023-10-28,6,7,380.0,P-COC-003,3,ช็อคโกแลต (ปั่น)
C11079,นักศึกษา,2022-08-28,2023-05-04,9,11,500.0,P-COF-008,7,อเมริกาโน่ (ร้อน)
C11080,บุคลากร,2022-10-08,2024-01-17,15,21,935.0,P-COF-001,12,อเมริกาโน่ (เย็น)
C11081,นักศึกษา,2022-11-19,2023-07-06,4,9,375.0,P-TEA-005,6,ชาพีช (เย็น)
C11082,นักศึกษา,2023-01-16,2023-09-29,8,14,380.0,P-SOU-001,8,น้ำเปล่า
C11083,นักศึกษา,2022-10-08,2023-05-06,2,3,110.0,P-TEA-001,3,ชาเขียว (เย็น)
C11084,บุคลากร,2022-08-23,2023-09-20,15,20,875.0,P-TEA-012,13,ชามะนาว
C11085,นักศึกษา,2022-09-06,2022-09-06,1,1,45.0,P-COC-004,1,นมสด (เย็น)
C11086,นักศึกษา,2022-08-22,2023-02-03,8,12,460.0,P-COC-002,9,โกโก้ (เย็น)
C11087,นักศึกษา,2022-08-19,2023-04-20,24,39,1435.0,P-COF-001,21,อเมริกาโน่ (เย็น)
C11088,นักศึกษา,2022-08-31,2023-11-08,6,8,390.0,P-COC-005,5,นมสดคาราเมล (เย็น)
C11089,นักศึกษา,2022-09-12,2023-03-18,3,4,160.0,P-BAK-001,3,ขนมซอง
C11090,นักศึกษา,2022-08-18,2023-05-31,7,14,375.0,P-NDL-001,7,มาม่า
C11091,บุคลากร,2022-09-14,2024-01-29,45,58,2350.0,P-COF-008,20,อเมริกาโน่ (ร้อน)
C11092,บุคลากร,2022-08-30,2023-12-21,46,66,2415.0,P-COF-013,24,เอสเปรสโซ่ (ร้อน)
C11093,นักศึกษา,2022-08-31,2023-03-10,8,14,732.0,P-BAK-003,8,เค้ก
C11094,นักศึกษา,2022-08-17,2022-11-15,11,28,540.0,P-NDL-001,11,มาม่า
C11095,นักศึกษา,2022-08-19,2023-02-02,9,12,505.0,P-TEA-005,8,ชาพีช (เย็น)
C11096,นักศึกษา,2022-08-18,2023-02-08,18,27,1444.0,P-BAK-003,11,เค้ก
C11097,นักศึกษา,2022-08-20,2023-05-03,6,12,514.0,P-COF-001,10,อเมริกาโน่ (เย็น)
C11098,นักศึกษา,2022-08-26,2023-01-26,4,7,273.0,P-BAK-003,7,เค้ก
C11099,บุคลากร,2022-08-18,2024-01-05,251,392,16794.0,P-COF-002,48,ลาเต้ (เย็น)
C11100,นักศึกษา,2022-08-22,2023-02-14,23,32,1402.0,P-COF-001,21,อเมริกาโน่ (เย็น)
C11101,นักศึกษา,2022-08-24,2023-08-07,2,2,82.5,P-FOD-006,2,อาหารคลีน
C11102,นักศึกษา,2022-09-26,2023-06-29,3,3,100.0,P-SOU-001,3,น้ำเปล่า
C11103,นักศึกษา,2022-08-19,2023-07-08,10,20,860.0,P-TEA-001,10,ชาเขียว (เย็น)
C11105,นักศึกษา,2022-08-18,2022-08-18,1,1,10.0,P-SOU-001,1,น้ำเปล่า
C11106,นักศึกษา,2022-08-20,2022-11-29,6,8,385.0,P-TEA-002,4,ชาซีลอน (เย็น)
C11107,นักศึกษา,2023-05-02,2024-01-24,9,15,630.0,P-FOD-003,9,ขนมจีบกุ้ง
C11108,นักศึกษา,2022-08-23,2023-07-07,5,10,449.0,P-TEA-003,10,ชาเขียว (ปั่น)
C11109,นักศึกษา,2022-10-05,2023-10-22,7,14,610.0,P-COC-006,11,โกโก้ (ปั่น)
C11110,นักศึกษา,2022-09-13,2023-01-13,5,6,220.0,P-COC-003,6,ช็อคโกแลต (ปั่น)
C11111,นักศึกษา,2022-10-28,2022-11-30,3,4,125.0,P-SFT-003,4,แฟนต้า น้ำแดง
C11112,นักศึกษา,2022-08-31,2023-09-26,7,12,554.0,P-TEA-006,10,ชาน้ำผึ้งมะนาว (เย็น)
C11113,นักศึกษา,2023-02-07,2023-08-21,2,2,90.0,P-COF-001,2,อเมริกาโน่ (เย็น)
C11114,นักศึกษา,2022-09-11,2023-08-10,10,24,1120.0,P-SMT-003,13,โอริโอ้ (ปั่น)
C11115,นักศึกษา,2022-08-30,2023-01-06,9,15,590.0,P-TEA-016,8,ชามัทฉะ (ปั่น)
C11116,นักศึกษา,2022-09-15,2022-12-01,7,10,460.0,P-COC-009,9,นมชมพู(นมเย็น)
C11117,นักศึกษา,2022-08-23,2022-12-14,11,21,705.0,P-NDL-001,9,มาม่า
C11118,นักศึกษา,2022-09-08,2023-03-05,5,6,190.0,P-NDL-001,5,มาม่า
C11119,นักศึกษา,2022-10-01,2023-01-24,5,7,325.0,P-TEA-001,4,ชาเขียว (เย็น)
C11120,นักศึกษา,2022-08-27,2023-01-20,2,2,90.0,P-TEA-001,2,ชาเขียว (เย็น)
C11121,นักศึกษา,2022-09-21,2023-08-10,7,8,330.0,P-COF-001,5,อเมริกาโน่ (เย็น)
C11122,นักศึกษา,2022-09-07,2023-03-15,8,9,419.0,P-COC-002,7,โกโก้ (เย็น)
C11123,นักศึกษา,2023-02-24,2023-02-24,1,1,50.0,P-COF-007,1,อเมริกาโน่น้ำผึ้งมะนาว
C11124,บุคลากร,2022-08-23,2024-01-22,143,237,8362.0,P-SOU-001,47,น้ำเปล่า
C11125,บุคลากร,2022-08-22,2024-01-22,22,32,1125.0,P-OTH-001,21,น้ำอัดลม
C11126,นักศึกษา,2022-09-02,2023-07-10,16,21,959.0,P-COF-009,12,มอคค่า (เย็น)
C11127,นักศึกษา,2022-11-02,2023-07-25,3,4,130.0,P-COC-003,4,ช็อคโกแลต (ปั่น)
C11128,นักศึกษา,2022-09-26,2023-09-21,17,21,893.0,P-BAK-012,18,มินิเค้กช็อกโกแลต
C11129,นักศึกษา,2022-08-22,2023-03-21,7,10,460.0,P-COC-003,8,ช็อคโกแลต (ปั่น)
C11130,นักศึกษา,2022-09-07,2022-10-15,3,4,185.0,P-SOD-004,4,พีช
C11131,บุคลากร,2022-08-26,2024-01-13,16,27,990.0,P-COF-001,15,อเมริกาโน่ (เย็น)
C11132,นักศึกษา,2022-08-30,2023-03-31,7,10,455.0,P-COF-008,10,อเมริกาโน่ (ร้อน)
C11133,นักศึกษา,2022-08-27,2023-06-02,11,14,325.0,P-NDL-001,6,มาม่า
C11135,นักศึกษา,2022-08-30,2023-01-16,12,19,823.0,P-COF-002,9,ลาเต้ (เย็น)
C11137,นักศึกษา,2022-10-18,2023-03-08,2,2,70.0,P-COF-005,2,เอสเปรสโซ่ (เย็น)
C11138,นักศึกษา,2022-08-24,2023-02-12,28,39,1510.0,P-COC-001,15,ช็อคโกแลต (เย็น)
C11139,นักศึกษา,2022-09-12,2023-08-21,10,11,360.0,P-COF-010,7,อเมริกาโน่น้ำผึ้ง (เย็น)
C11140,นักศึกษา,2022-09-14,2023-02-18,5,10,445.0,P-COF-009,7,มอคค่า (เย็น)
C11141,นักศึกษา,2022-08-31,2023-03-15,17,22,1010.0,P-COF-009,9,มอคค่า (เย็น)
C11142,นักศึกษา,2022-08-29,2023-09-28,9,16,445.0,P-TEA-001,9,ชาเขียว (เย็น)
C11143,บุคลากร,2022-09-02,2024-01-30,42,69,1935.0,P-SOU-001,22,น้ำเปล่า
C11144,นักศึกษา,2022-11-09,2023-03-16,5,11,370.0,P-NDL-001,8,มาม่า
C11145,นักศึกษา,2022-10-08,2023-02-10,4,7,330.0,P-COC-004,6,นมสด (เย็น)
C11146,นักศึกษา,2022-10-12,2023-02-02,5,6,285.0,P-COF-009,4,มอคค่า (เย็น)
C11147,นักศึกษา,2022-08-30,2023-07-17,3,8,379.0,P-COF-014,8,ลาเต้ (ร้อน)
C11148,นักศึกษา,2022-09-02,2022-09-19,2,2,65.0,P-COF-002,2,ลาเต้ (เย็น)
C11149,นักศึกษา,2022-08-27,2023-01-12,6,9,365.0,P-TEA-001,9,ชาเขียว (เย็น)
C11150,นักศึกษา,2022-10-21,2023-06-30,3,3,115.0,P-COC-008,3,โกโก้มิ้นท์
C11151,บุคลากร,2022-09-02,2023-12-21,23,42,1612.0,P-TOP-001,16,วุ้นบุก
C11152,บุคลากร,2022-08-27,2023-10-07,32,62,2745.0,P-TEA-001,20,ชาเขียว (เย็น)
C11153,นักศึกษา,2023-01-31,2023-07-27,4,6,160.0,P-NDL-006,4,นิสชินคัพไก่เผ็ดเกาหลี
C11154,นักศึกษา,2022-09-13,2023-10-09,6,7,334.0,P-TEA-006,5,ชาน้ำผึ้งมะนาว (เย็น)
C11155,นักศึกษา,2022-08-30,2023-08-29,6,7,285.0,P-COF-002,6,ลาเต้ (เย็น)
C11156,นักศึกษา,2022-09-01,2023-01-18,4,6,275.0,P-COF-001,4,อเมริกาโน่ (เย็น)
C11157,นักศึกษา,2022-09-06,2023-04-27,6,6,250.0,P-TOP-001,6,วุ้นบุก
C11158,บุคลากร,2022-08-30,2023-08-11,90,122,5138.0,P-COC-002,36,โกโก้ (เย็น)
C11159,นักศึกษา,2022-09-13,2023-05-09,3,7,285.0,P-TEA-002,4,ชาซีลอน (เย็น)
C11160,นักศึกษา,2022-10-08,2022-10-08,1,1,45.0,P-COF-002,1,ลาเต้ (เย็น)
C11161,นักศึกษา,2022-11-02,2022-11-11,2,2,105.0,P-COF-017,2,ลาเตั (ปั่น)
C11162,นักศึกษา,2022-12-23,2023-10-11,6,7,230.0,P-SNK-001,5,ขนมเลย์
C11163,นักศึกษา,2022-09-01,2023-03-23,13,23,979.0,P-SOD-005,17,แดงมะนาว
C11164,บุคลากร,2022-08-30,2024-01-18,27,35,1516.5,P-TEA-001,17,ชาเขียว (เย็น)
C11165,นักศึกษา,2022-09-26,2023-02-05,4,5,205.0,P-TEA-006,4,ชาน้ำผึ้งมะนาว (เย็น)
C11166,นักศึกษา,2022-08-30,2022-12-25,6,7,344.0,P-BAK-003,7,เค้ก
C11167,บุคลากร,2022-09-22,2024-01-27,38,55,2305.0,P-COF-005,17,เอสเปรสโซ่ (เย็น)
C11168,นักศึกษา,2022-09-05,2023-05-12,7,15,713.0,P-COC-006,11,โกโก้ (ปั่น)
C11169,นักศึกษา,2022-08-31,2023-08-23,15,26,896.0,P-BAK-003,12,เค้ก
C11170,นักศึกษา,2022-09-20,2022-12-24,2,3,80.0,P-SFT-003,3,แฟนต้า น้ำแดง
C11171,นักศึกษา,2022-09-05,2023-02-27,6,8,320.0,P-BAK-045,4,ขนมปั้นขลิบ
C11172,นักศึกษา,2022-09-13,2023-09-26,13,16,555.0,P-SNK-001,11,ขนมเลย์
C11173,นักศึกษา,2022-11-03,2022-11-03,1,2,110.0,P-COC-003,2,ช็อคโกแลต (ปั่น)
C11174,นักศึกษา,2022-09-14,2023-11-27,5,7,349.0,P-COF-007,5,อเมริกาโน่น้ำผึ้งมะนาว
C11175,นักศึกษา,2022-08-30,2023-03-04,7,10,350.0,P-TEA-004,4,ชามัทฉะ (เย็น)
C11176,บุคลากร,2022-09-12,2023-10-25,30,40,1765.0,P-COF-003,16,คาปูชิโน่ (เย็น)
C11177,นักศึกษา,2022-08-31,2022-12-27,7,9,498.0,P-TEA-001,6,ชาเขียว (เย็น)
C11179,บุคลากร,2022-09-05,2023-12-18,66,102,4889.0,P-COF-002,32,ลาเต้ (เย็น)
C11180,นักศึกษา,2022-09-30,2023-04-26,3,3,150.0,P-COF-002,3,ลาเต้ (เย็น)
C11181,นักศึกษา,2022-09-13,2023-02-04,15,24,1145.0,P-TEA-003,12,ชาเขียว (ปั่น)
C11182,นักศึกษา,2023-06-26,2023-09-24,3,4,150.0,P-BAK-017,4,ขนมปัง
C11183,นักศึกษา,2022-09-23,2023-01-30,9,14,520.0,P-COF-004,10,อเมริกาโน่ส้ม
C11184,นักศึกษา,2023-01-21,2023-04-20,5,7,344.0,P-COC-001,5,ช็อคโกแลต (เย็น)
C11185,นักศึกษา,2022-10-05,2023-01-27,6,10,409.0,P-COF-002,7,ลาเต้ (เย็น)
C11186,นักศึกษา,2022-12-07,2023-01-10,2,4,210.0,P-COC-001,2,ช็อคโกแลต (เย็น)
C11187,นักศึกษา,2022-09-25,2023-03-14,6,9,315.0,P-TEA-001,6,ชาเขียว (เย็น)
C11188,นักศึกษา,2022-09-08,2023-08-17,6,8,369.0,P-TEA-001,8,ชาเขียว (เย็น)
C11189,นักศึกษา,2023-01-12,2023-01-12,1,1,10.0,P-SOU-001,1,น้ำเปล่า
C11190,นักศึกษา,2022-12-02,2023-08-25,5,7,295.0,P-TEA-010,5,ชาซีลอนดำ (เย็น)
C11191,นักศึกษา,2022-10-10,2023-05-10,4,5,260.0,P-COC-006,5,โกโก้ (ปั่น)
C11192,นักศึกษา,2022-11-29,2023-07-03,5,5,170.0,P-COF-004,5,อเมริกาโน่ส้ม
C11193,บุคลากร,2022-09-03,2024-01-24,28,44,1978.0,P-COF-001,17,อเมริกาโน่ (เย็น)
C11194,นักศึกษา,2022-10-06,2023-02-05,3,4,190.0,P-COC-002,3,โกโก้ (เย็น)
C11195,นักศึกษา,2022-09-05,2024-01-20,76,113,5005.0,P-COF-002,34,ลาเต้ (เย็น)
C11196,นักศึกษา,2022-12-09,2023-08-23,4,10,245.0,P-SFT-002,6,สิงห์เลม่อนโซดา
C11197,นักศึกษา,2022-09-25,2022-09-28,2,2,85.0,P-COF-001,2,อเมริกาโน่ (เย็น)
C11198,นักศึกษา,2022-10-04,2023-01-31,17,33,1506.0,P-COF-007,14,อเมริกาโน่น้ำผึ้งมะนาว
C11199,นักศึกษา,2022-09-26,2023-02-20,3,7,230.0,P-BAK-002,6,บราวนี่
C11200,นักศึกษา,2022-10-11,2023-07-04,9,15,670.0,P-COC-005,9,นมสดคาราเมล (เย็น)
C11201,นักศึกษา,2022-09-12,2023-01-11,12,24,502.0,P-BAK-009,10,ขนม
C11202,นักศึกษา,2022-09-05,2023-01-27,29,56,1515.0,P-TEA-001,16,ชาเขียว (เย็น)
C11203,บุคลากร,2022-09-11,2023-11-11,51,72,2553.0,P-SOU-001,23,น้ำเปล่า
C11204,นักศึกษา,2022-10-05,2023-07-07,3,4,175.0,P-FOD-001,4,แซนวิชโบราณ
C11205,นักศึกษา,2022-09-30,2023-01-19,4,5,215.0,P-COF-002,4,ลาเต้ (เย็น)
C11206,นักศึกษา,2022-09-07,2023-03-07,19,26,783.0,P-SNK-002,11,ป็อกกี้
C11207,นักศึกษา,2022-09-23,2023-11-11,9,13,469.0,P-SOU-001,9,น้ำเปล่า
C11208,นักศึกษา,2022-10-01,2023-12-07,15,27,885.0,P-TEA-002,15,ชาซีลอน (เย็น)
C11209,นักศึกษา,2022-09-13,2023-02-27,7,14,345.0,P-FOD-001,8,แซนวิชโบราณ
C11210,นักศึกษา,2022-10-05,2023-09-27,8,15,675.0,P-COC-002,10,โกโก้ (เย็น)
C11211,นักศึกษา,2022-09-09,2023-09-30,10,14,420.0,P-COC-010,9,นมสด (ปั่น)
C11212,นักศึกษา,2022-09-06,2023-03-25,21,33,1544.0,P-NDL-001,21,มาม่า
C11213,นักศึกษา,2022-10-04,2022-10-04,1,1,50.0,P-TEA-004,1,ชามัทฉะ (เย็น)
C11214,นักศึกษา,2022-09-05,2023-03-22,6,7,295.0,P-COC-001,5,ช็อคโกแลต (เย็น)
C11215,นักศึกษา,2022-09-08,2023-07-05,16,17,730.0,P-TEA-003,12,ชาเขียว (ปั่น)
C11217,นักศึกษา,2022-09-06,2023-07-19,21,32,1240.0,P-BAK-003,14,เค้ก
C11218,นักศึกษา,2022-09-06,2022-12-28,6,13,585.0,P-TEA-020,10,ชากุหลาบน้ำผึ้งมะนาว
C11219,นักศึกษา,2022-09-29,2023-07-06,10,13,475.0,P-SNK-004,10,โคอะล่ามาร์ช
C11220,นักศึกษา,2022-12-14,2022-12-14,1,1,45.0,P-SOD-001,1,สตรอเบอรี่
C11221,นักศึกษา,2022-09-07,2023-03-17,6,7,320.0,P-COC-001,7,ช็อคโกแลต (เย็น)
C11222,นักศึกษา,2023-07-02,2023-09-26,2,3,90.0,P-SNK-003,3,เทสโต้
C11223,นักศึกษา,2022-09-24,2023-01-21,2,10,399.0,P-TEA-002,8,ชาซีลอน (เย็น)
C11224,นักศึกษา,2022-09-08,2023-09-28,41,83,2345.0,P-BAK-001,16,ขนมซอง
C11225,นักศึกษา,2022-09-11,2023-02-23,7,11,460.0,P-COF-022,9,ลาเต้ (ปั่น)
C11226,นักศึกษา,2022-10-28,2023-04-25,7,11,449.0,P-SMT-003,9,โอริโอ้ (ปั่น)
C11227,นักศึกษา,2022-09-13,2023-04-26,5,5,180.0,P-COC-004,5,นมสด (เย็น)
C11228,นักศึกษา,2022-09-28,2022-12-08,4,5,170.0,P-BAK-001,5,ขนมซอง
C11229,นักศึกษา,2022-09-26,2022-11-12,7,8,250.0,P-NDL-001,5,มาม่า
C11230,นักศึกษา,2022-09-21,2023-10-13,9,9,345.0,P-SOU-001,7,น้ำเปล่า
C11231,นักศึกษา,2022-09-09,2022-12-28,17,26,1134.0,P-COC-001,10,ช็อคโกแลต (เย็น)
C11232,นักศึกษา,2022-10-24,2023-05-06,8,10,445.0,P-COF-003,8,คาปูชิโน่ (เย็น)
C11233,นักศึกษา,2022-09-14,2023-06-14,8,13,455.0,P-NDL-001,9,มาม่า
C11234,นักศึกษา,2022-09-09,2023-03-09,41,60,2975.0,P-TEA-002,20,ชาซีลอน (เย็น)
C11235,นักศึกษา,2022-10-20,2023-10-04,10,13,455.0,P-NDL-001,9,มาม่า
C11236,นักศึกษา,2022-10-02,2022-12-06,5,5,235.0,P-COF-001,3,อเมริกาโน่ (เย็น)
C11237,นักศึกษา,2022-09-13,2023-03-03,5,7,290.0,P-COF-004,7,อเมริกาโน่ส้ม
C11238,นักศึกษา,2022-10-04,2023-08-26,6,13,515.0,P-TEA-001,6,ชาเขียว (เย็น)
C11239,นักศึกษา,2022-10-15,2023-02-20,5,9,374.0,P-TEA-031,8,ชากุหลาบน้ำผึ้งมะนาว (ร้อน)
C11240,นักศึกษา,2022-09-15,2023-10-13,25,38,1589.0,P-TEA-001,16,ชาเขียว (เย็น)
C11241,นักศึกษา,2022-09-14,2023-07-08,2,3,115.0,P-BAK-001,3,ขนมซอง
C11242,นักศึกษา,2022-12-03,2023-01-18,2,4,195.0,P-COF-005,3,เอสเปรสโซ่ (เย็น)
C11243,นักศึกษา,2022-09-15,2023-02-02,10,13,640.0,P-COC-006,10,โกโก้ (ปั่น)
C11244,นักศึกษา,2022-10-25,2023-10-26,7,9,350.0,P-COC-001,8,ช็อคโกแลต (เย็น)
C11245,นักศึกษา,2022-10-15,2023-08-20,6,15,584.0,P-SOU-001,11,น้ำเปล่า
C11246,นักศึกษา,2022-09-16,2023-10-03,13,17,595.0,P-COF-011,11,คาราเมลมัคคีอาโต้
C11247,นักศึกษา,2023-02-10,2023-04-07,2,6,170.0,P-SFT-002,3,สิงห์เลม่อนโซดา
C11248,นักศึกษา,2022-09-24,2023-04-01,12,24,824.0,P-BAK-001,15,ขนมซอง
C11249,นักศึกษา,2022-11-30,2023-06-10,2,2,40.0,P-NDL-009,2,คนอร์คัพโจ็ก หมู
C11250,นักศึกษา,2022-09-14,2023-06-09,27,35,1295.0,P-SMT-003,18,โอริโอ้ (ปั่น)
C11251,นักศึกษา,2022-10-10,2023-07-27,12,18,675.0,P-BAK-002,11,บราวนี่
C11252,นักศึกษา,2022-09-19,2023-02-12,3,4,200.0,P-COC-003,2,ช็อคโกแลต (ปั่น)
C11253,นักศึกษา,2022-11-17,2023-07-22,4,6,185.0,P-BAK-001,4,ขนมซอง
C11254,นักศึกษา,2022-09-26,2023-01-06,11,20,729.0,P-NDL-001,12,มาม่า
C11255,นักศึกษา,2022-09-23,2023-07-06,4,5,125.0,P-SNK-011,5,ขนมปาตี้
C11256,นักศึกษา,2022-12-01,2022-12-01,1,1,20.0,P-NDL-008,1,คนอร์คัพโจ๊ก ไก่
C11257,นักศึกษา,2022-09-21,2023-07-02,7,9,320.0,P-SOU-001,7,น้ำเปล่า
C11258,นักศึกษา,2022-11-09,2023-08-12,16,24,1163.0,P-COF-005,13,เอสเปรสโซ่ (เย็น)
C11259,นักศึกษา,2022-09-15,2023-01-31,25,54,2139.0,P-COC-001,18,ช็อคโกแลต (เย็น)
C11260,นักศึกษา,2022-10-25,2022-10-25,1,2,79.0,P-BAK-010,2,ขนมปังกรอบ
C11261,นักศึกษา,2023-01-11,2023-07-11,7,11,380.0,P-SOU-004,10,กรือโป๊ะนรา
C11262,นักศึกษา,2022-09-17,2023-02-10,9,13,660.0,P-COC-001,5,ช็อคโกแลต (เย็น)
C11263,นักศึกษา,2022-09-16,2023-07-25,37,69,2608.0,P-COC-001,24,ช็อคโกแลต (เย็น)
C11264,นักศึกษา,2022-10-12,2023-09-15,4,5,170.0,P-COF-010,4,อเมริกาโน่น้ำผึ้ง (เย็น)
C11265,นักศึกษา,2023-01-28,2023-09-20,8,11,445.0,P-COC-002,8,โกโก้ (เย็น)
C11266,นักศึกษา,2023-07-18,2023-07-18,1,1,50.0,P-COC-005,1,นมสดคาราเมล (เย็น)
C11267,นักศึกษา,2022-09-16,2022-11-26,3,6,175.0,P-BAK-009,4,ขนม
C11268,นักศึกษา,2022-09-17,2023-03-07,18,32,1270.0,P-TEA-007,19,ชามะนาว (เย็น)
C11269,นักศึกษา,2022-09-16,2023-03-13,8,13,300.0,P-NDL-001,8,มาม่า
C11270,นักศึกษา,2022-10-04,2022-10-28,3,6,160.0,P-NDL-001,5,มาม่า
C11271,บุคลากร,2022-11-03,2023-12-15,32,55,2130.0,P-COC-001,18,ช็อคโกแลต (เย็น)
C11272,นักศึกษา,2022-09-28,2023-07-17,22,33,885.0,P-SOU-001,16,น้ำเปล่า
C11273,นักศึกษา,2022-10-01,2023-04-26,6,11,530.0,P-COC-002,7,โกโก้ (เย็น)
C11274,บุคลากร,2022-10-02,2024-01-05,28,45,1447.0,P-SOU-001,20,น้ำเปล่า
C11275,นักศึกษา,2022-10-17,2023-04-04,7,9,445.0,P-COC-001,3,ช็อคโกแลต (เย็น)
C11276,นักศึกษา,2023-04-27,2023-04-27,1,2,50.0,P-BAK-002,2,บราวนี่
C11277,นักศึกษา,2022-10-03,2023-10-06,8,11,519.0,P-SMT-007,8,แอปเปิ้ล (ปั่น)
C11278,นักศึกษา,2022-09-28,2023-01-31,2,4,155.0,P-BAK-008,4,เค้กช็อคหน้านิ่ม
C11279,นักศึกษา,2022-12-02,2023-01-31,3,4,195.0,P-COC-001,4,ช็อคโกแลต (เย็น)
C11280,นักศึกษา,2022-09-22,2023-07-06,11,20,647.0,P-SOU-001,13,น้ำเปล่า
C11281,นักศึกษา,2022-09-27,2023-05-07,11,16,1260.0,P-COC-001,11,ช็อคโกแลต (เย็น)
C11282,นักศึกษา,2022-10-27,2023-03-24,19,43,1735.0,P-COF-006,16,อเมริกาโน่ช่อมะพร้าว
C11283,นักศึกษา,2022-11-29,2023-04-07,4,9,405.0,P-COF-002,6,ลาเต้ (เย็น)
C11284,นักศึกษา,2023-01-08,2023-11-21,11,20,640.0,P-NDL-002,11,ยำยำ
C11285,บุคลากร,2022-09-20,2023-11-23,19,25,1110.0,P-COC-009,14,นมชมพู(นมเย็น)
C11286,นักศึกษา,2023-01-31,2023-07-24,6,10,335.0,P-COF-001,8,อเมริกาโน่ (เย็น)
C11287,นักศึกษา,2022-12-24,2023-07-03,3,5,135.0,P-BAK-002,5,บราวนี่
C11288,นักศึกษา,2022-10-16,2023-01-05,2,2,40.0,P-NDL-001,1,มาม่า
C11289,นักศึกษา,2022-10-07,2023-08-17,16,20,905.0,P-TEA-001,12,ชาเขียว (เย็น)
C11290,หน่วยงาน/โครงการ,2023-03-31,2024-01-12,6,58,1785.0,P-SFT-002,22,สิงห์เลม่อนโซดา
C11291,บุคลากร,2022-10-01,2023-12-22,11,21,920.0,P-COF-004,10,อเมริกาโน่ส้ม
C11292,นักศึกษา,2022-10-19,2022-10-19,1,1,20.0,P-BAK-001,1,ขนมซอง
C11293,นักศึกษา,2022-09-22,2023-08-27,38,60,2211.0,P-BAK-001,24,ขนมซอง
C11294,นักศึกษา,2022-09-23,2023-07-02,40,63,2245.0,P-BAK-002,22,บราวนี่
C11295,นักศึกษา,2022-09-21,2022-11-09,4,5,175.0,P-COF-001,4,อเมริกาโน่ (เย็น)
C11296,นักศึกษา,2022-09-27,2023-03-15,35,61,1983.0,P-NDL-001,25,มาม่า
C11297,นักศึกษา,2022-09-25,2023-07-17,6,15,520.0,P-BAK-001,10,ขนมซอง
C11299,บุคลากร,2022-09-23,2024-01-20,43,63,2544.0,P-COF-002,24,ลาเต้ (เย็น)
C11300,นักศึกษา,2022-10-05,2022-11-17,3,3,145.0,P-COC-001,3,ช็อคโกแลต (เย็น)
C11301,นักศึกษา,2022-10-08,2023-02-16,7,11,455.0,P-TEA-001,6,ชาเขียว (เย็น)
C11302,นักศึกษา,2022-12-07,2023-01-31,3,4,150.0,P-COC-006,4,โกโก้ (ปั่น)
C11303,นักศึกษา,2022-09-26,2023-03-23,8,11,465.0,P-SOD-013,7,ส้มโซดา
C11304,นักศึกษา,2022-10-04,2023-02-20,6,14,594.0,P-SOU-004,9,กรือโป๊ะนรา
C11305,นักศึกษา,2022-11-07,2023-01-05,5,6,285.0,P-TEA-001,4,ชาเขียว (เย็น)
C11306,นักศึกษา,2022-10-31,2023-10-26,19,27,1010.0,P-COC-002,18,โกโก้ (เย็น)
C11307,นักศึกษา,2023-01-30,2023-01-30,1,1,50.0,P-COF-009,1,มอคค่า (เย็น)
C11308,นักศึกษา,2022-10-02,2023-07-20,22,36,1200.0,P-SFT-003,16,แฟนต้า น้ำแดง
C11309,นักศึกษา,2022-10-12,2023-03-23,5,7,235.0,P-SFT-001,5,โค้ก ออริจินอล
C11310,บุคลากร,2022-09-27,2024-01-21,36,52,2309.0,P-TEA-003,21,ชาเขียว (ปั่น)
C11311,นักศึกษา,2023-01-24,2023-12-09,4,7,135.0,P-SOU-001,4,น้ำเปล่า
C11312,นักศึกษา,2022-09-30,2023-10-06,2,2,65.0,P-COF-010,2,อเมริกาโน่น้ำผึ้ง (เย็น)
C11313,นักศึกษา,2022-11-09,2023-08-18,5,6,259.0,P-FOD-002,6,ข้าวกล่อง
C11314,นักศึกษา,2023-01-09,2023-03-15,3,4,214.0,P-COF-001,3,อเมริกาโน่ (เย็น)
C11315,นักศึกษา,2023-01-14,2023-12-18,9,13,415.0,P-SFT-001,9,โค้ก ออริจินอล
C11316,นักศึกษา,2022-09-26,2023-07-05,12,22,1060.0,P-COC-005,9,นมสดคาราเมล (เย็น)
C11317,นักศึกษา,2022-11-10,2023-03-23,9,14,525.0,P-NDL-001,11,มาม่า
C11318,นักศึกษา,2022-11-30,2023-02-02,4,5,269.0,P-TEA-002,4,ชาซีลอน (เย็น)
C11319,นักศึกษา,2022-10-09,2022-10-09,1,1,45.0,P-TEA-002,1,ชาซีลอน (เย็น)
C11320,นักศึกษา,2022-10-03,2023-03-09,8,9,455.0,P-TEA-011,7,ชาเขียวมะนาว
C11321,นักศึกษา,2022-12-16,2023-09-06,10,17,644.0,P-COF-002,11,ลาเต้ (เย็น)
C11322,นักศึกษา,2022-09-30,2023-07-19,12,21,570.0,P-SOU-001,11,น้ำเปล่า
C11323,นักศึกษา,2022-10-12,2023-06-12,3,4,165.0,P-SOU-004,3,กรือโป๊ะนรา
C11324,นักศึกษา,2023-07-22,2023-09-04,3,4,150.0,P-COC-006,4,โกโก้ (ปั่น)
C11325,นักศึกษา,2022-09-28,2023-09-20,13,17,739.0,P-COC-002,12,โกโก้ (เย็น)
C11326,นักศึกษา,2023-01-17,2023-10-21,6,12,500.0,P-COC-002,8,โกโก้ (เย็น)
C11327,บุคลากร,2022-09-30,2024-01-17,48,68,2458.0,P-TEA-001,21,ชาเขียว (เย็น)
C11328,นักศึกษา,2022-09-29,2023-02-09,10,21,930.0,P-BAK-006,12,บานอฟฟี่
C11329,นักศึกษา,2022-10-04,2023-01-28,12,13,545.0,P-COF-002,7,ลาเต้ (เย็น)
C11330,นักศึกษา,2022-09-27,2023-02-17,14,23,700.0,P-SOU-001,11,น้ำเปล่า
C11331,นักศึกษา,2022-10-28,2023-07-19,5,10,359.0,P-FOD-001,8,แซนวิชโบราณ
C11332,นักศึกษา,2022-11-03,2023-12-22,4,4,194.0,P-BAK-003,4,เค้ก
C11333,นักศึกษา,2022-10-04,2023-10-20,56,88,3650.0,P-TEA-001,18,ชาเขียว (เย็น)
C11334,นักศึกษา,2022-10-05,2023-03-07,10,17,799.0,P-COF-002,12,ลาเต้ (เย็น)
C11335,บุคลากร,2022-10-07,2024-01-23,76,123,5180.0,P-TEA-002,31,ชาซีลอน (เย็น)
C11336,นักศึกษา,2022-09-30,2023-03-22,27,40,1743.0,P-TEA-001,11,ชาเขียว (เย็น)
C11337,นักศึกษา,2022-10-01,2022-10-10,3,4,224.0,P-COC-002,4,โกโก้ (เย็น)
C11338,นักศึกษา,2022-11-01,2023-07-07,9,10,420.0,P-COC-007,7,นมสดคาราเมล (ปั่น)
C11339,นักศึกษา,2022-10-01,2023-10-11,18,26,912.5,P-NDL-005,18,ซือดะรสต้มโคล้ง
C11340,นักศึกษา,2022-09-30,2023-07-14,6,9,374.0,P-COF-012,6,คาปูชิโน่ (ร้อน)
C11341,นักศึกษา,2022-12-07,2023-03-18,3,3,150.0,P-TEA-007,3,ชามะนาว (เย็น)
C11342,บุคลากร,2022-10-05,2023-12-14,26,33,1586.0,P-TEA-001,15,ชาเขียว (เย็น)
C11343,นักศึกษา,2022-12-26,2023-10-06,6,7,290.0,P-COC-002,6,โกโก้ (เย็น)
C11344,นักศึกษา,2022-09-30,2023-03-23,9,11,540.0,P-COF-009,9,มอคค่า (เย็น)
C11345,นักศึกษา,2022-12-24,2023-02-11,3,7,220.0,P-COF-003,5,คาปูชิโน่ (เย็น)
C11346,นักศึกษา,2022-10-03,2023-01-13,3,6,315.0,P-COC-002,6,โกโก้ (เย็น)
C11347,นักศึกษา,2022-11-14,2023-01-20,2,2,95.0,P-COF-004,2,อเมริกาโน่ส้ม
C11348,นักศึกษา,2022-10-20,2023-11-28,10,16,605.0,P-SOU-001,10,น้ำเปล่า
C11349,นักศึกษา,2022-10-05,2023-09-07,10,13,500.0,P-COC-002,7,โกโก้ (เย็น)
C11350,นักศึกษา,2022-12-17,2023-08-24,5,7,290.0,P-COF-010,7,อเมริกาโน่น้ำผึ้ง (เย็น)
C11352,บุคลากร,2022-10-07,2023-11-23,17,22,809.0,P-SOD-002,13,เลม่อนผสมน้ำผึ้ง
C11353,นักศึกษา,2022-10-25,2023-10-05,8,11,535.0,P-COC-005,8,นมสดคาราเมล (เย็น)
C11354,นักศึกษา,2022-11-07,2023-01-19,3,3,135.0,P-TEA-001,2,ชาเขียว (เย็น)
C11355,นักศึกษา,2022-10-07,2023-07-11,11,17,640.0,P-SMT-003,9,โอริโอ้ (ปั่น)
C11356,นักศึกษา,2022-10-25,2023-02-21,3,10,275.0,P-SOU-001,7,น้ำเปล่า
C11357,บุคลากร,2022-10-05,2024-01-29,62,98,3376.0,P-SOU-001,30,น้ำเปล่า
C11358,นักศึกษา,2022-10-05,2023-04-01,7,11,335.0,P-SOU-001,8,น้ำเปล่า
C11359,นักศึกษา,2022-11-24,2023-10-13,4,4,140.0,P-TEA-001,4,ชาเขียว (เย็น)
C11360,นักศึกษา,2023-03-16,2023-04-21,2,2,70.0,P-SNK-001,2,ขนมเลย์
C11361,นักศึกษา,2022-11-10,2023-02-09,4,6,225.0,P-TEA-004,5,ชามัทฉะ (เย็น)
C11362,นักศึกษา,2022-10-04,2024-01-24,10,19,835.0,P-COF-002,11,ลาเต้ (เย็น)
C11363,นักศึกษา,2022-12-24,2023-09-29,4,9,300.0,P-TOP-001,8,วุ้นบุก
C11364,นักศึกษา,2022-12-17,2023-01-04,2,3,169.0,P-TEA-010,2,ชาซีลอนดำ (เย็น)
C11365,บุคลากร,2022-10-11,2024-01-31,45,67,2625.0,P-COF-005,18,เอสเปรสโซ่ (เย็น)
C11366,นักศึกษา,2022-11-05,2023-09-21,13,21,965.0,P-COF-001,13,อเมริกาโน่ (เย็น)
C11367,นักศึกษา,2022-10-27,2023-11-23,13,25,1025.0,P-COF-017,13,ลาเตั (ปั่น)
C11368,นักศึกษา,2022-10-17,2023-10-30,18,31,943.0,P-SOU-001,16,น้ำเปล่า
C11369,นักศึกษา,2022-10-18,2022-12-26,8,12,570.0,P-COC-001,9,ช็อคโกแลต (เย็น)
C11370,นักศึกษา,2022-10-12,2023-08-16,5,5,255.0,P-TEA-004,4,ชามัทฉะ (เย็น)
C11371,นักศึกษา,2022-10-28,2023-06-28,5,15,315.0,P-FOD-001,8,แซนวิชโบราณ
C11372,นักศึกษา,2022-10-05,2023-03-10,7,8,340.0,P-COC-001,7,ช็อคโกแลต (เย็น)
C11373,นักศึกษา,2022-10-06,2023-09-16,9,19,845.0,P-SOD-009,12,มะม่วง
C11374,นักศึกษา,2022-10-06,2023-07-07,11,15,460.0,P-SOU-002,11,น้ำแข็ง
C11375,นักศึกษา,2022-11-01,2023-02-18,6,9,340.0,P-TEA-002,6,ชาซีลอน (เย็น)
C11376,นักศึกษา,2022-10-23,2023-02-06,12,13,445.0,P-SOU-001,11,น้ำเปล่า
C11377,นักศึกษา,2023-01-27,2023-04-06,4,5,230.0,P-COF-002,3,ลาเต้ (เย็น)
C11378,นักศึกษา,2023-02-04,2023-12-23,7,13,470.0,P-NDL-003,10,ไวไว
C11379,นักศึกษา,2022-10-28,2023-07-14,3,3,85.0,P-COF-002,3,ลาเต้ (เย็น)
C11380,บุคลากร,2022-10-10,2024-01-03,78,114,4220.0,P-COF-001,26,อเมริกาโน่ (เย็น)
C11381,นักศึกษา,2022-10-17,2023-03-19,10,11,400.0,P-SFT-001,7,โค้ก ออริจินอล
C11382,นักศึกษา,2022-10-10,2023-06-09,11,21,895.0,P-COF-001,10,อเมริกาโน่ (เย็น)
C11383,นักศึกษา,2022-11-12,2023-10-21,9,13,624.0,P-TEA-003,9,ชาเขียว (ปั่น)
C11384,นักศึกษา,2022-10-26,2022-12-25,2,2,80.0,P-COC-004,2,นมสด (เย็น)
C11385,นักศึกษา,2022-10-18,2023-08-30,7,11,536.0,P-TEA-001,7,ชาเขียว (เย็น)
C11386,นักศึกษา,2022-10-12,2023-05-05,9,14,525.0,P-COC-002,9,โกโก้ (เย็น)
C11387,นักศึกษา,2022-10-08,2023-07-03,9,15,680.0,P-SMT-003,11,โอริโอ้ (ปั่น)
C11388,นักศึกษา,2022-10-21,2023-06-05,10,15,713.0,P-SOD-001,10,สตรอเบอรี่
C11389,นักศึกษา,2022-10-08,2023-08-08,8,14,430.0,P-COF-002,7,ลาเต้ (เย็น)
C11390,นักศึกษา,2023-01-17,2023-08-19,5,7,170.0,P-FOD-001,6,แซนวิชโบราณ
C11391,นักศึกษา,2023-07-25,2023-09-17,2,8,165.0,P-SFT-001,4,โค้ก ออริจินอล
C11392,นักศึกษา,2023-04-20,2023-10-21,3,5,130.0,P-SOU-001,4,น้ำเปล่า
C11393,นักศึกษา,2022-10-10,2023-04-26,20,36,1407.0,P-BAK-001,18,ขนมซอง
C11394,นักศึกษา,2022-10-23,2023-08-12,21,27,1104.0,P-TEA-001,15,ชาเขียว (เย็น)
C11395,นักศึกษา,2022-10-20,2023-06-19,8,14,499.0,P-BAK-001,9,ขนมซอง
C11396,นักศึกษา,2022-10-28,2023-03-23,4,10,415.0,P-FOD-001,6,แซนวิชโบราณ
C11397,นักศึกษา,2022-11-10,2023-08-28,21,29,1355.0,P-SMT-002,15,แตงโม (ปั่น)
C11398,นักศึกษา,2022-10-18,2023-04-20,5,8,380.0,P-COF-002,5,ลาเต้ (เย็น)
C11399,นักศึกษา,2022-10-18,2023-10-26,26,39,1068.0,P-NDL-001,13,มาม่า
C11400,หน่วยงาน/โครงการ,2022-12-13,2023-07-12,5,44,1381.5,P-COF-006,17,อเมริกาโน่ช่อมะพร้าว
C11401,นักศึกษา,2022-10-25,2023-01-05,2,3,85.0,P-SFT-003,2,แฟนต้า น้ำแดง
C11402,บุคลากร,2022-10-19,2024-01-26,21,36,1724.0,P-NDL-002,18,ยำยำ
C11403,นักศึกษา,2022-11-16,2023-08-07,4,8,295.0,P-BAK-002,8,บราวนี่
C11404,นักศึกษา,2022-11-03,2023-07-20,8,12,615.0,P-TEA-003,5,ชาเขียว (ปั่น)
C11405,นักศึกษา,2022-10-16,2023-10-16,5,7,280.0,P-FOD-002,6,ข้าวกล่อง
C11406,นักศึกษา,2022-10-31,2023-07-12,6,13,544.0,P-COC-005,7,นมสดคาราเมล (เย็น)
C11407,นักศึกษา,2022-10-11,2023-03-13,22,38,1355.0,P-SOU-001,9,น้ำเปล่า
C11408,นักศึกษา,2022-10-11,2023-08-17,35,53,2090.5,P-COC-001,26,ช็อคโกแลต (เย็น)
C11409,นักศึกษา,2022-10-20,2023-10-07,16,23,900.0,P-TEA-007,13,ชามะนาว (เย็น)
C11410,บุคลากร,2022-10-12,2023-10-29,78,119,3726.0,P-SOU-001,24,น้ำเปล่า
C11411,นักศึกษา,2022-10-20,2023-03-07,8,9,385.0,P-TEA-001,5,ชาเขียว (เย็น)
C11412,นักศึกษา,2022-11-14,2023-02-21,2,3,105.0,P-TEA-001,3,ชาเขียว (เย็น)
C11413,นักศึกษา,2022-11-01,2023-03-21,13,16,710.0,P-COC-011,9,โกโก้ (ร้อน)
C11414,นักศึกษา,2023-01-03,2023-09-08,5,6,255.0,P-COF-002,4,ลาเต้ (เย็น)
C11415,นักศึกษา,2022-11-01,2023-11-23,23,29,1042.5,P-NDL-001,13,มาม่า
C11416,นักศึกษา,2022-10-31,2023-07-14,16,33,1537.0,P-COF-002,16,ลาเต้ (เย็น)
C11417,นักศึกษา,2022-10-20,2023-06-24,5,9,390.0,P-COF-002,6,ลาเต้ (เย็น)
C11418,นักศึกษา,2023-01-26,2023-12-25,6,8,388.0,P-BAK-016,8,มินิเค้กสดสตรอเบอรี่
C11419,นักศึกษา,2022-10-18,2023-12-24,28,40,1264.0,P-BAK-001,21,ขนมซอง
C11420,นักศึกษา,2022-10-31,2023-11-25,13,20,885.0,P-TEA-002,13,ชาซีลอน (เย็น)
C11421,นักศึกษา,2022-11-02,2023-02-17,10,13,555.0,P-COF-013,9,เอสเปรสโซ่ (ร้อน)
C11422,นักศึกษา,2022-10-15,2023-04-07,47,79,2312.0,P-SOU-001,22,น้ำเปล่า
C11423,นักศึกษา,2022-10-23,2023-08-10,15,18,695.0,P-COF-004,15,อเมริกาโน่ส้ม
C11424,นักศึกษา,2022-10-20,2023-07-03,14,18,660.0,P-COF-004,11,อเมริกาโน่ส้ม
C11425,นักศึกษา,2023-04-20,2024-01-04,5,9,335.0,P-NDL-002,4,ยำยำ
C11426,บุคลากร,2022-12-29,2023-12-14,15,19,817.0,P-COF-005,12,เอสเปรสโซ่ (เย็น)
C11427,นักศึกษา,2022-10-19,2023-09-28,4,6,250.0,P-COF-002,5,ลาเต้ (เย็น)
C11428,นักศึกษา,2022-11-01,2023-08-07,27,47,1834.0,P-SOU-003,12,น้ำช่อดอกมะพร้าว
C11429,นักศึกษา,2022-11-05,2023-09-21,16,33,1380.0,P-COC-002,19,โกโก้ (เย็น)
C11430,หน่วยงาน/โครงการ,2022-11-15,2024-01-17,31,341,12842.0,P-TEA-002,78,ชาซีลอน (เย็น)
C11431,นักศึกษา,2022-11-09,2023-08-16,4,13,455.0,P-FOD-001,8,แซนวิชโบราณ
C11432,นักศึกษา,2022-10-25,2023-09-11,12,22,870.0,P-COF-002,12,ลาเต้ (เย็น)
C11433,นักศึกษา,2022-10-21,2023-03-24,5,5,200.0,P-COC-001,5,ช็อคโกแลต (เย็น)
C11434,นักศึกษา,2022-12-24,2023-09-01,6,7,305.0,P-COF-009,5,มอคค่า (เย็น)
C11435,นักศึกษา,2022-11-07,2023-02-13,4,4,174.0,P-BAK-025,4,แซนวิชไก่หยอง
C11436,นักศึกษา,2022-11-01,2023-02-18,6,7,300.0,P-COC-005,6,นมสดคาราเมล (เย็น)
C11437,นักศึกษา,2022-12-25,2022-12-25,1,3,135.0,P-COC-004,2,นมสด (เย็น)
C11438,นักศึกษา,2022-11-09,2023-02-22,5,5,250.0,P-COC-003,5,ช็อคโกแลต (ปั่น)
C11439,นักศึกษา,2022-11-03,2023-07-21,4,5,250.0,P-FOD-006,4,อาหารคลีน
C11440,หน่วยงาน/โครงการ,2022-10-21,2023-07-05,4,99,1818.0,P-TEA-007,12,ชามะนาว (เย็น)
C11441,บุคลากร,2022-10-29,2024-01-24,18,23,845.0,P-COF-001,12,อเมริกาโน่ (เย็น)
C11442,นักศึกษา,2022-10-20,2023-03-30,7,10,370.0,P-COF-002,7,ลาเต้ (เย็น)
C11443,นักศึกษา,2022-11-10,2022-11-10,1,1,20.0,P-BAK-025,1,แซนวิชไก่หยอง
C11444,นักศึกษา,2022-11-24,2023-07-10,10,14,535.0,P-TEA-008,8,ชาแอปเปิ้ล (เย็น)
C11445,นักศึกษา,2022-10-28,2023-09-05,12,16,724.0,P-COC-008,10,โกโก้มิ้นท์
C11446,นักศึกษา,2022-10-26,2022-12-08,2,2,85.0,P-COC-014,2,นมสด (ร้อน)
C11448,นักศึกษา,2022-10-29,2023-06-28,12,16,565.0,P-COF-001,14,อเมริกาโน่ (เย็น)
C11449,นักศึกษา,2022-11-03,2023-06-26,5,13,465.0,P-COF-008,8,อเมริกาโน่ (ร้อน)
C11450,นักศึกษา,2022-12-12,2023-08-31,9,11,525.0,P-TEA-004,7,ชามัทฉะ (เย็น)
C11451,หน่วยงาน/โครงการ,2023-09-20,2023-09-20,1,15,690.0,P-COC-006,6,โกโก้ (ปั่น)
C11452,นักศึกษา,2022-10-23,2023-03-17,12,21,745.0,P-COC-006,12,โกโก้ (ปั่น)
C11453,นักศึกษา,2022-11-08,2023-08-20,16,24,844.0,P-COC-009,14,นมชมพู(นมเย็น)
C11454,นักศึกษา,2022-10-30,2023-02-16,9,14,840.0,P-COF-002,11,ลาเต้ (เย็น)
C11455,นักศึกษา,2022-11-03,2023-08-21,9,11,520.0,P-COF-014,9,ลาเต้ (ร้อน)
C11456,นักศึกษา,2022-11-07,2023-10-01,14,21,997.0,P-COF-002,14,ลาเต้ (เย็น)
C11457,นักศึกษา,2022-10-25,2023-09-21,15,20,890.0,P-TEA-004,11,ชามัทฉะ (เย็น)
C11458,นักศึกษา,2022-11-15,2023-10-09,4,5,165.0,P-COC-002,5,โกโก้ (เย็น)
C11459,นักศึกษา,2022-10-30,2023-09-21,8,14,630.0,P-COC-004,10,นมสด (เย็น)
C11460,นักศึกษา,2022-10-22,2023-11-01,8,14,635.0,P-COF-003,11,คาปูชิโน่ (เย็น)
C11461,บุคลากร,2022-11-03,2024-01-27,70,99,3975.0,P-COF-007,23,อเมริกาโน่น้ำผึ้งมะนาว
C11462,นักศึกษา,2022-10-25,2023-08-22,48,78,2733.0,P-NDL-001,24,มาม่า
C11463,นักศึกษา,2022-12-26,2023-06-03,9,17,520.0,P-SOU-001,7,น้ำเปล่า
C11464,นักศึกษา,2022-11-11,2023-03-22,3,4,185.0,P-COF-005,3,เอสเปรสโซ่ (เย็น)
C11465,นักศึกษา,2022-11-10,2023-10-05,8,11,383.0,P-SOU-001,9,น้ำเปล่า
C11466,นักศึกษา,2022-11-07,2023-06-27,18,27,1155.0,P-COC-002,12,โกโก้ (เย็น)
C11467,นักศึกษา,2023-01-25,2023-12-23,19,23,950.0,P-TEA-002,12,ชาซีลอน (เย็น)
C11468,นักศึกษา,2022-10-31,2023-03-16,11,16,595.0,P-NDL-001,11,มาม่า
C11469,นักศึกษา,2022-10-28,2024-01-02,7,8,325.0,P-COF-003,8,คาปูชิโน่ (เย็น)
C11470,นักศึกษา,2022-10-26,2023-03-21,12,18,588.0,P-SOU-001,13,น้ำเปล่า
C11471,นักศึกษา,2022-10-27,2023-09-11,22,29,1045.0,P-COF-010,15,อเมริกาโน่น้ำผึ้ง (เย็น)
C11472,นักศึกษา,2022-10-31,2024-01-23,15,24,935.0,P-TEA-001,13,ชาเขียว (เย็น)
C11473,นักศึกษา,2023-01-14,2023-08-30,5,6,265.0,P-TEA-001,6,ชาเขียว (เย็น)
C11474,นักศึกษา,2023-07-18,2023-07-18,1,2,90.0,P-COC-001,2,ช็อคโกแลต (เย็น)
C11475,นักศึกษา,2023-01-04,2023-01-04,1,1,50.0,P-COF-004,1,อเมริกาโน่ส้ม
C11476,นักศึกษา,2022-11-14,2023-02-09,3,3,150.0,P-COC-004,3,นมสด (เย็น)
C11477,นักศึกษา,2023-01-17,2023-05-18,4,5,205.0,P-TEA-004,5,ชามัทฉะ (เย็น)
C11478,นักศึกษา,2022-10-25,2023-08-03,20,24,950.0,P-TEA-005,12,ชาพีช (เย็น)
C11479,นักศึกษา,2022-10-31,2023-10-07,16,33,1269.0,P-NDL-001,16,มาม่า
C11480,นักศึกษา,2022-11-09,2023-08-17,7,8,345.0,P-COC-001,6,ช็อคโกแลต (เย็น)
C11481,นักศึกษา,2022-11-12,2023-02-21,11,20,785.0,P-TEA-001,10,ชาเขียว (เย็น)
C11482,นักศึกษา,2022-11-10,2023-03-22,7,9,390.0,P-COF-004,6,อเมริกาโน่ส้ม
C11483,บุคลากร,2022-10-27,2024-01-09,42,63,2123.5,P-COC-001,20,ช็อคโกแลต (เย็น)
C11484,นักศึกษา,2022-10-29,2023-08-19,9,11,395.0,P-COF-002,8,ลาเต้ (เย็น)
C11485,นักศึกษา,2022-12-29,2024-01-22,6,6,280.0,P-COC-002,5,โกโก้ (เย็น)
C11486,นักศึกษา,2022-10-29,2023-12-20,8,12,440.0,P-COF-005,10,เอสเปรสโซ่ (เย็น)
C11488,นักศึกษา,2022-12-05,2023-06-20,10,16,410.0,P-SOU-001,8,น้ำเปล่า
C11489,นักศึกษา,2022-11-03,2023-05-01,8,10,465.0,P-COF-010,6,อเมริกาโน่น้ำผึ้ง (เย็น)
C11490,นักศึกษา,2022-10-31,2023-12-19,8,13,505.0,P-COF-012,6,คาปูชิโน่ (ร้อน)
C11491,นักศึกษา,2022-11-08,2024-01-09,4,9,295.0,P-SFT-001,8,โค้ก ออริจินอล
C11492,นักศึกษา,2022-10-31,2023-09-26,18,26,865.0,P-NDL-001,17,มาม่า
C11493,บุคลากร,2022-11-10,2024-01-13,20,27,1105.0,P-SNK-002,14,ป็อกกี้
C11494,นักศึกษา,2022-11-05,2023-11-24,13,22,959.0,P-TEA-002,12,ชาซีลอน (เย็น)
C11495,นักศึกษา,2023-02-28,2023-08-23,9,14,455.0,P-SOU-001,8,น้ำเปล่า
C11496,นักศึกษา,2023-02-10,2023-09-25,2,3,95.0,P-SNK-001,3,ขนมเลย์
C11497,นักศึกษา,2022-11-24,2023-03-17,5,11,490.0,P-COC-009,5,นมชมพู(นมเย็น)
C11498,นักศึกษา,2022-11-13,2023-09-19,13,21,785.0,P-TEA-001,12,ชาเขียว (เย็น)
C11499,นักศึกษา,2023-03-05,2023-09-18,3,6,255.0,P-COF-009,5,มอคค่า (เย็น)
C11500,นักศึกษา,2022-11-17,2023-10-10,8,9,425.0,P-COC-001,5,ช็อคโกแลต (เย็น)
C11501,นักศึกษา,2022-12-07,2023-06-22,3,4,195.0,P-COC-001,4,ช็อคโกแลต (เย็น)
C11502,นักศึกษา,2023-01-13,2023-03-25,3,4,105.0,P-BAK-002,4,บราวนี่
C11503,นักศึกษา,2022-11-07,2023-03-07,20,31,1322.0,P-COF-002,16,ลาเต้ (เย็น)
C11504,บุคลากร,2022-10-30,2024-01-10,30,41,1768.0,P-COC-006,23,โกโก้ (ปั่น)
C11505,บุคลากร,2022-11-22,2023-10-28,34,53,2493.0,P-COF-005,17,เอสเปรสโซ่ (เย็น)
C11506,นักศึกษา,2022-11-08,2023-05-28,11,15,699.0,P-TEA-004,9,ชามัทฉะ (เย็น)
C11507,นักศึกษา,2022-12-14,2023-06-25,3,4,145.0,P-TEA-004,3,ชามัทฉะ (เย็น)
C11508,นักศึกษา,2022-11-10,2024-01-30,31,40,1465.5,P-FOD-005,19,ไข่กระทะ
C11509,นักศึกษา,2023-01-31,2023-06-30,4,8,389.0,P-TEA-001,6,ชาเขียว (เย็น)
C11510,นักศึกษา,2022-12-27,2023-03-31,5,9,457.0,P-BAK-006,6,บานอฟฟี่
C11511,นักศึกษา,2022-12-01,2023-08-08,10,23,800.0,P-FOD-001,13,แซนวิชโบราณ
C11512,นักศึกษา,2022-10-31,2024-01-30,62,108,4223.0,P-COF-006,32,อเมริกาโน่ช่อมะพร้าว
C11513,นักศึกษา,2023-01-06,2023-10-04,7,12,468.0,P-COF-002,9,ลาเต้ (เย็น)
C11514,นักศึกษา,2022-11-10,2023-07-04,9,13,470.0,P-TEA-009,10,ชากุหลาบนมสด
C11515,นักศึกษา,2022-11-06,2023-03-18,21,31,1435.0,P-COF-007,17,อเมริกาโน่น้ำผึ้งมะนาว
C11516,นักศึกษา,2023-08-13,2023-08-13,1,2,90.0,P-TEA-002,2,ชาซีลอน (เย็น)
C11517,นักศึกษา,2022-11-10,2023-04-18,3,6,274.0,P-BAK-001,5,ขนมซอง
C11518,นักศึกษา,2022-11-03,2023-09-21,23,38,1370.0,P-TEA-003,20,ชาเขียว (ปั่น)
C11519,นักศึกษา,2022-11-06,2023-04-05,6,8,265.0,P-NDL-001,7,มาม่า
C11520,นักศึกษา,2023-04-01,2023-11-29,4,5,224.0,P-BAK-012,5,มินิเค้กช็อกโกแลต
C11521,นักศึกษา,2022-12-06,2023-04-29,5,6,260.0,P-COC-004,6,นมสด (เย็น)
C11522,หน่วยงาน/โครงการ,2022-11-19,2023-11-22,11,120,4319.0,P-FOD-001,36,แซนวิชโบราณ
C11523,บุคลากร,2023-03-31,2023-11-21,7,9,215.0,P-SOU-001,7,น้ำเปล่า
C11524,นักศึกษา,2022-11-04,2023-09-12,15,20,909.0,P-TEA-001,13,ชาเขียว (เย็น)
C11525,นักศึกษา,2023-02-10,2023-07-20,3,4,105.0,P-BAK-002,4,บราวนี่
C11526,นักศึกษา,2022-11-23,2023-02-26,6,7,295.0,P-BAK-001,6,ขนมซอง
C11527,นักศึกษา,2022-11-19,2023-10-29,52,80,2871.0,P-SOU-001,25,น้ำเปล่า
C11528,นักศึกษา,2022-11-02,2023-07-06,8,13,569.0,P-COC-003,11,ช็อคโกแลต (ปั่น)
C11529,บุคลากร,2022-11-04,2023-05-21,40,66,1980.0,P-NDL-001,21,มาม่า
C11530,นักศึกษา,2022-11-04,2023-01-18,6,7,353.0,P-BAK-003,5,เค้ก
C11531,นักศึกษา,2023-01-04,2023-09-28,6,7,255.0,P-NDL-010,5,มาม่ารุสกี้
C11532,นักศึกษา,2022-11-10,2023-03-14,4,9,415.0,P-TEA-019,8,ชาเขียว (ร้อน)
C11533,บุคลากร,2022-11-04,2024-01-28,173,274,10924.0,P-COF-001,42,อเมริกาโน่ (เย็น)
C11534,นักศึกษา,2022-11-04,2023-03-14,18,36,1190.0,P-BAK-001,14,ขนมซอง
C11535,นักศึกษา,2022-12-06,2023-09-19,9,12,425.0,P-COC-001,8,ช็อคโกแลต (เย็น)
C11536,นักศึกษา,2022-11-09,2023-04-09,15,19,992.0,P-COC-001,14,ช็อคโกแลต (เย็น)
C11537,นักศึกษา,2022-11-07,2023-03-03,14,18,880.0,P-COC-001,8,ช็อคโกแลต (เย็น)
C11538,นักศึกษา,2022-11-16,2023-03-30,7,7,305.0,P-COF-001,5,อเมริกาโน่ (เย็น)
C11539,นักศึกษา,2022-11-07,2023-02-13,8,12,530.0,P-NDL-001,8,มาม่า
C11540,นักศึกษา,2023-09-23,2023-09-23,1,2,45.0,P-NDL-001,2,มาม่า
C11541,นักศึกษา,2022-11-10,2023-03-17,4,6,265.0,P-TEA-006,5,ชาน้ำผึ้งมะนาว (เย็น)
C11542,บุคลากร,2022-11-17,2024-01-09,46,64,2785.0,P-COF-005,25,เอสเปรสโซ่ (เย็น)
C11543,นักศึกษา,2022-11-08,2023-06-10,7,11,420.0,P-COF-001,5,อเมริกาโน่ (เย็น)
C11544,นักศึกษา,2022-11-10,2024-01-24,4,4,165.0,P-BAK-025,4,แซนวิชไก่หยอง
C11545,นักศึกษา,2022-12-02,2023-07-03,3,3,75.0,P-SOD-004,3,พีช
C11546,บุคลากร,2022-11-07,2023-09-19,131,200,8281.0,P-TEA-003,46,ชาเขียว (ปั่น)
C11547,นักศึกษา,2022-11-26,2023-10-05,13,25,939.0,P-SNK-001,14,ขนมเลย์
C11548,นักศึกษา,2023-05-20,2023-09-24,3,4,180.0,P-COC-002,4,โกโก้ (เย็น)
C11549,นักศึกษา,2023-01-09,2023-10-02,6,8,380.0,P-TEA-004,7,ชามัทฉะ (เย็น)
C11550,นักศึกษา,2022-11-12,2023-06-28,3,3,135.0,P-COF-001,3,อเมริกาโน่ (เย็น)
C11551,นักศึกษา,2022-11-16,2023-10-09,26,33,1345.0,P-SMT-006,16,สตรอเบอรี่ (ปั่น)
C11552,นักศึกษา,2022-11-28,2022-11-28,1,1,45.0,P-COF-002,1,ลาเต้ (เย็น)
C11553,นักศึกษา,2022-11-14,2023-05-20,8,12,435.0,P-SMT-001,9,สมูตตี้ สตรอเบอรี่
C11554,นักศึกษา,2022-12-02,2023-09-03,16,21,848.0,P-TEA-017,15,ชาสตรอเบอรี่ (เย็น)
C11555,นักศึกษา,2023-05-16,2023-05-16,1,2,105.0,P-COF-009,2,มอคค่า (เย็น)
C11556,นักศึกษา,2023-01-14,2023-07-23,2,3,183.0,P-BAK-003,3,เค้ก
C11557,นักศึกษา,2022-11-15,2023-03-31,5,8,419.0,P-TEA-002,5,ชาซีลอน (เย็น)
C11558,นักศึกษา,2022-11-28,2023-10-13,10,21,855.0,P-COF-008,13,อเมริกาโน่ (ร้อน)
C11559,นักศึกษา,2022-12-08,2023-11-05,9,13,643.0,P-COC-008,11,โกโก้มิ้นท์
C11560,นักศึกษา,2022-11-18,2023-10-20,11,20,840.0,P-SMT-001,16,สมูตตี้ สตรอเบอรี่
C11561,บุคลากร,2022-12-26,2024-01-29,20,32,1218.0,P-FOD-001,14,แซนวิชโบราณ
C11562,นักศึกษา,2022-12-01,2023-05-16,5,5,220.0,P-COC-002,5,โกโก้ (เย็น)
C11563,นักศึกษา,2022-11-15,2023-10-22,10,17,629.0,P-COF-004,8,อเมริกาโน่ส้ม
C11564,นักศึกษา,2023-01-24,2023-07-23,9,13,520.0,P-COC-002,7,โกโก้ (เย็น)
C11565,นักศึกษา,2022-12-15,2024-01-18,8,16,625.0,P-COF-001,8,อเมริกาโน่ (เย็น)
C11566,นักศึกษา,2022-11-22,2022-12-02,2,3,110.0,P-BAK-001,3,ขนมซอง
C11567,นักศึกษา,2022-12-09,2023-07-03,7,11,395.0,P-SFT-005,8,สไปรท์
C11568,นักศึกษา,2023-04-20,2023-10-27,3,5,125.0,P-NDL-001,4,มาม่า
C11569,นักศึกษา,2022-11-30,2023-08-24,26,50,2105.0,P-COF-001,20,อเมริกาโน่ (เย็น)
C11570,นักศึกษา,2022-12-01,2023-07-17,10,22,455.0,P-SOU-001,10,น้ำเปล่า
C11571,นักศึกษา,2022-12-01,2023-07-12,2,2,95.0,P-COF-004,2,อเมริกาโน่ส้ม
C11572,บุคลากร,2022-12-07,2023-11-27,11,14,530.0,P-COF-004,6,อเมริกาโน่ส้ม
C11573,บุคลากร,2022-11-11,2024-01-24,96,146,5541.0,P-COF-001,30,อเมริกาโน่ (เย็น)
C11574,นักศึกษา,2022-11-28,2022-11-28,1,1,10.0,P-SOU-001,1,น้ำเปล่า
C11575,นักศึกษา,2022-11-24,2023-12-17,7,9,320.0,P-SOU-001,7,น้ำเปล่า
C11576,นักศึกษา,2022-12-24,2023-10-12,5,9,405.0,P-COF-001,6,อเมริกาโน่ (เย็น)
C11577,นักศึกษา,2023-03-05,2023-09-20,4,7,320.0,P-TEA-005,4,ชาพีช (เย็น)
C11578,บุคลากร,2022-11-25,2023-12-07,47,71,2880.0,P-COC-002,27,โกโก้ (เย็น)
C11579,นักศึกษา,2022-11-15,2023-09-04,4,5,135.0,P-NDL-003,4,ไวไว
C11580,นักศึกษา,2022-11-12,2023-03-08,13,22,930.0,P-TEA-001,11,ชาเขียว (เย็น)
C11581,นักศึกษา,2022-12-26,2023-09-20,3,5,195.0,P-TEA-001,4,ชาเขียว (เย็น)
C11582,นักศึกษา,2023-09-11,2023-09-11,1,1,50.0,P-COF-011,1,คาราเมลมัคคีอาโต้
C11583,นักศึกษา,2022-11-21,2023-08-13,5,7,330.0,P-COF-002,5,ลาเต้ (เย็น)
C11584,นักศึกษา,2022-12-14,2023-03-15,11,19,852.0,P-COC-005,10,นมสดคาราเมล (เย็น)
C11585,นักศึกษา,2022-11-18,2023-04-28,3,4,170.0,P-SNK-006,4,สแน็กแจ็ค
C11586,นักศึกษา,2023-02-13,2023-08-16,3,4,185.0,P-COF-001,3,อเมริกาโน่ (เย็น)
C11587,นักศึกษา,2023-07-21,2023-09-20,3,6,285.0,P-COF-002,4,ลาเต้ (เย็น)
C11588,นักศึกษา,2022-11-30,2023-09-21,30,42,1690.0,P-SOD-001,16,สตรอเบอรี่
C11589,นักศึกษา,2023-02-23,2023-07-06,5,12,454.0,P-NDL-001,10,มาม่า
C11590,นักศึกษา,2022-12-20,2023-12-02,21,29,1189.0,P-COC-001,15,ช็อคโกแลต (เย็น)
C11591,บุคลากร,2022-11-14,2024-01-19,51,83,3272.0,P-COF-001,26,อเมริกาโน่ (เย็น)
C11592,นักศึกษา,2022-11-14,2023-02-20,6,7,320.0,P-TEA-003,4,ชาเขียว (ปั่น)
C11593,นักศึกษา,2022-11-24,2023-05-15,10,15,680.0,P-COF-002,8,ลาเต้ (เย็น)
C11594,นักศึกษา,2022-11-15,2023-09-20,7,11,475.0,P-COF-004,8,อเมริกาโน่ส้ม
C11595,นักศึกษา,2023-02-09,2023-03-20,2,4,110.0,P-BAK-008,4,เค้กช็อคหน้านิ่ม
C11596,นักศึกษา,2023-02-01,2023-09-24,6,8,310.0,P-COF-001,4,อเมริกาโน่ (เย็น)
C11597,นักศึกษา,2023-01-12,2023-10-16,8,10,440.0,P-COC-001,8,ช็อคโกแลต (เย็น)
C11598,นักศึกษา,2023-01-12,2023-10-30,8,12,430.0,P-SMT-002,9,แตงโม (ปั่น)
C11599,บุคลากร,2022-12-08,2023-08-11,25,34,1425.0,P-TEA-004,17,ชามัทฉะ (เย็น)
C11600,นักศึกษา,2023-01-15,2023-09-09,11,13,585.0,P-TEA-004,9,ชามัทฉะ (เย็น)
C11601,นักศึกษา,2022-12-25,2023-03-27,5,6,245.0,P-TEA-001,4,ชาเขียว (เย็น)
C11602,บุคลากร,2023-01-17,2023-11-28,20,25,1050.0,P-TEA-001,14,ชาเขียว (เย็น)
C11603,นักศึกษา,2023-11-17,2023-11-25,2,3,130.0,P-SOU-006,3,คอร์นเฟรก
C11604,นักศึกษา,2022-11-30,2023-06-23,4,4,185.0,P-COF-002,2,ลาเต้ (เย็น)
C11605,นักศึกษา,2023-01-09,2023-08-19,2,2,100.0,P-COC-006,2,โกโก้ (ปั่น)
C11606,นักศึกษา,2023-01-15,2023-06-30,3,6,220.0,P-COC-009,4,นมชมพู(นมเย็น)
C11607,นักศึกษา,2023-03-06,2023-03-06,1,1,45.0,P-COF-003,1,คาปูชิโน่ (เย็น)
C11608,นักศึกษา,2023-02-22,2023-10-19,8,11,447.0,P-SFT-001,9,โค้ก ออริจินอล
C11609,นักศึกษา,2022-12-24,2023-09-08,8,9,390.0,P-TEA-007,7,ชามะนาว (เย็น)
C11610,นักศึกษา,2022-12-03,2023-03-17,7,7,315.0,P-COF-006,6,อเมริกาโน่ช่อมะพร้าว
C11611,นักศึกษา,2022-12-01,2023-10-17,9,13,520.0,P-NDL-001,10,มาม่า
C11612,นักศึกษา,2022-12-28,2023-05-15,12,18,787.0,P-COC-004,11,นมสด (เย็น)
C11613,หน่วยงาน/โครงการ,2023-09-20,2023-09-21,2,19,205.0,P-SOU-001,6,น้ำเปล่า
C11614,นักศึกษา,2022-11-30,2023-03-21,8,11,490.0,P-COF-005,10,เอสเปรสโซ่ (เย็น)
C11615,นักศึกษา,2022-11-28,2023-03-13,21,39,1379.0,P-COF-020,19,มอคค่า (ร้อน)
C11616,นักศึกษา,2022-12-21,2023-10-04,16,20,540.0,P-NDL-002,13,ยำยำ
C11617,บุคลากร,2022-11-19,2024-01-28,120,232,9216.0,P-COC-001,41,ช็อคโกแลต (เย็น)
C11618,นักศึกษา,2023-02-23,2023-10-28,6,12,425.0,P-SMT-008,9,สมูตตี้ มะม่วง
C11619,นักศึกษา,2022-11-22,2023-10-09,12,15,485.0,P-SOU-001,9,น้ำเปล่า
C11620,นักศึกษา,2022-12-09,2023-05-31,18,31,1208.0,P-TEA-001,16,ชาเขียว (เย็น)
C11621,นักศึกษา,2022-12-01,2023-08-21,10,16,799.0,P-SOD-001,9,สตรอเบอรี่
C11622,นักศึกษา,2023-01-17,2023-07-07,3,5,165.0,P-COC-006,5,โกโก้ (ปั่น)
C11623,นักศึกษา,2023-01-21,2024-01-22,14,16,545.0,P-SFT-001,9,โค้ก ออริจินอล
C11624,นักศึกษา,2022-12-01,2023-02-13,2,2,95.0,P-COF-005,2,เอสเปรสโซ่ (เย็น)
C11625,นักศึกษา,2022-12-24,2023-02-22,3,3,105.0,P-SOU-001,3,น้ำเปล่า
C11626,นักศึกษา,2023-01-10,2023-03-20,3,3,130.0,P-COF-001,3,อเมริกาโน่ (เย็น)
C11627,นักศึกษา,2023-01-23,2023-09-16,4,6,253.0,P-TEA-004,5,ชามัทฉะ (เย็น)
C11628,นักศึกษา,2023-03-02,2023-07-03,4,6,265.0,P-TEA-001,5,ชาเขียว (เย็น)
C11629,บุคลากร,2022-12-09,2023-12-19,40,61,2320.0,P-TEA-001,18,ชาเขียว (เย็น)
C11630,บุคลากร,2022-12-11,2024-01-23,29,36,1592.0,P-COF-001,13,อเมริกาโน่ (เย็น)
C11631,นักศึกษา,2022-12-14,2023-12-03,20,40,1565.0,P-TEA-002,17,ชาซีลอน (เย็น)
C11632,นักศึกษา,2023-02-07,2024-01-17,7,8,350.0,P-TEA-003,7,ชาเขียว (ปั่น)
C11633,นักศึกษา,2022-12-05,2023-10-21,7,10,320.0,P-NDL-001,7,มาม่า
C11634,นักศึกษา,2023-05-19,2023-09-13,4,6,233.0,P-FOD-002,5,ข้าวกล่อง
C11635,นักศึกษา,2023-04-08,2023-07-04,3,4,115.0,P-NDL-003,3,ไวไว
C11636,นักศึกษา,2022-12-25,2023-12-07,22,30,1055.0,P-TEA-006,14,ชาน้ำผึ้งมะนาว (เย็น)
C11637,นักศึกษา,2023-01-05,2023-09-26,5,7,275.0,P-TEA-001,6,ชาเขียว (เย็น)
C11638,นักศึกษา,2022-12-14,2023-06-04,10,14,520.0,P-FOD-001,7,แซนวิชโบราณ
C11639,บุคลากร,2022-12-03,2023-07-25,12,14,569.0,P-COF-001,8,อเมริกาโน่ (เย็น)
C11640,นักศึกษา,2022-12-05,2023-06-26,6,10,285.0,P-SOU-004,9,กรือโป๊ะนรา
C11641,นักศึกษา,2023-01-15,2023-09-21,9,18,770.0,P-SOU-002,9,น้ำแข็ง
C11642,นักศึกษา,2022-12-01,2023-04-09,7,9,355.0,P-OTH-004,7,กล้วยเส้นคละรส
C11643,บุคลากร,2022-11-28,2023-06-26,68,101,4576.0,P-COF-002,22,ลาเต้ (เย็น)
C11644,นักศึกษา,2022-12-04,2023-01-17,2,3,85.0,P-SNK-035,3,เลย์น้ำพริกกุ้งทรงเครื่อง
C11645,นักศึกษา,2022-12-02,2023-01-21,3,3,120.0,P-SOD-003,3,ลิ้นจี่
C11646,บุคลากร,2022-12-21,2024-01-18,26,33,1173.0,P-COF-004,16,อเมริกาโน่ส้ม
C11647,นักศึกษา,2022-12-02,2023-07-11,11,17,555.0,P-BAK-001,9,ขนมซอง
C11648,นักศึกษา,2022-11-24,2023-10-01,18,34,1157.0,P-SOU-002,17,น้ำแข็ง
C11649,นักศึกษา,2022-12-15,2023-01-16,2,2,90.0,P-TEA-001,1,ชาเขียว (เย็น)
C11650,นักศึกษา,2023-01-31,2023-06-26,8,11,505.0,P-COF-002,8,ลาเต้ (เย็น)
C11651,นักศึกษา,2023-01-05,2023-03-22,5,7,310.0,P-COF-003,6,คาปูชิโน่ (เย็น)
C11652,บุคลากร,2022-12-01,2024-01-26,89,147,4800.0,P-SOU-001,30,น้ำเปล่า
C11653,บุคลากร,2022-12-20,2023-11-24,12,18,835.0,P-COF-009,10,มอคค่า (เย็น)
C11654,นักศึกษา,2022-11-26,2022-12-24,4,8,249.0,P-BAK-001,7,ขนมซอง
C11655,นักศึกษา,2023-02-18,2023-07-19,3,8,240.0,P-TOP-001,6,วุ้นบุก
C11656,นักศึกษา,2022-12-07,2023-05-13,5,8,200.0,P-TEA-010,6,ชาซีลอนดำ (เย็น)
C11657,นักศึกษา,2023-11-26,2024-01-09,2,3,115.0,P-TEA-006,2,ชาน้ำผึ้งมะนาว (เย็น)
C11658,บุคลากร,2022-11-28,2023-12-24,28,38,1730.0,P-COF-004,21,อเมริกาโน่ส้ม
C11659,นักศึกษา,2023-06-22,2023-10-28,3,3,130.0,P-COF-015,2,คาปูชิโน่ (ปั่น)
C11660,นักศึกษา,2022-11-29,2023-08-14,8,13,410.0,P-SNK-004,8,โคอะล่ามาร์ช
C11661,นักศึกษา,2023-01-30,2023-05-31,5,5,225.0,P-COF-001,5,อเมริกาโน่ (เย็น)
C11662,นักศึกษา,2022-12-16,2023-04-08,7,8,360.0,P-COC-005,6,นมสดคาราเมล (เย็น)
C11664,นักศึกษา,2023-01-24,2023-12-13,3,5,230.0,P-COC-006,4,โกโก้ (ปั่น)
C11665,นักศึกษา,2022-12-09,2023-09-14,17,21,770.0,P-SNK-003,13,เทสโต้
C11666,นักศึกษา,2022-12-05,2023-07-13,4,10,225.0,P-NDL-001,8,มาม่า
C11667,นักศึกษา,2023-06-10,2023-09-11,3,6,270.0,P-COF-001,6,อเมริกาโน่ (เย็น)
C11668,นักศึกษา,2023-05-12,2023-09-24,3,4,185.0,P-COF-002,4,ลาเต้ (เย็น)
C11669,นักศึกษา,2023-03-11,2023-09-21,5,17,515.0,P-SOU-001,10,น้ำเปล่า
C11670,นักศึกษา,2023-01-22,2023-03-01,2,2,75.0,P-NDL-003,2,ไวไว
C11671,นักศึกษา,2022-12-02,2023-05-24,12,17,970.0,P-COF-017,11,ลาเตั (ปั่น)
C11672,นักศึกษา,2023-01-05,2023-07-24,7,9,405.0,P-COC-002,4,โกโก้ (เย็น)
C11673,นักศึกษา,2022-12-01,2023-11-11,8,11,593.0,P-COC-001,8,ช็อคโกแลต (เย็น)
C11674,นักศึกษา,2022-12-06,2023-07-04,14,19,510.0,P-SOU-001,9,น้ำเปล่า
C11675,บุคลากร,2022-11-30,2024-01-30,87,132,6032.0,P-TEA-001,30,ชาเขียว (เย็น)
C11676,นักศึกษา,2023-04-20,2023-07-07,3,6,225.0,P-FOD-003,4,ขนมจีบกุ้ง
C11677,นักศึกษา,2022-12-02,2023-10-11,6,12,540.0,P-COC-003,7,ช็อคโกแลต (ปั่น)
C11678,นักศึกษา,2023-01-30,2023-06-07,4,4,165.0,P-TEA-003,4,ชาเขียว (ปั่น)
C11679,นักศึกษา,2022-12-24,2023-06-28,6,8,365.0,P-SMT-002,7,แตงโม (ปั่น)
C11680,นักศึกษา,2023-02-15,2023-04-06,2,2,90.0,P-BAK-029,2,เค้กสตอเบอร์รี่หน้านิ่ม
C11681,นักศึกษา,2022-12-28,2023-09-09,4,7,334.0,P-COF-011,6,คาราเมลมัคคีอาโต้
C11682,นักศึกษา,2022-12-29,2023-03-20,4,4,170.0,P-SMT-007,4,แอปเปิ้ล (ปั่น)
C11683,นักศึกษา,2022-12-11,2023-05-24,14,23,810.0,P-COF-003,14,คาปูชิโน่ (เย็น)
C11684,นักศึกษา,2022-12-04,2023-09-13,13,17,784.0,P-TEA-001,9,ชาเขียว (เย็น)
C11685,นักศึกษา,2022-12-04,2023-10-17,9,17,620.0,P-SOD-001,10,สตรอเบอรี่
C11686,นักศึกษา,2022-12-06,2023-04-05,34,56,2463.0,P-COF-002,21,ลาเต้ (เย็น)
C11687,นักศึกษา,2022-12-20,2023-09-17,4,6,220.0,P-COF-006,6,อเมริกาโน่ช่อมะพร้าว
C11688,นักศึกษา,2023-02-13,2023-02-13,1,2,95.0,P-COF-002,2,ลาเต้ (เย็น)
C11689,นักศึกษา,2022-12-15,2023-05-31,6,7,285.0,P-COF-004,4,อเมริกาโน่ส้ม
C11690,นักศึกษา,2023-01-12,2024-01-28,20,36,1235.0,P-TEA-001,16,ชาเขียว (เย็น)
C11691,นักศึกษา,2023-01-16,2023-08-29,5,5,175.0,P-COF-003,5,คาปูชิโน่ (เย็น)
C11692,นักศึกษา,2022-12-09,2023-09-21,9,21,945.0,P-COC-005,16,นมสดคาราเมล (เย็น)
C11693,นักศึกษา,2023-02-04,2023-07-04,4,9,310.0,P-SOU-002,6,น้ำแข็ง
C11694,นักศึกษา,2023-01-03,2023-06-20,4,11,505.0,P-COF-010,8,อเมริกาโน่น้ำผึ้ง (เย็น)
C11695,นักศึกษา,2022-12-21,2022-12-21,1,1,40.0,P-TEA-019,1,ชาเขียว (ร้อน)
C11696,นักศึกษา,2022-12-24,2023-07-03,15,34,1128.0,P-SFT-002,18,สิงห์เลม่อนโซดา
C11697,นักศึกษา,2023-01-05,2023-10-21,5,5,205.0,P-TEA-006,4,ชาน้ำผึ้งมะนาว (เย็น)
C11698,นักศึกษา,2022-12-12,2023-10-05,22,41,1429.0,P-SNK-008,18,ขนมซีมอน
C11699,นักศึกษา,2022-12-24,2023-10-28,9,14,450.0,P-NDL-001,9,มาม่า
C11700,นักศึกษา,2022-12-13,2023-03-02,6,12,320.0,P-SFT-001,8,โค้ก ออริจินอล
C11701,นักศึกษา,2022-12-13,2023-04-20,2,3,100.0,P-COF-001,3,อเมริกาโน่ (เย็น)
C11702,นักศึกษา,2023-05-27,2023-06-06,2,2,55.0,P-SOD-003,2,ลิ้นจี่
C11703,นักศึกษา,2023-04-28,2023-08-21,3,3,115.0,P-COF-002,2,ลาเต้ (เย็น)
C11704,นักศึกษา,2022-12-24,2023-07-03,8,12,520.0,P-COF-002,11,ลาเต้ (เย็น)
C11705,นักศึกษา,2023-03-13,2023-09-20,4,10,310.0,P-COC-002,7,โกโก้ (เย็น)
C11706,นักศึกษา,2023-01-28,2023-07-25,9,10,405.0,P-TEA-001,6,ชาเขียว (เย็น)
C11707,นักศึกษา,2023-01-27,2023-01-27,1,1,45.0,P-COF-002,1,ลาเต้ (เย็น)
C11708,นักศึกษา,2022-12-15,2023-08-05,9,12,460.0,P-BAK-002,10,บราวนี่
C11709,นักศึกษา,2022-12-20,2023-11-03,16,19,847.0,P-BAK-005,13,แอลแคร์
C11710,นักศึกษา,2023-01-19,2023-01-20,2,2,95.0,P-COF-003,2,คาปูชิโน่ (เย็น)
C11711,นักศึกษา,2023-01-08,2023-11-27,6,9,345.0,P-TEA-006,6,ชาน้ำผึ้งมะนาว (เย็น)
C11712,นักศึกษา,2022-12-06,2023-11-24,8,13,389.0,P-SOU-001,9,น้ำเปล่า
C11713,บุคลากร,2022-12-07,2024-01-23,62,103,3697.0,P-SOU-001,32,น้ำเปล่า
C11714,บุคลากร,2022-12-08,2023-12-16,26,39,1549.0,P-COF-001,19,อเมริกาโน่ (เย็น)
C11715,นักศึกษา,2023-07-12,2023-09-15,4,6,214.0,P-SFT-002,3,สิงห์เลม่อนโซดา
C11716,นักศึกษา,2023-01-12,2023-08-03,4,5,150.0,P-SOU-001,5,น้ำเปล่า
C11717,นักศึกษา,2022-12-07,2023-08-28,15,17,730.0,P-TEA-006,12,ชาน้ำผึ้งมะนาว (เย็น)
C11718,นักศึกษา,2022-12-29,2023-09-19,3,5,180.0,P-COC-009,4,นมชมพู(นมเย็น)
C11719,นักศึกษา,2022-12-24,2023-07-17,10,16,555.0,P-COF-010,10,อเมริกาโน่น้ำผึ้ง (เย็น)
C11720,นักศึกษา,2023-02-03,2023-09-20,7,11,300.0,P-BAK-005,7,แอลแคร์
C11721,นักศึกษา,2022-12-25,2023-11-25,16,26,1104.0,P-BAK-017,14,ขนมปัง
C11722,นักศึกษา,2022-12-25,2023-09-18,7,9,445.0,P-COF-011,6,คาราเมลมัคคีอาโต้
C11723,นักศึกษา,2022-12-08,2023-02-23,3,6,205.0,P-COF-008,4,อเมริกาโน่ (ร้อน)
C11724,นักศึกษา,2023-02-25,2023-06-03,3,3,100.0,P-SFT-004,2,โค้ก zero
C11725,นักศึกษา,2022-12-16,2023-10-19,20,27,855.0,P-TEA-009,14,ชากุหลาบนมสด
C11726,นักศึกษา,2023-07-05,2023-07-05,1,1,20.0,P-SNK-008,1,ขนมซีมอน
C11727,นักศึกษา,2022-12-23,2023-07-13,14,18,948.0,P-COC-003,10,ช็อคโกแลต (ปั่น)
C11728,บุคลากร,2023-02-16,2023-12-03,12,19,765.0,P-TEA-001,10,ชาเขียว (เย็น)
C11729,นักศึกษา,2023-02-24,2024-01-12,8,11,475.0,P-COC-002,6,โกโก้ (เย็น)
C11730,นักศึกษา,2022-12-21,2023-12-03,12,14,708.0,P-COF-002,9,ลาเต้ (เย็น)
C11731,นักศึกษา,2023-09-21,2023-10-08,4,10,400.0,P-TEA-007,7,ชามะนาว (เย็น)
C11732,นักศึกษา,2023-02-22,2023-09-27,7,9,220.0,P-SOU-001,6,น้ำเปล่า
C11733,นักศึกษา,2023-08-30,2023-09-09,2,4,180.0,P-COF-001,3,อเมริกาโน่ (เย็น)
C11734,นักศึกษา,2023-03-10,2023-06-28,4,5,230.0,P-TEA-001,2,ชาเขียว (เย็น)
C11735,นักศึกษา,2022-12-15,2024-01-14,8,12,550.0,P-COF-007,9,อเมริกาโน่น้ำผึ้งมะนาว
C11736,นักศึกษา,2022-12-13,2023-07-10,27,39,1884.0,P-TEA-005,18,ชาพีช (เย็น)
C11737,นักศึกษา,2022-12-24,2023-05-03,11,19,820.0,P-COF-002,9,ลาเต้ (เย็น)
C11738,นักศึกษา,2023-02-10,2023-05-22,4,7,345.0,P-COC-002,7,โกโก้ (เย็น)
C11739,บุคลากร,2022-12-25,2024-01-13,76,119,5029.0,P-COF-009,28,มอคค่า (เย็น)
C11740,นักศึกษา,2022-12-15,2023-08-07,38,66,2595.0,P-SFT-001,28,โค้ก ออริจินอล
C11741,นักศึกษา,2023-01-08,2023-11-23,7,15,708.0,P-COF-005,11,เอสเปรสโซ่ (เย็น)
C11742,นักศึกษา,2023-02-26,2023-09-30,5,10,325.0,P-COF-002,7,ลาเต้ (เย็น)
C11743,นักศึกษา,2023-01-08,2023-08-21,7,8,235.0,P-NDL-002,4,ยำยำ
C11744,บุคลากร,2022-12-21,2023-11-03,27,38,1283.0,P-FOD-001,16,แซนวิชโบราณ
C11745,นักศึกษา,2023-04-27,2023-10-27,4,4,160.0,P-COC-001,4,ช็อคโกแลต (เย็น)
C11746,นักศึกษา,2023-02-16,2023-03-29,2,4,105.0,P-SMT-001,4,สมูตตี้ สตรอเบอรี่
C11747,นักศึกษา,2022-12-21,2023-12-28,11,19,885.0,P-COF-001,11,อเมริกาโน่ (เย็น)
C11748,นักศึกษา,2022-12-25,2023-07-23,10,13,562.0,P-COF-002,9,ลาเต้ (เย็น)
C11749,นักศึกษา,2023-01-05,2023-07-11,4,5,235.0,P-COC-007,3,นมสดคาราเมล (ปั่น)
C11750,นักศึกษา,2023-01-23,2023-10-04,5,8,355.0,P-TEA-007,6,ชามะนาว (เย็น)
C11751,นักศึกษา,2023-01-31,2023-07-15,3,3,85.0,P-SNK-007,3,ตะวัน
C11752,นักศึกษา,2023-06-26,2023-08-31,2,5,45.0,P-SFT-003,2,แฟนต้า น้ำแดง
C11753,นักศึกษา,2023-01-31,2023-08-31,12,22,830.0,P-FOD-006,13,อาหารคลีน
C11754,นักศึกษา,2022-12-21,2023-07-13,4,9,205.0,P-COF-006,4,อเมริกาโน่ช่อมะพร้าว
C11755,นักศึกษา,2022-12-27,2023-03-18,3,5,200.0,P-COC-001,4,ช็อคโกแลต (เย็น)
C11756,นักศึกษา,2023-02-03,2023-09-08,9,15,709.0,P-COF-006,11,อเมริกาโน่ช่อมะพร้าว
C11757,นักศึกษา,2022-12-20,2023-02-16,5,6,240.0,P-COC-002,4,โกโก้ (เย็น)
C11758,นักศึกษา,2022-12-25,2023-07-21,4,8,350.0,P-COC-001,5,ช็อคโกแลต (เย็น)
C11759,นักศึกษา,2022-12-24,2023-05-09,5,8,380.0,P-COF-003,6,คาปูชิโน่ (เย็น)
C11760,นักศึกษา,2023-07-05,2024-01-10,2,2,65.0,P-FOD-005,2,ไข่กระทะ
C11761,นักศึกษา,2023-01-06,2023-08-07,21,43,1748.0,P-COF-002,23,ลาเต้ (เย็น)
C11762,นักศึกษา,2022-12-23,2023-08-20,7,14,747.0,P-BAK-012,8,มินิเค้กช็อกโกแลต
C11763,นักศึกษา,2023-01-12,2023-02-23,2,3,65.0,P-SFT-004,2,โค้ก zero
C11764,นักศึกษา,2023-01-27,2023-03-30,5,9,315.0,P-BAK-008,8,เค้กช็อคหน้านิ่ม
C11765,นักศึกษา,2023-02-13,2023-05-13,3,3,130.0,P-COF-002,3,ลาเต้ (เย็น)
C11766,นักศึกษา,2023-05-24,2024-01-15,3,4,160.0,P-BAK-011,4,เค้กบลูเบอร์รี่หน้านิ่ม
C11767,นักศึกษา,2023-03-02,2023-11-20,3,3,145.0,P-COF-002,3,ลาเต้ (เย็น)
C11768,นักศึกษา,2023-01-26,2023-09-15,12,17,660.0,P-SOD-001,11,สตรอเบอรี่
C11769,นักศึกษา,2022-12-27,2023-02-25,5,9,235.0,P-SOU-001,5,น้ำเปล่า
C11770,นักศึกษา,2023-03-16,2024-01-31,7,11,375.0,P-COF-007,7,อเมริกาโน่น้ำผึ้งมะนาว
C11771,นักศึกษา,2023-01-12,2023-06-29,8,14,405.0,P-SNK-004,10,โคอะล่ามาร์ช
C11772,นักศึกษา,2023-02-23,2023-07-10,2,2,100.0,P-COC-002,2,โกโก้ (เย็น)
C11773,นักศึกษา,2022-12-24,2023-09-03,38,53,2105.0,P-COF-001,18,อเมริกาโน่ (เย็น)
C11774,นักศึกษา,2023-01-08,2023-07-06,3,4,200.0,P-COF-001,4,อเมริกาโน่ (เย็น)
C11775,นักศึกษา,2022-12-24,2023-08-25,7,12,434.0,P-BAK-001,11,ขนมซอง
C11776,นักศึกษา,2023-01-20,2023-11-29,15,26,915.0,P-SOU-001,11,น้ำเปล่า
C11777,นักศึกษา,2022-12-25,2023-03-15,8,11,425.0,P-TEA-004,8,ชามัทฉะ (เย็น)
C11778,นักศึกษา,2022-12-23,2023-07-09,34,58,2619.0,P-TEA-001,20,ชาเขียว (เย็น)
C11779,นักศึกษา,2022-12-24,2023-06-26,5,8,315.0,P-COF-001,7,อเมริกาโน่ (เย็น)
C11780,นักศึกษา,2023-01-05,2023-09-17,10,13,578.0,P-BAK-006,10,บานอฟฟี่
C11781,นักศึกษา,2023-01-06,2023-08-31,21,30,1250.0,P-COC-006,13,โกโก้ (ปั่น)
C11782,นักศึกษา,2022-12-23,2023-09-29,20,35,1422.0,P-NDL-001,18,มาม่า
C11783,นักศึกษา,2023-01-31,2023-07-11,8,12,430.0,P-COC-005,8,นมสดคาราเมล (เย็น)
C11784,นักศึกษา,2023-01-31,2023-10-05,7,8,330.0,P-COC-005,7,นมสดคาราเมล (เย็น)
C11785,นักศึกษา,2022-12-28,2023-09-20,6,8,391.0,P-FOD-002,5,ข้าวกล่อง
C11786,นักศึกษา,2023-02-02,2023-02-19,2,3,110.0,P-COF-002,3,ลาเต้ (เย็น)
C11787,นักศึกษา,2023-01-05,2023-07-12,8,16,444.0,P-SNK-013,11,โปเต้
C11788,นักศึกษา,2023-02-14,2023-04-25,3,5,105.0,P-NDL-005,3,ซือดะรสต้มโคล้ง
C11789,นักศึกษา,2023-01-20,2023-09-21,7,12,455.0,P-SOU-002,9,น้ำแข็ง
C11790,นักศึกษา,2022-12-23,2023-07-27,20,32,1049.0,P-SOU-001,14,น้ำเปล่า
C11791,นักศึกษา,2023-05-16,2023-06-19,2,2,100.0,P-TEA-001,2,ชาเขียว (เย็น)
C11792,นักศึกษา,2023-02-18,2024-01-30,11,17,790.0,P-COF-017,10,ลาเตั (ปั่น)
C11793,นักศึกษา,2023-01-16,2023-11-08,15,20,715.0,P-TEA-001,10,ชาเขียว (เย็น)
C11794,นักศึกษา,2023-03-07,2023-12-22,3,5,85.0,P-SOU-001,3,น้ำเปล่า
C11795,นักศึกษา,2023-05-28,2024-01-16,3,5,230.0,P-COC-006,5,โกโก้ (ปั่น)
C11796,นักศึกษา,2023-01-29,2023-06-27,8,17,675.0,P-TOP-001,9,วุ้นบุก
C11797,นักศึกษา,2023-01-14,2023-02-23,4,5,140.0,P-COC-009,5,นมชมพู(นมเย็น)
C11798,นักศึกษา,2023-04-18,2023-11-23,5,8,288.0,P-BAK-014,7,บราวนี่กรอบ
C11799,นักศึกษา,2022-12-27,2023-10-12,10,17,765.0,P-COF-001,9,อเมริกาโน่ (เย็น)
C11800,นักศึกษา,2023-01-02,2023-11-09,15,23,775.0,P-SOU-001,9,น้ำเปล่า
C11801,นักศึกษา,2023-01-07,2023-02-15,5,8,150.0,P-NDL-001,5,มาม่า
C11802,นักศึกษา,2023-02-10,2024-01-24,11,16,635.0,P-COF-007,11,อเมริกาโน่น้ำผึ้งมะนาว
C11803,นักศึกษา,2023-04-03,2023-08-08,2,7,315.0,P-COC-002,6,โกโก้ (เย็น)
C11804,นักศึกษา,2023-07-03,2023-11-28,8,14,499.0,P-FOD-002,9,ข้าวกล่อง
C11805,นักศึกษา,2023-01-11,2023-06-26,11,16,760.0,P-COC-002,8,โกโก้ (เย็น)
C11806,นักศึกษา,2022-12-26,2023-08-21,6,11,465.0,P-TEA-001,5,ชาเขียว (เย็น)
C11807,นักศึกษา,2023-01-18,2023-12-22,8,18,803.0,P-TEA-002,13,ชาซีลอน (เย็น)
C11808,นักศึกษา,2023-01-13,2023-09-14,7,11,479.0,P-FOD-002,9,ข้าวกล่อง
C11809,นักศึกษา,2023-01-24,2023-10-16,4,5,155.0,P-SFT-006,5,ชเวปส์
C11810,นักศึกษา,2023-02-16,2023-11-11,3,3,145.0,P-TEA-005,2,ชาพีช (เย็น)
C11811,นักศึกษา,2022-12-27,2023-06-24,3,5,235.0,P-COF-004,3,อเมริกาโน่ส้ม
C11812,นักศึกษา,2023-01-04,2023-10-27,15,22,995.0,P-SMT-002,14,แตงโม (ปั่น)
C11813,นักศึกษา,2023-01-31,2023-06-04,4,4,219.0,P-BAK-016,4,มินิเค้กสดสตรอเบอรี่
C11814,นักศึกษา,2023-01-09,2023-10-04,8,11,520.0,P-COC-003,7,ช็อคโกแลต (ปั่น)
C11815,นักศึกษา,2022-12-29,2023-04-27,18,24,1020.0,P-COC-002,16,โกโก้ (เย็น)
C11816,นักศึกษา,2023-02-10,2023-06-21,3,4,160.0,P-COC-006,3,โกโก้ (ปั่น)
C11817,นักศึกษา,2023-07-06,2023-09-19,2,2,60.0,P-COF-006,2,อเมริกาโน่ช่อมะพร้าว
C11818,นักศึกษา,2023-01-08,2024-01-18,25,41,1850.0,P-TEA-003,22,ชาเขียว (ปั่น)
C11819,นักศึกษา,2023-01-05,2023-06-07,13,14,520.0,P-COC-002,7,โกโก้ (เย็น)
C11820,นักศึกษา,2023-03-14,2023-07-22,3,6,315.0,P-SMT-003,5,โอริโอ้ (ปั่น)
C11821,นักศึกษา,2023-01-09,2024-01-18,24,37,1634.0,P-TEA-001,16,ชาเขียว (เย็น)
C11822,นักศึกษา,2023-02-19,2023-09-27,4,7,230.0,P-COC-005,5,นมสดคาราเมล (เย็น)
C11823,นักศึกษา,2023-03-07,2023-09-05,10,16,500.0,P-BAK-005,10,แอลแคร์
C11824,นักศึกษา,2023-02-16,2023-08-27,5,9,265.0,P-FOD-004,7,ขนมจีบไก่
C11825,นักศึกษา,2023-01-16,2023-10-20,14,16,674.0,P-FOD-001,10,แซนวิชโบราณ
C11826,นักศึกษา,2023-01-16,2023-04-28,6,9,220.0,P-SNK-002,8,ป็อกกี้
C11827,นักศึกษา,2022-12-29,2023-05-10,40,73,3260.0,P-COF-001,20,อเมริกาโน่ (เย็น)
C11828,นักศึกษา,2023-01-04,2023-05-15,16,23,760.0,P-OTH-005,14,ขนมของฝากคละรส
C11829,นักศึกษา,2023-03-16,2023-11-04,8,13,510.0,P-COF-004,9,อเมริกาโน่ส้ม
C11831,นักศึกษา,2023-01-23,2023-12-23,17,23,765.0,P-SOU-002,15,น้ำแข็ง
C11832,นักศึกษา,2023-01-15,2023-11-27,28,38,1495.0,P-COF-010,18,อเมริกาโน่น้ำผึ้ง (เย็น)
C11833,นักศึกษา,2023-02-12,2023-09-30,5,8,325.0,P-TEA-001,6,ชาเขียว (เย็น)
C11834,นักศึกษา,2023-01-04,2023-01-04,1,1,45.0,P-TEA-001,1,ชาเขียว (เย็น)
C11835,นักศึกษา,2023-03-02,2023-07-20,3,4,135.0,P-NDL-001,3,มาม่า
C11836,นักศึกษา,2023-01-16,2023-09-08,9,10,412.0,P-TEA-006,9,ชาน้ำผึ้งมะนาว (เย็น)
C11837,นักศึกษา,2023-02-05,2023-07-02,2,2,75.0,P-NDL-002,2,ยำยำ
C11838,นักศึกษา,2023-01-06,2023-09-14,16,20,775.0,P-COF-003,12,คาปูชิโน่ (เย็น)
C11839,นักศึกษา,2023-01-18,2023-11-10,5,10,300.0,P-COC-006,6,โกโก้ (ปั่น)
C11840,นักศึกษา,2023-03-02,2023-07-02,6,7,275.0,P-FOD-001,5,แซนวิชโบราณ
C11841,นักศึกษา,2023-01-16,2023-07-01,16,34,1545.0,P-TEA-001,14,ชาเขียว (เย็น)
C11842,นักศึกษา,2023-02-10,2023-06-27,2,2,65.0,P-SFT-001,2,โค้ก ออริจินอล
C11843,นักศึกษา,2023-01-10,2023-09-24,7,10,310.0,P-NDL-005,5,ซือดะรสต้มโคล้ง
C11844,นักศึกษา,2023-01-04,2023-12-11,37,56,2090.0,P-TEA-001,16,ชาเขียว (เย็น)
C11845,นักศึกษา,2023-02-10,2023-04-26,3,10,180.0,P-SNK-001,4,ขนมเลย์
C11846,นักศึกษา,2023-01-25,2023-07-22,3,3,85.0,P-SNK-016,3,บันบันรสดั้งเดิม
C11847,นักศึกษา,2023-01-03,2023-06-30,44,64,2605.0,P-COF-001,21,อเมริกาโน่ (เย็น)
C11848,นักศึกษา,2023-04-20,2023-11-28,4,7,165.0,P-NDL-003,4,ไวไว
C11849,นักศึกษา,2023-01-30,2023-09-03,13,16,694.0,P-TEA-001,10,ชาเขียว (เย็น)
C11850,นักศึกษา,2023-01-08,2023-08-21,6,9,400.0,P-COC-006,8,โกโก้ (ปั่น)
C11851,นักศึกษา,2023-01-10,2023-02-26,10,16,683.0,P-COC-002,12,โกโก้ (เย็น)
C11852,นักศึกษา,2023-02-09,2023-07-01,2,2,70.0,P-COF-009,2,มอคค่า (เย็น)
C11853,นักศึกษา,2023-01-08,2023-07-22,24,34,1419.0,P-SNK-009,18,ฮานามิ
C11854,นักศึกษา,2023-01-16,2023-07-15,5,6,210.0,P-TEA-008,6,ชาแอปเปิ้ล (เย็น)
C11855,นักศึกษา,2023-03-11,2023-04-29,2,5,249.0,P-BAK-006,5,บานอฟฟี่
C11856,นักศึกษา,2023-02-22,2023-09-21,7,8,265.0,P-SNK-007,7,ตะวัน
C11857,นักศึกษา,2023-01-09,2023-06-13,11,14,430.0,P-SOU-001,7,น้ำเปล่า
C11858,นักศึกษา,2023-01-15,2023-09-09,4,5,279.0,P-BAK-041,5,เค้กช้อกโกแลตลาวา
C11859,นักศึกษา,2023-02-23,2023-10-20,8,10,345.0,P-TEA-003,5,ชาเขียว (ปั่น)
C11860,นักศึกษา,2023-02-14,2023-10-07,7,11,380.0,P-COC-006,9,โกโก้ (ปั่น)
C11861,นักศึกษา,2023-03-02,2023-09-20,4,9,190.0,P-BAK-013,6,โดนัท
C11862,นักศึกษา,2023-01-24,2023-10-27,13,17,605.0,P-SFT-001,12,โค้ก ออริจินอล
C11863,นักศึกษา,2023-01-20,2023-09-15,16,28,865.0,P-SOU-001,14,น้ำเปล่า
C11864,นักศึกษา,2023-03-04,2023-04-09,2,5,245.0,P-COC-004,4,นมสด (เย็น)
C11865,นักศึกษา,2023-10-12,2023-10-12,1,1,10.0,P-SOU-001,1,น้ำเปล่า
C11866,นักศึกษา,2023-01-10,2023-05-10,5,11,450.0,P-COC-002,5,โกโก้ (เย็น)
C11867,นักศึกษา,2023-01-27,2023-09-05,12,20,885.0,P-SMT-002,15,แตงโม (ปั่น)
C11868,นักศึกษา,2023-01-11,2023-12-14,10,18,540.0,P-SFT-001,12,โค้ก ออริจินอล
C11869,นักศึกษา,2023-02-15,2023-07-15,4,13,530.0,P-SOU-008,8,กล้วนฉาบรวมรส
C11870,นักศึกษา,2023-05-16,2023-09-26,3,4,145.0,P-BAK-004,4,ขนมปังรวมรส
C11871,นักศึกษา,2023-01-11,2023-05-09,11,18,830.0,P-COF-003,13,คาปูชิโน่ (เย็น)
C11872,นักศึกษา,2023-01-10,2023-08-25,13,24,775.0,P-SOU-001,12,น้ำเปล่า
C11873,นักศึกษา,2023-06-26,2023-08-21,3,5,215.0,P-TEA-007,4,ชามะนาว (เย็น)
C11874,นักศึกษา,2023-02-16,2023-09-19,3,5,150.0,P-COC-001,4,ช็อคโกแลต (เย็น)
C11875,นักศึกษา,2023-01-10,2023-07-19,23,30,1220.0,P-TEA-005,18,ชาพีช (เย็น)
C11876,นักศึกษา,2023-01-18,2023-11-05,23,34,1480.0,P-COF-002,14,ลาเต้ (เย็น)
C11877,นักศึกษา,2023-02-12,2023-05-24,5,14,335.0,P-NDL-004,7,โจ๊ก
C11878,นักศึกษา,2023-01-15,2023-07-11,15,16,684.0,P-TEA-001,10,ชาเขียว (เย็น)
C11879,นักศึกษา,2023-04-04,2023-11-10,8,10,400.0,P-COF-006,8,อเมริกาโน่ช่อมะพร้าว
C11880,นักศึกษา,2023-01-13,2023-10-12,30,38,1604.0,P-COC-001,18,ช็อคโกแลต (เย็น)
C11881,นักศึกษา,2023-01-25,2023-10-12,15,25,1045.0,P-COF-004,12,อเมริกาโน่ส้ม
C11882,นักศึกษา,2023-06-05,2023-09-20,2,4,200.0,P-SMT-002,4,แตงโม (ปั่น)
C11883,นักศึกษา,2023-02-02,2023-10-11,5,7,245.0,P-COF-003,5,คาปูชิโน่ (เย็น)
C11884,นักศึกษา,2023-01-18,2023-05-31,10,15,505.0,P-SOU-001,9,น้ำเปล่า
C11885,นักศึกษา,2023-01-13,2023-10-10,14,20,869.0,P-SOU-004,9,กรือโป๊ะนรา
C11886,นักศึกษา,2023-01-20,2023-09-26,7,7,310.0,P-COF-002,6,ลาเต้ (เย็น)
C11887,นักศึกษา,2023-02-19,2023-09-24,5,6,255.0,P-TEA-001,4,ชาเขียว (เย็น)
C11888,นักศึกษา,2023-01-21,2023-09-30,13,20,855.0,P-TEA-001,14,ชาเขียว (เย็น)
C11889,นักศึกษา,2023-01-27,2023-10-07,4,6,269.0,P-COC-002,5,โกโก้ (เย็น)
C11890,นักศึกษา,2023-02-09,2023-04-06,5,17,444.0,P-COF-001,7,อเมริกาโน่ (เย็น)
C11891,นักศึกษา,2023-01-23,2024-01-03,7,12,520.0,P-TOP-001,10,วุ้นบุก
C11892,นักศึกษา,2023-02-02,2023-07-15,6,7,379.0,P-COF-011,5,คาราเมลมัคคีอาโต้
C11893,นักศึกษา,2023-01-27,2023-10-06,3,5,230.0,P-COF-001,5,อเมริกาโน่ (เย็น)
C11894,นักศึกษา,2023-01-16,2023-09-28,27,34,1140.0,P-TEA-001,17,ชาเขียว (เย็น)
C11895,นักศึกษา,2023-02-21,2023-12-16,4,6,280.0,P-TEA-007,6,ชามะนาว (เย็น)
C11896,นักศึกษา,2023-01-16,2024-01-25,29,46,1858.0,P-SFT-001,23,โค้ก ออริจินอล
C11897,นักศึกษา,2023-01-31,2023-07-01,3,4,175.0,P-BAK-002,4,บราวนี่
C11898,นักศึกษา,2023-02-01,2023-11-24,11,15,635.0,P-TEA-001,10,ชาเขียว (เย็น)
C11899,นักศึกษา,2023-06-25,2023-08-03,3,5,145.0,P-COC-002,5,โกโก้ (เย็น)
C11900,นักศึกษา,2023-01-16,2023-10-21,17,26,975.0,P-COC-001,17,ช็อคโกแลต (เย็น)
C11901,นักศึกษา,2023-04-07,2023-09-02,7,13,412.5,P-BAK-013,10,โดนัท
C11902,นักศึกษา,2023-01-17,2023-04-02,7,8,190.0,P-SNK-004,6,โคอะล่ามาร์ช
C11903,นักศึกษา,2023-03-12,2023-12-28,3,3,85.0,P-SNK-006,2,สแน็กแจ็ค
C11904,นักศึกษา,2023-07-11,2023-09-02,4,4,165.0,P-TEA-007,3,ชามะนาว (เย็น)
C11905,นักศึกษา,2023-01-23,2024-01-07,15,20,527.5,P-SOU-001,9,น้ำเปล่า
C11906,นักศึกษา,2023-01-28,2023-02-08,3,5,264.0,P-COF-003,4,คาปูชิโน่ (เย็น)
C11907,นักศึกษา,2023-01-17,2023-07-04,24,37,1415.0,P-NDL-002,17,ยำยำ
C11908,นักศึกษา,2023-02-23,2023-08-28,3,4,145.0,P-COF-005,4,เอสเปรสโซ่ (เย็น)
C11909,นักศึกษา,2023-02-21,2023-05-18,2,2,70.0,P-BAK-002,2,บราวนี่
C11910,นักศึกษา,2023-01-21,2023-06-09,5,7,335.0,P-TEA-008,6,ชาแอปเปิ้ล (เย็น)
C11911,นักศึกษา,2023-01-19,2024-01-15,10,13,444.5,P-SOU-005,10,น้ำส้มคั้นสด
C11912,นักศึกษา,2023-02-01,2023-08-24,6,12,435.0,P-COC-005,10,นมสดคาราเมล (เย็น)
C11913,นักศึกษา,2023-02-08,2023-03-12,3,6,140.0,P-SNK-004,4,โคอะล่ามาร์ช
C11914,นักศึกษา,2023-02-04,2024-01-15,10,17,685.0,P-TEA-002,13,ชาซีลอน (เย็น)
C11915,นักศึกษา,2023-02-07,2023-11-04,8,11,315.0,P-SOU-010,7,ขนมของฝากแบบถุง
C11916,นักศึกษา,2023-02-24,2023-10-25,6,10,339.0,P-SFT-001,6,โค้ก ออริจินอล
C11917,นักศึกษา,2023-03-08,2023-07-06,3,3,120.0,P-BAK-002,3,บราวนี่
C11918,นักศึกษา,2023-05-21,2023-05-21,1,1,55.0,P-COF-015,1,คาปูชิโน่ (ปั่น)
C11919,นักศึกษา,2023-04-04,2023-10-21,3,3,130.0,P-COF-002,3,ลาเต้ (เย็น)
C11920,นักศึกษา,2023-01-30,2023-11-29,9,13,450.0,P-SOU-003,8,น้ำช่อดอกมะพร้าว
C11921,นักศึกษา,2023-01-24,2024-01-26,53,69,2839.0,P-COF-001,20,อเมริกาโน่ (เย็น)
C11922,นักศึกษา,2023-02-04,2023-11-21,6,8,360.0,P-COF-006,7,อเมริกาโน่ช่อมะพร้าว
C11923,นักศึกษา,2023-01-31,2023-09-24,11,13,625.0,P-TEA-001,8,ชาเขียว (เย็น)
C11924,นักศึกษา,2023-08-22,2023-10-04,4,6,225.0,P-COF-003,5,คาปูชิโน่ (เย็น)
C11925,นักศึกษา,2023-01-26,2023-07-18,3,4,185.0,P-SOD-002,3,เลม่อนผสมน้ำผึ้ง
C11926,นักศึกษา,2023-02-01,2023-05-11,6,8,385.0,P-COC-002,5,โกโก้ (เย็น)
C11927,นักศึกษา,2023-02-14,2023-06-06,9,13,540.0,P-COC-008,10,โกโก้มิ้นท์
C11928,นักศึกษา,2023-01-29,2023-07-04,4,4,130.0,P-SNK-008,3,ขนมซีมอน
C11929,นักศึกษา,2023-02-08,2023-09-21,12,26,850.0,P-FOD-001,14,แซนวิชโบราณ
C11930,นักศึกษา,2023-01-29,2023-06-20,31,43,1675.0,P-NDL-003,19,ไวไว
C11931,นักศึกษา,2023-01-23,2023-05-26,7,12,465.0,P-COC-002,9,โกโก้ (เย็น)
C11932,นักศึกษา,2023-01-25,2023-05-03,8,9,454.0,P-COF-006,5,อเมริกาโน่ช่อมะพร้าว
C11933,นักศึกษา,2023-01-24,2023-10-05,14,25,955.0,P-COF-001,14,อเมริกาโน่ (เย็น)
C11934,นักศึกษา,2023-04-08,2023-09-21,5,7,240.0,P-SFT-001,6,โค้ก ออริจินอล
C11935,นักศึกษา,2023-06-10,2024-01-11,5,5,238.0,P-COF-002,4,ลาเต้ (เย็น)
C11936,นักศึกษา,2023-02-15,2023-11-30,12,22,859.0,P-TEA-001,12,ชาเขียว (เย็น)
C11937,นักศึกษา,2023-02-23,2023-07-04,5,12,355.0,P-COF-006,7,อเมริกาโน่ช่อมะพร้าว
C11938,นักศึกษา,2023-02-01,2023-12-10,18,20,835.0,P-TEA-003,11,ชาเขียว (ปั่น)
C11939,นักศึกษา,2023-02-08,2023-06-01,3,3,130.0,P-COF-001,3,อเมริกาโน่ (เย็น)
C11940,นักศึกษา,2023-02-27,2023-07-23,10,11,540.0,P-COF-011,10,คาราเมลมัคคีอาโต้
C11941,นักศึกษา,2023-03-01,2024-01-26,7,10,300.0,P-SOU-001,9,น้ำเปล่า
C11942,นักศึกษา,2023-05-11,2023-08-25,3,3,65.0,P-SOU-001,2,น้ำเปล่า
C11943,นักศึกษา,2023-01-27,2023-09-02,48,71,2968.0,P-TEA-001,19,ชาเขียว (เย็น)
C11944,นักศึกษา,2023-02-27,2023-09-20,5,12,440.0,P-TEA-007,9,ชามะนาว (เย็น)
C11945,นักศึกษา,2023-02-18,2023-10-16,10,18,679.0,P-COC-001,9,ช็อคโกแลต (เย็น)
C11946,นักศึกษา,2023-01-25,2023-12-23,15,26,1109.0,P-COF-008,13,อเมริกาโน่ (ร้อน)
C11947,นักศึกษา,2023-06-28,2023-10-05,8,13,395.0,P-SNK-010,9,ขนมซีเรียลอาหารเช้า
C11948,นักศึกษา,2023-04-04,2023-07-15,3,3,115.0,P-COF-002,2,ลาเต้ (เย็น)
C11949,นักศึกษา,2023-03-17,2023-10-19,5,8,400.0,P-TEA-017,5,ชาสตรอเบอรี่ (เย็น)
C11950,นักศึกษา,2023-03-19,2023-10-26,12,17,813.0,P-FOD-002,12,ข้าวกล่อง
C11951,นักศึกษา,2023-03-12,2023-03-16,2,2,90.0,P-COF-002,1,ลาเต้ (เย็น)
C11952,นักศึกษา,2023-01-31,2024-01-17,22,35,1347.0,P-COF-001,17,อเมริกาโน่ (เย็น)
C11953,นักศึกษา,2023-02-10,2023-10-03,9,13,345.0,P-SOU-001,6,น้ำเปล่า
C11954,นักศึกษา,2023-07-10,2023-08-10,3,4,135.0,P-COF-006,4,อเมริกาโน่ช่อมะพร้าว
C11955,นักศึกษา,2023-01-31,2023-09-20,11,27,1219.0,P-COF-001,11,อเมริกาโน่ (เย็น)
C11956,นักศึกษา,2023-02-08,2023-09-20,7,9,310.0,P-TEA-001,6,ชาเขียว (เย็น)
C11957,นักศึกษา,2023-01-29,2024-01-05,36,55,1860.0,P-SNK-003,20,เทสโต้
C11958,นักศึกษา,2023-02-01,2023-07-27,18,38,1601.0,P-FOD-001,17,แซนวิชโบราณ
C11959,นักศึกษา,2023-03-21,2023-07-10,9,12,449.0,P-SOU-001,9,น้ำเปล่า
C11960,นักศึกษา,2023-02-10,2023-08-24,22,57,1539.0,P-FOD-005,15,ไข่กระทะ
C11961,นักศึกษา,2023-06-01,2023-11-23,4,5,167.5,P-BAK-008,5,เค้กช็อคหน้านิ่ม
C11962,นักศึกษา,2023-07-06,2023-07-06,1,1,45.0,P-TEA-001,1,ชาเขียว (เย็น)
C11963,นักศึกษา,2023-03-18,2023-06-23,3,3,115.0,P-COC-002,3,โกโก้ (เย็น)
C11964,นักศึกษา,2023-08-23,2023-12-22,6,12,325.0,P-NDL-002,7,ยำยำ
C11965,นักศึกษา,2023-02-04,2023-07-20,6,7,225.0,P-SNK-001,6,ขนมเลย์
C11966,นักศึกษา,2023-02-02,2023-11-03,13,25,1170.0,P-TEA-001,10,ชาเขียว (เย็น)
C11967,นักศึกษา,2023-03-15,2023-10-16,5,7,345.0,P-COF-004,4,อเมริกาโน่ส้ม
C11968,นักศึกษา,2023-02-24,2023-11-03,4,6,290.0,P-COF-005,6,เอสเปรสโซ่ (เย็น)
C11969,นักศึกษา,2023-04-24,2023-10-08,4,7,330.0,P-COF-001,5,อเมริกาโน่ (เย็น)
C11970,นักศึกษา,2023-01-31,2023-12-22,8,13,340.0,P-SNK-002,9,ป็อกกี้
C11971,นักศึกษา,2023-07-14,2023-07-14,1,1,45.0,P-TEA-002,1,ชาซีลอน (เย็น)
C11972,นักศึกษา,2023-02-27,2023-07-22,5,8,395.0,P-SMT-003,6,โอริโอ้ (ปั่น)
C11973,นักศึกษา,2023-02-08,2023-10-04,13,21,894.0,P-TEA-001,14,ชาเขียว (เย็น)
C11974,นักศึกษา,2023-02-03,2023-07-26,6,12,389.0,P-SOU-004,6,กรือโป๊ะนรา
C11975,นักศึกษา,2023-02-09,2023-10-10,3,5,210.0,P-COC-005,3,นมสดคาราเมล (เย็น)
C11976,นักศึกษา,2023-02-09,2023-10-17,9,23,985.0,P-COC-002,9,โกโก้ (เย็น)
C11978,นักศึกษา,2023-03-23,2023-09-21,3,5,155.0,P-COF-001,3,อเมริกาโน่ (เย็น)
C11979,นักศึกษา,2023-02-01,2023-06-15,9,10,360.0,P-COF-011,7,คาราเมลมัคคีอาโต้
C11980,นักศึกษา,2023-02-08,2023-06-22,15,21,993.0,P-TEA-001,15,ชาเขียว (เย็น)
C11981,นักศึกษา,2023-02-08,2024-01-08,16,20,685.0,P-NDL-001,14,มาม่า
C11982,นักศึกษา,2023-02-09,2023-07-24,6,11,350.0,P-COF-003,7,คาปูชิโน่ (เย็น)
C11983,นักศึกษา,2023-02-08,2023-05-02,15,24,999.0,P-COF-001,14,อเมริกาโน่ (เย็น)
C11984,นักศึกษา,2023-03-02,2023-11-19,7,12,340.0,P-BAK-005,11,แอลแคร์
C11985,นักศึกษา,2023-06-16,2023-10-19,2,2,100.0,P-COF-001,2,อเมริกาโน่ (เย็น)
C11986,นักศึกษา,2023-02-02,2024-01-27,16,27,1100.0,P-SNK-001,12,ขนมเลย์
C11987,นักศึกษา,2023-03-11,2023-07-25,9,14,574.0,P-FOD-001,9,แซนวิชโบราณ
C11988,นักศึกษา,2023-02-02,2023-09-25,8,11,375.0,P-SOU-014,9,อกไก่รวมรส
C11989,นักศึกษา,2023-02-03,2023-09-06,24,44,1886.0,P-BAK-012,20,มินิเค้กช็อกโกแลต
C11991,นักศึกษา,2023-03-13,2023-06-22,4,5,195.0,P-COC-004,5,นมสด (เย็น)
C11992,นักศึกษา,2023-02-08,2023-08-17,7,10,330.0,P-COF-002,6,ลาเต้ (เย็น)
C11993,นักศึกษา,2023-02-06,2023-08-09,17,27,1090.0,P-FOD-001,12,แซนวิชโบราณ
C11994,นักศึกษา,2023-02-20,2024-01-30,19,36,1174.0,P-SFT-008,19,แฟนต้า น้ำเขียว
C11995,นักศึกษา,2023-02-25,2024-01-12,9,13,455.0,P-COF-002,10,ลาเต้ (เย็น)
C11996,นักศึกษา,2023-02-28,2023-04-04,2,2,65.0,P-TEA-019,2,ชาเขียว (ร้อน)
C11997,นักศึกษา,2023-02-06,2023-10-27,9,14,425.0,P-COC-001,9,ช็อคโกแลต (เย็น)
C11998,นักศึกษา,2023-02-06,2023-05-30,3,3,105.0,P-COF-001,3,อเมริกาโน่ (เย็น)
C11999,นักศึกษา,2023-02-06,2023-11-04,26,31,1325.0,P-TEA-001,14,ชาเขียว (เย็น)
C12000,นักศึกษา,2023-02-27,2023-10-24,23,41,1614.0,P-COF-002,21,ลาเต้ (เย็น)
C12001,นักศึกษา,2023-06-24,2023-07-09,2,3,90.0,P-BAK-002,3,บราวนี่
C12002,นักศึกษา,2023-02-15,2023-09-18,9,13,480.0,P-SOD-007,12,บลูเบอรี่
C12003,นักศึกษา,2023-02-05,2023-10-17,14,28,1109.0,P-TEA-001,13,ชาเขียว (เย็น)
C12004,นักศึกษา,2023-03-11,2023-10-17,8,13,559.0,P-COC-008,8,โกโก้มิ้นท์
C12005,นักศึกษา,2023-02-10,2023-12-01,16,19,700.0,P-NDL-004,13,โจ๊ก
C12006,นักศึกษา,2023-04-18,2023-09-20,7,13,440.0,P-SNK-001,8,ขนมเลย์
C12007,นักศึกษา,2023-03-12,2023-09-20,15,24,705.0,P-SOU-001,13,น้ำเปล่า
C12008,นักศึกษา,2023-02-12,2023-10-15,12,15,525.0,P-COF-001,9,อเมริกาโน่ (เย็น)
C12009,นักศึกษา,2023-02-13,2023-09-05,18,26,899.0,P-SOU-001,12,น้ำเปล่า
C12010,นักศึกษา,2023-03-16,2023-08-05,3,3,115.0,P-COF-004,3,อเมริกาโน่ส้ม
C12011,นักศึกษา,2023-07-26,2023-09-27,3,5,155.0,P-TEA-001,4,ชาเขียว (เย็น)
C12012,นักศึกษา,2023-02-09,2023-08-21,5,6,204.0,P-NDL-004,5,โจ๊ก
C12013,นักศึกษา,2023-02-18,2023-11-24,13,21,860.0,P-COC-001,13,ช็อคโกแลต (เย็น)
C12014,นักศึกษา,2023-02-09,2023-07-24,4,5,150.0,P-COC-004,5,นมสด (เย็น)
C12015,นักศึกษา,2023-02-14,2023-10-25,17,22,945.0,P-TEA-001,11,ชาเขียว (เย็น)
C12016,นักศึกษา,2023-02-28,2023-09-24,4,5,230.0,P-COF-002,5,ลาเต้ (เย็น)
C12017,นักศึกษา,2023-02-11,2024-01-31,35,58,2633.0,P-COF-002,23,ลาเต้ (เย็น)
C12018,นักศึกษา,2023-02-18,2023-10-04,11,19,746.5,P-COC-001,12,ช็อคโกแลต (เย็น)
C12019,นักศึกษา,2023-02-13,2023-06-29,6,7,285.0,P-TEA-006,7,ชาน้ำผึ้งมะนาว (เย็น)
C12020,นักศึกษา,2023-03-18,2023-03-18,1,2,105.0,P-COC-010,2,นมสด (ปั่น)
C12021,นักศึกษา,2023-02-15,2023-11-16,7,12,584.0,P-COC-002,8,โกโก้ (เย็น)
C12022,นักศึกษา,2023-03-03,2023-12-20,12,23,800.0,P-TEA-003,16,ชาเขียว (ปั่น)
C12023,นักศึกษา,2023-02-16,2023-12-23,10,17,595.0,P-SNK-005,8,คอนเน่
C12024,นักศึกษา,2023-02-12,2023-08-28,21,31,1272.0,P-SOU-001,12,น้ำเปล่า
C12025,นักศึกษา,2023-11-19,2023-11-19,1,1,45.0,P-TEA-005,1,ชาพีช (เย็น)
C12026,นักศึกษา,2023-02-18,2023-12-28,10,13,554.0,P-COC-001,9,ช็อคโกแลต (เย็น)
C12027,นักศึกษา,2023-02-20,2024-01-31,53,79,3126.0,P-NDL-004,28,โจ๊ก
C12028,นักศึกษา,2023-02-15,2023-12-16,9,11,444.0,P-COF-001,10,อเมริกาโน่ (เย็น)
C12029,นักศึกษา,2023-02-27,2023-10-16,12,21,560.0,P-SOU-001,13,น้ำเปล่า
C12030,นักศึกษา,2023-02-17,2023-08-06,11,17,615.0,P-TEA-009,8,ชากุหลาบนมสด
C12031,นักศึกษา,2023-02-21,2023-10-05,9,11,554.0,P-COC-001,8,ช็อคโกแลต (เย็น)
C12032,นักศึกษา,2023-07-03,2023-10-28,4,6,220.0,P-COF-001,6,อเมริกาโน่ (เย็น)
C12033,นักศึกษา,2023-03-10,2023-09-07,6,7,335.0,P-COF-005,5,เอสเปรสโซ่ (เย็น)
C12034,นักศึกษา,2023-03-28,2023-06-26,4,5,210.0,P-COF-001,5,อเมริกาโน่ (เย็น)
C12035,นักศึกษา,2023-03-09,2023-07-23,6,7,300.0,P-SOD-002,7,เลม่อนผสมน้ำผึ้ง
C12036,นักศึกษา,2023-05-30,2023-10-11,9,21,554.0,P-FOD-003,10,ขนมจีบกุ้ง
C12037,นักศึกษา,2023-02-20,2023-08-25,19,24,1015.0,P-COC-007,16,นมสดคาราเมล (ปั่น)
C12038,นักศึกษา,2023-02-19,2023-05-17,7,9,360.0,P-COF-003,7,คาปูชิโน่ (เย็น)
C12039,นักศึกษา,2023-03-01,2023-08-27,3,7,285.0,P-BAK-002,7,บราวนี่
C12040,นักศึกษา,2023-07-11,2023-09-21,5,7,170.0,P-SFT-001,3,โค้ก ออริจินอล
C12041,นักศึกษา,2023-02-24,2024-01-16,26,41,1835.0,P-TEA-001,14,ชาเขียว (เย็น)
C12042,นักศึกษา,2023-02-19,2023-06-22,5,9,260.0,P-COC-002,5,โกโก้ (เย็น)
C12043,นักศึกษา,2023-02-28,2023-11-23,12,15,655.0,P-COF-004,12,อเมริกาโน่ส้ม
C12044,นักศึกษา,2023-03-15,2023-06-28,5,9,355.0,P-TOP-001,8,วุ้นบุก
C12045,นักศึกษา,2023-02-25,2023-09-20,4,5,185.0,P-COC-001,4,ช็อคโกแลต (เย็น)
C12046,นักศึกษา,2023-02-25,2024-01-09,21,34,1434.5,P-SOU-001,14,น้ำเปล่า
C12047,นักศึกษา,2023-03-22,2023-10-07,5,11,480.0,P-TEA-007,8,ชามะนาว (เย็น)
C12048,นักศึกษา,2023-03-09,2023-12-06,5,6,225.0,P-COC-009,5,นมชมพู(นมเย็น)
C12049,นักศึกษา,2023-03-17,2023-07-17,2,3,110.0,P-BAK-046,3,ขนมเค้กรวม
C12050,นักศึกษา,2023-03-04,2023-12-01,19,31,965.0,P-FOD-001,16,แซนวิชโบราณ
C12051,นักศึกษา,2023-03-05,2023-08-09,5,6,225.0,P-TEA-001,5,ชาเขียว (เย็น)
C12052,นักศึกษา,2023-03-05,2023-03-05,1,1,50.0,P-COF-006,1,อเมริกาโน่ช่อมะพร้าว
C12053,นักศึกษา,2023-02-21,2023-08-11,10,13,520.0,P-TEA-002,9,ชาซีลอน (เย็น)
C12054,นักศึกษา,2023-02-20,2024-01-30,16,19,865.0,P-COC-002,10,โกโก้ (เย็น)
C12055,นักศึกษา,2023-03-30,2023-09-21,7,10,345.0,P-COF-001,8,อเมริกาโน่ (เย็น)
C12056,นักศึกษา,2023-06-07,2023-12-05,7,14,590.0,P-SOD-003,11,ลิ้นจี่
C12057,นักศึกษา,2023-06-03,2023-10-08,2,2,70.0,P-FOD-001,2,แซนวิชโบราณ
C12058,นักศึกษา,2023-04-18,2023-09-10,6,9,330.0,P-TEA-001,5,ชาเขียว (เย็น)
C12059,นักศึกษา,2023-03-20,2023-10-28,5,10,488.0,P-COF-001,5,อเมริกาโน่ (เย็น)
C12060,นักศึกษา,2023-03-09,2023-03-09,1,2,100.0,P-COC-006,2,โกโก้ (ปั่น)
C12061,นักศึกษา,2023-02-22,2023-02-22,1,1,55.0,P-COF-015,1,คาปูชิโน่ (ปั่น)
C12062,นักศึกษา,2023-03-12,2024-01-18,6,9,310.0,P-SNK-002,7,ป็อกกี้
C12063,นักศึกษา,2023-02-20,2023-07-27,43,65,2836.0,P-TEA-003,24,ชาเขียว (ปั่น)
C12064,นักศึกษา,2023-07-21,2023-08-19,3,3,115.0,P-SOD-002,3,เลม่อนผสมน้ำผึ้ง
C12065,นักศึกษา,2023-02-27,2023-12-06,7,9,330.0,P-COC-004,8,นมสด (เย็น)
C12066,นักศึกษา,2023-02-26,2023-10-09,19,27,1164.0,P-BAK-002,15,บราวนี่
C12067,นักศึกษา,2023-02-22,2023-12-07,10,15,510.0,P-SOU-001,10,น้ำเปล่า
C12068,นักศึกษา,2023-02-21,2023-07-17,15,22,690.0,P-SOU-001,11,น้ำเปล่า
C12069,นักศึกษา,2023-02-26,2023-10-21,9,14,549.0,P-COC-002,10,โกโก้ (เย็น)
C12070,นักศึกษา,2023-02-21,2024-01-26,9,11,552.0,P-BAK-020,9,มินิเค้กมัทฉะครีมสด
C12071,นักศึกษา,2023-02-28,2024-01-29,41,69,3033.0,P-COC-008,23,โกโก้มิ้นท์
C12072,นักศึกษา,2023-02-24,2023-08-18,14,23,925.0,P-TEA-011,16,ชาเขียวมะนาว
C12073,นักศึกษา,2023-03-10,2023-12-16,6,6,240.0,P-SOU-001,6,น้ำเปล่า
C12074,นักศึกษา,2023-02-21,2023-10-03,7,10,445.0,P-COF-006,5,อเมริกาโน่ช่อมะพร้าว
C12075,นักศึกษา,2023-03-19,2023-08-16,5,7,295.0,P-BAK-008,7,เค้กช็อคหน้านิ่ม
C12076,นักศึกษา,2023-02-24,2023-08-10,12,27,1105.0,P-COC-002,13,โกโก้ (เย็น)
C12077,นักศึกษา,2023-03-24,2023-11-06,11,14,605.0,P-COF-006,10,อเมริกาโน่ช่อมะพร้าว
C12078,นักศึกษา,2023-03-02,2023-07-17,17,21,760.0,P-SMT-002,13,แตงโม (ปั่น)
C12079,นักศึกษา,2023-02-26,2023-09-25,16,18,814.0,P-COF-002,12,ลาเต้ (เย็น)
C12080,นักศึกษา,2023-04-05,2023-10-20,8,14,647.0,P-BAK-026,7,เค้กเรดเวลเวทีราวนี่
C12081,นักศึกษา,2023-03-22,2024-01-23,9,13,535.0,P-COF-004,12,อเมริกาโน่ส้ม
C12082,นักศึกษา,2023-03-13,2023-10-24,12,20,788.0,P-COC-005,14,นมสดคาราเมล (เย็น)
C12083,นักศึกษา,2023-03-02,2023-04-27,4,7,335.0,P-COF-005,5,เอสเปรสโซ่ (เย็น)
C12084,นักศึกษา,2023-06-28,2023-10-21,5,5,210.0,P-COF-021,5,เอสเปรสโซ่ (ปั่น)
C12085,นักศึกษา,2023-03-09,2023-12-02,38,56,1895.0,P-SNK-003,24,เทสโต้
C12086,นักศึกษา,2023-05-09,2023-12-04,5,7,330.0,P-COF-006,4,อเมริกาโน่ช่อมะพร้าว
C12087,นักศึกษา,2023-03-15,2023-11-23,5,6,254.0,P-TEA-001,6,ชาเขียว (เย็น)
C12088,นักศึกษา,2023-03-20,2023-06-24,8,15,650.0,P-TEA-002,10,ชาซีลอน (เย็น)
C12089,นักศึกษา,2023-02-27,2023-09-13,51,81,3077.5,P-COC-001,31,ช็อคโกแลต (เย็น)
C12090,นักศึกษา,2023-10-12,2023-10-12,1,1,20.0,P-NDL-002,1,ยำยำ
C12091,นักศึกษา,2023-09-02,2024-01-20,3,3,110.0,P-COF-016,3,อเมริกาโน่น้ำผึ้ง
C12092,นักศึกษา,2023-04-19,2023-10-27,5,11,435.0,P-TEA-001,6,ชาเขียว (เย็น)
C12093,นักศึกษา,2023-06-25,2023-07-10,2,2,90.0,P-TEA-001,2,ชาเขียว (เย็น)
C12094,นักศึกษา,2023-02-28,2023-07-27,21,30,835.0,P-SNK-003,18,เทสโต้
C12095,นักศึกษา,2023-05-18,2023-08-15,4,7,299.0,P-COF-010,5,อเมริกาโน่น้ำผึ้ง (เย็น)
C12096,นักศึกษา,2023-02-28,2023-09-26,6,14,360.0,P-NDL-001,9,มาม่า
C12097,นักศึกษา,2023-03-11,2023-09-15,6,8,370.0,P-COC-003,6,ช็อคโกแลต (ปั่น)
C12098,นักศึกษา,2023-04-04,2024-01-22,5,9,250.0,P-BAK-011,7,เค้กบลูเบอร์รี่หน้านิ่ม
C12099,นักศึกษา,2023-03-14,2023-06-25,2,2,100.0,P-SOD-003,2,ลิ้นจี่
C12100,นักศึกษา,2023-03-02,2023-08-29,21,35,1269.0,P-SNK-003,19,เทสโต้
C12101,นักศึกษา,2023-03-29,2023-07-07,6,9,324.0,P-SOD-001,8,สตรอเบอรี่
C12102,นักศึกษา,2023-03-17,2023-09-24,4,6,363.0,P-TEA-004,5,ชามัทฉะ (เย็น)
C12103,นักศึกษา,2023-03-16,2023-06-29,4,13,568.0,P-BAK-046,9,ขนมเค้กรวม
C12104,นักศึกษา,2023-05-31,2023-09-11,7,14,250.0,P-SNK-012,5,ปาปีก้า
C12105,นักศึกษา,2023-03-16,2023-10-04,11,16,595.0,P-TEA-001,8,ชาเขียว (เย็น)
C12106,นักศึกษา,2023-03-07,2023-08-28,6,8,285.0,P-SOU-006,8,คอร์นเฟรก
C12107,นักศึกษา,2023-03-02,2023-03-08,2,4,140.0,P-COF-004,2,อเมริกาโน่ส้ม
C12108,นักศึกษา,2023-03-14,2023-08-22,20,27,1013.0,P-NDL-002,13,ยำยำ
C12109,นักศึกษา,2023-03-01,2023-07-03,3,7,279.0,P-COF-010,7,อเมริกาโน่น้ำผึ้ง (เย็น)
C12111,นักศึกษา,2023-03-01,2023-08-30,39,62,1794.0,P-SOU-001,24,น้ำเปล่า
C12112,นักศึกษา,2023-03-05,2023-09-23,8,14,544.0,P-SOU-001,13,น้ำเปล่า
C12113,นักศึกษา,2023-03-04,2023-11-06,31,54,2121.5,P-SMT-002,21,แตงโม (ปั่น)
C12114,นักศึกษา,2023-03-10,2024-01-12,7,9,324.0,P-SOU-001,6,น้ำเปล่า
C12115,นักศึกษา,2023-03-06,2023-09-27,24,29,1200.0,P-COC-004,12,นมสด (เย็น)
C12116,นักศึกษา,2023-03-06,2023-09-11,6,7,310.0,P-TEA-004,5,ชามัทฉะ (เย็น)
C12117,นักศึกษา,2023-04-20,2023-11-01,7,13,381.0,P-SOU-017,10,มะม่วงหิมพานต์
C12118,นักศึกษา,2023-03-18,2023-08-29,8,11,460.0,P-COC-004,8,นมสด (เย็น)
C12119,นักศึกษา,2023-03-27,2024-01-15,10,18,690.0,P-SNK-009,11,ฮานามิ
C12120,นักศึกษา,2023-04-01,2024-01-16,3,8,344.0,P-FOD-001,8,แซนวิชโบราณ
C12121,นักศึกษา,2023-04-05,2023-09-11,4,6,270.0,P-COC-008,6,โกโก้มิ้นท์
C12122,นักศึกษา,2023-03-17,2023-07-23,6,12,480.0,P-TEA-006,9,ชาน้ำผึ้งมะนาว (เย็น)
C12123,นักศึกษา,2023-03-04,2024-01-29,51,73,3154.0,P-SMT-003,31,โอริโอ้ (ปั่น)
C12124,นักศึกษา,2023-03-10,2023-12-01,9,13,594.0,P-COC-007,9,นมสดคาราเมล (ปั่น)
C12125,นักศึกษา,2023-03-12,2023-09-23,11,16,575.0,P-NDL-002,8,ยำยำ
C12126,นักศึกษา,2023-03-12,2023-11-22,3,4,155.0,P-BAK-021,4,เค้กชาไทยหน้านิ่ม
C12127,นักศึกษา,2023-03-08,2023-09-02,13,15,675.0,P-TEA-004,11,ชามัทฉะ (เย็น)
C12128,นักศึกษา,2023-03-24,2023-10-19,7,12,490.0,P-TEA-001,10,ชาเขียว (เย็น)
C12129,นักศึกษา,2023-03-06,2023-09-15,5,6,245.0,P-COF-010,5,อเมริกาโน่น้ำผึ้ง (เย็น)
C12130,นักศึกษา,2023-08-15,2023-08-19,3,7,195.0,P-SFT-001,3,โค้ก ออริจินอล
C12131,นักศึกษา,2023-07-11,2024-01-21,2,3,125.0,P-BAK-030,3,คพุเค้ก
C12132,นักศึกษา,2023-04-03,2023-09-21,6,14,315.0,P-SOU-001,6,น้ำเปล่า
C12133,นักศึกษา,2023-03-16,2024-01-10,9,13,535.0,P-COF-016,11,อเมริกาโน่น้ำผึ้ง
C12134,นักศึกษา,2023-04-21,2023-07-10,5,6,280.0,P-COC-005,4,นมสดคาราเมล (เย็น)
C12135,นักศึกษา,2023-03-25,2023-09-06,13,17,744.0,P-TEA-022,15,ชาน้ำผึ้งมะนาว (ร้อน)
C12136,นักศึกษา,2023-05-31,2023-09-30,2,2,95.0,P-COC-001,2,ช็อคโกแลต (เย็น)
C12137,นักศึกษา,2023-03-26,2023-10-22,6,7,290.0,P-TEA-001,5,ชาเขียว (เย็น)
C12138,นักศึกษา,2023-03-11,2023-12-21,16,22,750.0,P-TEA-001,12,ชาเขียว (เย็น)
C12139,นักศึกษา,2023-03-12,2023-10-20,8,9,355.0,P-BAK-030,6,คพุเค้ก
C12140,นักศึกษา,2023-03-09,2023-03-09,1,1,50.0,P-COF-011,1,คาราเมลมัคคีอาโต้
C12141,นักศึกษา,2023-03-24,2023-09-29,15,25,800.0,P-SNK-001,13,ขนมเลย์
C12142,นักศึกษา,2023-04-26,2023-09-19,9,15,629.0,P-FOD-002,10,ข้าวกล่อง
C12143,นักศึกษา,2023-08-30,2023-10-10,3,4,170.0,P-TEA-004,3,ชามัทฉะ (เย็น)
C12144,นักศึกษา,2023-03-20,2023-12-09,16,21,689.0,P-SOU-001,12,น้ำเปล่า
C12145,นักศึกษา,2023-03-20,2023-08-25,7,11,532.0,P-BAK-006,10,บานอฟฟี่
C12146,นักศึกษา,2023-03-18,2023-10-23,21,26,1220.0,P-COC-005,14,นมสดคาราเมล (เย็น)
C12147,นักศึกษา,2023-04-07,2023-09-16,4,7,325.0,P-SOD-002,4,เลม่อนผสมน้ำผึ้ง
C12148,นักศึกษา,2023-03-16,2023-10-01,7,11,410.0,P-COF-002,8,ลาเต้ (เย็น)
C12149,นักศึกษา,2023-03-28,2023-09-21,4,8,310.0,P-COC-014,6,นมสด (ร้อน)
C12150,นักศึกษา,2023-07-27,2024-01-09,4,8,225.0,P-SFT-002,7,สิงห์เลม่อนโซดา
C12151,นักศึกษา,2023-05-20,2023-08-23,5,5,234.0,P-COC-001,5,ช็อคโกแลต (เย็น)
C12152,นักศึกษา,2023-03-17,2023-11-30,13,23,535.0,P-SNK-008,12,ขนมซีมอน
C12153,นักศึกษา,2023-03-23,2024-01-10,11,19,848.0,P-TEA-002,13,ชาซีลอน (เย็น)
C12154,นักศึกษา,2023-07-24,2023-09-11,4,6,272.5,P-FOD-005,4,ไข่กระทะ
C12155,นักศึกษา,2023-03-11,2023-09-07,7,9,400.0,P-COF-009,6,มอคค่า (เย็น)
C12156,นักศึกษา,2023-03-14,2024-01-12,11,17,664.0,P-COF-006,12,อเมริกาโน่ช่อมะพร้าว
C12157,นักศึกษา,2023-03-25,2023-08-29,8,12,495.0,P-SMT-002,9,แตงโม (ปั่น)
C12158,นักศึกษา,2023-06-23,2023-10-31,3,3,155.0,P-COC-001,3,ช็อคโกแลต (เย็น)
C12159,นักศึกษา,2023-03-20,2023-09-18,9,13,630.0,P-COF-001,8,อเมริกาโน่ (เย็น)
C12160,นักศึกษา,2023-04-28,2023-09-21,7,12,330.0,P-COC-005,7,นมสดคาราเมล (เย็น)
C12161,นักศึกษา,2023-03-20,2023-10-22,11,15,570.0,P-COF-001,10,อเมริกาโน่ (เย็น)
C12162,นักศึกษา,2023-03-14,2023-09-06,8,12,350.0,P-NDL-003,7,ไวไว
C12163,นักศึกษา,2023-03-14,2023-07-26,4,5,215.0,P-COC-002,4,โกโก้ (เย็น)
C12164,นักศึกษา,2023-03-16,2023-07-20,7,11,435.0,P-BAK-008,8,เค้กช็อคหน้านิ่ม
C12165,นักศึกษา,2023-04-09,2023-12-04,9,12,570.0,P-COC-003,9,ช็อคโกแลต (ปั่น)
C12166,นักศึกษา,2023-07-01,2023-10-02,5,8,145.0,P-FOD-001,3,แซนวิชโบราณ
C12167,นักศึกษา,2023-03-16,2023-12-19,17,31,1170.0,P-TEA-003,18,ชาเขียว (ปั่น)
C12168,นักศึกษา,2023-05-24,2023-12-03,13,16,594.0,P-SOU-001,9,น้ำเปล่า
C12169,นักศึกษา,2023-06-07,2024-01-31,10,14,460.0,P-FOD-003,12,ขนมจีบกุ้ง
C12170,นักศึกษา,2023-06-17,2023-10-05,11,21,835.0,P-NDL-003,15,ไวไว
C12171,นักศึกษา,2023-03-21,2023-08-24,7,9,360.0,P-SMT-007,6,แอปเปิ้ล (ปั่น)
C12172,นักศึกษา,2023-03-20,2023-07-12,4,6,200.0,P-COF-001,4,อเมริกาโน่ (เย็น)
C12173,นักศึกษา,2023-03-16,2023-08-23,8,12,522.0,P-FOD-002,7,ข้าวกล่อง
C12174,นักศึกษา,2023-03-31,2023-10-04,18,33,1295.0,P-TEA-001,12,ชาเขียว (เย็น)
C12175,นักศึกษา,2023-03-22,2024-01-17,4,6,245.0,P-BAK-008,4,เค้กช็อคหน้านิ่ม
C12176,นักศึกษา,2023-05-02,2023-11-21,7,8,330.0,P-SOD-005,7,แดงมะนาว
C12177,นักศึกษา,2023-07-09,2023-09-20,2,2,70.0,P-COF-007,2,อเมริกาโน่น้ำผึ้งมะนาว
C12178,นักศึกษา,2023-04-04,2023-10-06,9,20,829.0,P-COC-002,13,โกโก้ (เย็น)
C12179,นักศึกษา,2023-03-16,2023-09-20,8,22,1010.0,P-COF-004,14,อเมริกาโน่ส้ม
C12180,นักศึกษา,2023-06-19,2024-01-11,8,10,307.5,P-BAK-004,10,ขนมปังรวมรส
C12181,นักศึกษา,2023-03-22,2023-10-30,12,15,530.0,P-SFT-001,11,โค้ก ออริจินอล
C12182,นักศึกษา,2023-04-04,2024-01-29,32,49,1875.0,P-COF-002,25,ลาเต้ (เย็น)
C12183,นักศึกษา,2023-03-18,2023-10-30,11,21,527.5,P-SFT-001,12,โค้ก ออริจินอล
C12184,นักศึกษา,2023-03-19,2023-07-15,21,28,1088.0,P-NDL-002,10,ยำยำ
C12185,นักศึกษา,2023-03-22,2023-11-08,15,21,895.0,P-COF-002,13,ลาเต้ (เย็น)
C12186,นักศึกษา,2023-09-04,2024-01-20,3,12,425.0,P-COF-008,7,อเมริกาโน่ (ร้อน)
C12187,นักศึกษา,2023-05-18,2023-11-29,3,6,210.0,P-COF-002,5,ลาเต้ (เย็น)
C12188,นักศึกษา,2023-03-18,2023-08-24,4,9,305.0,P-SOU-001,6,น้ำเปล่า
C12189,นักศึกษา,2023-05-20,2023-06-30,4,12,275.0,P-SOU-001,6,น้ำเปล่า
C12190,นักศึกษา,2023-07-13,2023-10-23,5,5,185.0,P-COF-019,5,มัทฉะลาเต้
C12191,นักศึกษา,2023-04-28,2023-10-03,5,6,324.0,P-BAK-057,6,เค้กส้ม
C12192,นักศึกษา,2023-03-21,2023-08-17,5,8,310.0,P-FOD-001,4,แซนวิชโบราณ
C12193,นักศึกษา,2023-03-30,2023-11-08,38,59,2458.0,P-COF-002,21,ลาเต้ (เย็น)
C12194,นักศึกษา,2023-07-03,2023-09-05,4,5,250.0,P-COC-002,5,โกโก้ (เย็น)
C12195,นักศึกษา,2023-03-22,2023-09-14,4,5,239.0,P-TEA-005,5,ชาพีช (เย็น)
C12196,นักศึกษา,2023-04-20,2023-11-23,8,10,510.0,P-SMT-002,6,แตงโม (ปั่น)
C12197,นักศึกษา,2023-04-03,2023-08-23,3,3,125.0,P-SMT-002,3,แตงโม (ปั่น)
C12198,นักศึกษา,2023-03-21,2023-07-22,6,11,305.0,P-NDL-001,9,มาม่า
C12199,นักศึกษา,2023-05-25,2023-08-28,4,6,223.0,P-COF-002,3,ลาเต้ (เย็น)
C12200,นักศึกษา,2023-07-02,2023-11-23,5,11,505.0,P-TEA-002,7,ชาซีลอน (เย็น)
C12201,นักศึกษา,2023-03-20,2023-09-01,16,26,1019.0,P-BAK-002,18,บราวนี่
C12202,นักศึกษา,2023-03-22,2023-09-19,4,6,255.0,P-TEA-001,5,ชาเขียว (เย็น)
C12203,นักศึกษา,2023-03-22,2023-07-22,4,5,250.0,P-COF-007,4,อเมริกาโน่น้ำผึ้งมะนาว
C12204,นักศึกษา,2023-03-24,2023-09-07,6,9,230.0,P-SOU-001,3,น้ำเปล่า
C12205,นักศึกษา,2023-03-29,2023-11-29,6,10,380.0,P-COC-004,7,นมสด (เย็น)
C12206,นักศึกษา,2023-03-22,2023-10-04,25,43,1575.0,P-COF-006,22,อเมริกาโน่ช่อมะพร้าว
C12207,นักศึกษา,2023-03-23,2024-01-17,23,43,1455.0,P-FOD-001,18,แซนวิชโบราณ
C12208,นักศึกษา,2023-03-23,2023-10-17,8,14,465.0,P-SNK-001,9,ขนมเลย์
C12209,นักศึกษา,2023-05-05,2024-01-07,10,21,900.0,P-TEA-001,12,ชาเขียว (เย็น)
C12210,นักศึกษา,2023-04-19,2023-12-25,27,31,1072.5,P-SOU-001,16,น้ำเปล่า
C12211,นักศึกษา,2023-07-10,2023-11-23,2,3,80.0,P-TOP-001,3,วุ้นบุก
C12212,นักศึกษา,2023-03-29,2024-01-27,16,23,810.0,P-TEA-007,9,ชามะนาว (เย็น)
C12213,นักศึกษา,2023-09-17,2023-09-17,1,1,45.0,P-TEA-002,1,ชาซีลอน (เย็น)
C12214,นักศึกษา,2023-03-27,2023-10-04,9,21,680.0,P-NDL-001,14,มาม่า
C12215,นักศึกษา,2023-04-01,2023-10-10,10,24,1120.0,P-COF-001,7,อเมริกาโน่ (เย็น)
C12216,นักศึกษา,2023-05-24,2023-10-04,7,14,560.0,P-TEA-001,10,ชาเขียว (เย็น)
C12217,นักศึกษา,2023-04-05,2023-08-08,12,21,835.0,P-COF-009,13,มอคค่า (เย็น)
C12218,นักศึกษา,2023-09-20,2023-09-30,2,5,253.0,P-COF-015,4,คาปูชิโน่ (ปั่น)
C12219,นักศึกษา,2023-03-28,2023-08-05,26,40,1590.0,P-COF-003,20,คาปูชิโน่ (เย็น)
C12220,นักศึกษา,2023-04-05,2023-11-13,4,6,240.0,P-COF-013,5,เอสเปรสโซ่ (ร้อน)
C12221,นักศึกษา,2023-05-24,2023-09-05,10,14,585.0,P-COF-011,9,คาราเมลมัคคีอาโต้
C12222,นักศึกษา,2023-04-02,2023-08-10,19,23,935.0,P-COF-001,10,อเมริกาโน่ (เย็น)
C12223,นักศึกษา,2023-03-28,2023-08-04,8,17,502.5,P-COF-001,7,อเมริกาโน่ (เย็น)
C12224,นักศึกษา,2023-04-23,2023-07-12,5,7,320.0,P-COC-010,6,นมสด (ปั่น)
C12225,นักศึกษา,2023-06-22,2023-12-06,9,14,609.0,P-FOD-006,8,อาหารคลีน
C12226,นักศึกษา,2023-04-05,2024-01-28,7,8,345.0,P-COF-001,5,อเมริกาโน่ (เย็น)
C12227,นักศึกษา,2023-08-14,2023-10-02,2,3,45.0,P-SNK-002,3,ป็อกกี้
C12228,นักศึกษา,2023-06-20,2024-01-23,11,15,595.0,P-SOD-006,10,กีวี่
C12230,นักศึกษา,2023-06-18,2023-10-20,5,8,295.0,P-COC-003,8,ช็อคโกแลต (ปั่น)
C12231,นักศึกษา,2023-05-15,2023-09-19,8,12,590.0,P-COF-001,7,อเมริกาโน่ (เย็น)
C12232,นักศึกษา,2023-04-20,2023-11-04,12,16,665.0,P-NDL-004,9,โจ๊ก
C12233,นักศึกษา,2023-08-25,2023-09-21,2,4,185.0,P-COF-003,3,คาปูชิโน่ (เย็น)
C12234,นักศึกษา,2023-05-02,2024-01-19,7,11,478.0,P-COC-002,8,โกโก้ (เย็น)
C12235,นักศึกษา,2023-03-27,2024-01-16,30,52,1641.0,P-SOU-001,19,น้ำเปล่า
C12236,นักศึกษา,2023-05-26,2024-01-19,4,4,145.0,P-COF-001,4,อเมริกาโน่ (เย็น)
C12237,นักศึกษา,2023-05-16,2024-01-30,11,14,494.0,P-FOD-004,11,ขนมจีบไก่
C12238,นักศึกษา,2023-03-28,2023-10-19,20,33,1385.0,P-COC-002,19,โกโก้ (เย็น)
C12239,นักศึกษา,2023-06-26,2023-09-09,4,5,190.0,P-COF-003,4,คาปูชิโน่ (เย็น)
C12240,นักศึกษา,2023-04-06,2023-10-21,16,29,1110.0,P-TEA-022,19,ชาน้ำผึ้งมะนาว (ร้อน)
C12241,นักศึกษา,2023-04-23,2023-10-05,7,9,380.0,P-COF-007,5,อเมริกาโน่น้ำผึ้งมะนาว
C12242,นักศึกษา,2023-06-20,2023-09-24,4,4,140.0,P-COC-001,4,ช็อคโกแลต (เย็น)
C12243,นักศึกษา,2023-05-16,2023-10-12,10,14,555.0,P-SFT-003,12,แฟนต้า น้ำแดง
C12244,นักศึกษา,2023-03-30,2023-09-21,16,40,1515.0,P-COF-001,18,อเมริกาโน่ (เย็น)
C12245,นักศึกษา,2023-05-26,2023-11-29,11,13,515.0,P-COF-001,9,อเมริกาโน่ (เย็น)
C12246,นักศึกษา,2023-05-11,2023-07-13,3,5,235.0,P-TEA-004,4,ชามัทฉะ (เย็น)
C12247,นักศึกษา,2023-04-21,2023-10-09,9,15,570.0,P-COF-002,9,ลาเต้ (เย็น)
C12248,นักศึกษา,2023-05-11,2023-07-17,7,12,557.0,P-COF-002,9,ลาเต้ (เย็น)
C12249,นักศึกษา,2023-05-18,2023-09-02,4,6,270.0,P-COF-002,3,ลาเต้ (เย็น)
C12250,นักศึกษา,2023-04-25,2023-09-14,7,9,409.0,P-BAK-006,9,บานอฟฟี่
C12251,นักศึกษา,2023-06-17,2023-09-14,4,8,390.0,P-BAK-005,8,แอลแคร์
C12252,นักศึกษา,2023-03-31,2023-09-30,17,27,1170.0,P-TEA-007,14,ชามะนาว (เย็น)
C12253,นักศึกษา,2023-06-27,2023-09-24,6,10,525.0,P-COC-005,5,นมสดคาราเมล (เย็น)
C12254,นักศึกษา,2023-04-19,2023-12-07,7,16,470.0,P-SNK-004,10,โคอะล่ามาร์ช
C12255,นักศึกษา,2023-04-01,2023-08-16,17,21,730.0,P-SFT-001,11,โค้ก ออริจินอล
C12256,นักศึกษา,2023-06-29,2023-08-03,8,13,428.0,P-FOD-005,10,ไข่กระทะ
C12257,นักศึกษา,2023-05-09,2023-09-27,3,5,175.0,P-COC-003,4,ช็อคโกแลต (ปั่น)
C12258,นักศึกษา,2023-04-09,2023-09-03,10,13,530.0,P-FOD-001,10,แซนวิชโบราณ
C12259,นักศึกษา,2023-05-10,2023-10-16,20,34,1200.0,P-COC-001,16,ช็อคโกแลต (เย็น)
C12260,นักศึกษา,2023-06-15,2023-10-23,5,7,242.5,P-NDL-003,6,ไวไว
C12261,นักศึกษา,2023-05-11,2023-05-11,1,1,55.0,P-COF-015,1,คาปูชิโน่ (ปั่น)
C12262,นักศึกษา,2023-06-24,2023-10-04,6,7,175.0,P-SNK-001,3,ขนมเลย์
C12263,นักศึกษา,2023-06-25,2023-11-20,6,9,395.0,P-COC-004,7,นมสด (เย็น)
C12264,นักศึกษา,2023-04-28,2023-07-21,2,3,165.0,P-TEA-003,2,ชาเขียว (ปั่น)
C12265,นักศึกษา,2023-10-04,2024-01-02,3,5,245.0,P-COF-012,4,คาปูชิโน่ (ร้อน)
C12266,นักศึกษา,2023-06-18,2023-09-20,10,18,670.0,P-COC-001,10,ช็อคโกแลต (เย็น)
C12267,นักศึกษา,2023-08-15,2023-10-10,5,8,250.0,P-BAK-005,7,แอลแคร์
C12268,นักศึกษา,2023-06-16,2023-09-28,6,10,370.0,P-COC-002,7,โกโก้ (เย็น)
C12269,นักศึกษา,2023-06-06,2023-09-13,8,16,757.0,P-COC-008,10,โกโก้มิ้นท์
C12270,นักศึกษา,2023-04-05,2023-10-04,5,8,345.0,P-NDL-001,7,มาม่า
C12271,นักศึกษา,2023-04-20,2023-10-02,7,7,120.0,P-SOU-001,3,น้ำเปล่า
C12272,นักศึกษา,2023-06-15,2023-10-18,7,10,480.0,P-COC-005,6,นมสดคาราเมล (เย็น)
C12274,นักศึกษา,2023-08-11,2023-12-17,6,13,495.0,P-BAK-002,9,บราวนี่
C12275,นักศึกษา,2023-04-04,2023-09-28,30,45,1275.0,P-SOU-001,20,น้ำเปล่า
C12276,นักศึกษา,2023-04-04,2023-08-24,22,30,1130.0,P-COF-003,18,คาปูชิโน่ (เย็น)
C12277,นักศึกษา,2023-05-03,2023-09-05,9,18,595.0,P-TOP-001,9,วุ้นบุก
C12278,นักศึกษา,2023-05-16,2023-09-11,10,12,533.0,P-TEA-014,8,ชาเขียวดำ (เย็น)
C12279,นักศึกษา,2023-05-18,2023-08-31,3,7,358.0,P-TEA-011,4,ชาเขียวมะนาว
C12280,นักศึกษา,2023-04-20,2023-12-19,44,74,3288.0,P-COF-001,24,อเมริกาโน่ (เย็น)
C12281,นักศึกษา,2023-05-04,2023-09-30,12,14,574.0,P-COF-002,12,ลาเต้ (เย็น)
C12282,นักศึกษา,2023-04-09,2023-07-11,3,5,220.0,P-COC-010,5,นมสด (ปั่น)
C12283,นักศึกษา,2023-04-06,2023-10-05,9,24,842.0,P-TEA-006,12,ชาน้ำผึ้งมะนาว (เย็น)
C12284,นักศึกษา,2023-06-13,2023-12-03,19,27,1439.0,P-COF-002,11,ลาเต้ (เย็น)
C12285,นักศึกษา,2023-04-22,2023-12-21,20,36,1394.0,P-TEA-007,21,ชามะนาว (เย็น)
C12286,นักศึกษา,2023-04-20,2023-12-08,12,22,924.0,P-COF-001,12,อเมริกาโน่ (เย็น)
C12287,นักศึกษา,2023-04-23,2024-01-04,10,11,503.0,P-COF-023,8,อเมริกาโน่น้ำผึ้ง (ร้อน)
C12288,นักศึกษา,2023-07-09,2023-10-16,3,3,135.0,P-COF-005,3,เอสเปรสโซ่ (เย็น)
C12289,นักศึกษา,2023-06-26,2023-10-05,5,6,180.0,P-SFT-005,5,สไปรท์
C12290,นักศึกษา,2023-04-20,2023-12-18,8,13,540.0,P-COF-001,9,อเมริกาโน่ (เย็น)
C12291,นักศึกษา,2023-06-14,2023-11-11,6,13,520.0,P-COF-002,6,ลาเต้ (เย็น)
C12292,นักศึกษา,2023-05-24,2023-07-02,3,3,140.0,P-COF-004,3,อเมริกาโน่ส้ม
C12294,นักศึกษา,2023-07-11,2023-10-04,2,2,95.0,P-TEA-004,2,ชามัทฉะ (เย็น)
C12295,นักศึกษา,2023-06-19,2023-10-21,7,16,380.0,P-SOU-001,8,น้ำเปล่า
C12296,นักศึกษา,2023-06-19,2023-09-21,6,8,290.0,P-BAK-017,6,ขนมปัง
C12297,นักศึกษา,2023-05-01,2023-07-12,4,8,350.0,P-COC-001,8,ช็อคโกแลต (เย็น)
C12299,นักศึกษา,2023-06-24,2023-10-12,6,6,235.0,P-NDL-002,5,ยำยำ
C12300,นักศึกษา,2023-05-25,2023-09-27,6,9,295.0,P-SFT-001,7,โค้ก ออริจินอล
C12301,นักศึกษา,2023-05-11,2023-10-05,19,31,935.0,P-SNK-005,14,คอนเน่
C12302,นักศึกษา,2023-05-09,2023-07-25,7,8,215.0,P-SFT-004,6,โค้ก zero
C12303,นักศึกษา,2023-05-30,2023-09-21,5,10,425.0,P-COC-002,7,โกโก้ (เย็น)
C12304,นักศึกษา,2023-05-28,2023-10-16,9,13,515.0,P-COF-011,9,คาราเมลมัคคีอาโต้
C12305,นักศึกษา,2023-08-30,2023-08-30,1,2,45.0,P-SFT-004,2,โค้ก zero
C12306,นักศึกษา,2023-04-19,2024-01-05,7,15,530.0,P-NDL-003,10,ไวไว
C12307,นักศึกษา,2023-05-02,2023-09-12,5,7,175.0,P-COC-006,6,โกโก้ (ปั่น)
C12308,นักศึกษา,2023-05-09,2023-10-16,10,21,1004.0,P-COF-009,13,มอคค่า (เย็น)
C12309,นักศึกษา,2023-05-13,2024-01-16,15,33,1200.0,P-COF-003,14,คาปูชิโน่ (เย็น)
C12310,นักศึกษา,2023-04-28,2023-09-16,13,18,804.0,P-COC-001,14,ช็อคโกแลต (เย็น)
C12311,นักศึกษา,2023-05-10,2023-08-28,4,9,365.0,P-BAK-008,7,เค้กช็อคหน้านิ่ม
C12312,นักศึกษา,2023-05-08,2023-08-16,10,15,585.0,P-SOU-004,10,กรือโป๊ะนรา
C12313,นักศึกษา,2023-06-22,2024-01-22,19,23,1008.0,P-TEA-004,13,ชามัทฉะ (เย็น)
C12314,นักศึกษา,2023-04-25,2023-09-30,20,31,1180.0,P-COF-001,16,อเมริกาโน่ (เย็น)
C12315,นักศึกษา,2023-06-28,2023-08-08,3,5,170.0,P-SOU-001,3,น้ำเปล่า
C12316,นักศึกษา,2023-04-20,2023-04-20,1,2,55.0,P-COF-001,2,อเมริกาโน่ (เย็น)
C12317,นักศึกษา,2023-06-17,2023-10-05,5,12,355.0,P-BAK-002,8,บราวนี่
C12318,นักศึกษา,2023-04-27,2023-11-16,11,16,759.0,P-SMT-001,8,สมูตตี้ สตรอเบอรี่
C12319,นักศึกษา,2023-06-07,2023-09-11,5,6,260.0,P-BAK-008,6,เค้กช็อคหน้านิ่ม
C12320,นักศึกษา,2023-06-29,2023-10-21,12,17,780.0,P-COF-001,9,อเมริกาโน่ (เย็น)
C12321,นักศึกษา,2023-05-08,2024-01-24,13,22,657.0,P-BAK-004,14,ขนมปังรวมรส
C12322,นักศึกษา,2023-04-20,2023-12-04,17,19,773.0,P-COC-009,10,นมชมพู(นมเย็น)
C12323,นักศึกษา,2023-09-21,2023-11-26,3,3,150.0,P-TEA-001,3,ชาเขียว (เย็น)
C12324,นักศึกษา,2023-10-21,2023-11-06,2,3,110.0,P-COF-010,3,อเมริกาโน่น้ำผึ้ง (เย็น)
C12325,นักศึกษา,2023-04-17,2023-10-02,49,71,2458.0,P-SOU-001,23,น้ำเปล่า
C12326,นักศึกษา,2023-05-10,2023-10-09,9,14,579.0,P-TEA-001,7,ชาเขียว (เย็น)
C12327,นักศึกษา,2023-06-25,2023-10-09,5,7,325.0,P-COF-002,5,ลาเต้ (เย็น)
C12328,นักศึกษา,2023-07-11,2023-09-26,4,5,160.0,P-FOD-001,4,แซนวิชโบราณ
C12329,นักศึกษา,2023-06-24,2023-10-17,6,6,230.0,P-COF-002,4,ลาเต้ (เย็น)
C12330,นักศึกษา,2023-06-30,2023-07-24,2,2,90.0,P-COF-012,2,คาปูชิโน่ (ร้อน)
C12331,นักศึกษา,2023-06-23,2024-01-30,15,21,800.0,P-TEA-006,13,ชาน้ำผึ้งมะนาว (เย็น)
C12332,นักศึกษา,2023-05-03,2023-05-03,1,1,50.0,P-COF-004,1,อเมริกาโน่ส้ม
C12333,นักศึกษา,2023-05-05,2024-01-29,9,14,575.0,P-TEA-009,9,ชากุหลาบนมสด
C12334,นักศึกษา,2023-08-19,2023-09-21,2,6,255.0,P-COC-009,6,นมชมพู(นมเย็น)
C12335,นักศึกษา,2023-05-01,2024-01-10,11,29,1404.0,P-TEA-001,16,ชาเขียว (เย็น)
C12336,นักศึกษา,2023-07-03,2023-10-18,3,5,194.0,P-BAK-006,5,บานอฟฟี่
C12337,นักศึกษา,2023-04-20,2023-08-03,7,11,365.0,P-TOP-001,7,วุ้นบุก
C12338,นักศึกษา,2023-04-26,2024-01-09,7,12,385.0,P-TEA-001,9,ชาเขียว (เย็น)
C12339,นักศึกษา,2023-04-30,2023-11-10,11,18,815.0,P-TEA-002,9,ชาซีลอน (เย็น)
C12340,นักศึกษา,2023-05-26,2023-12-06,11,18,685.0,P-BAK-005,14,แอลแคร์
C12341,นักศึกษา,2023-04-26,2023-09-14,4,5,230.0,P-COC-001,4,ช็อคโกแลต (เย็น)
C12342,นักศึกษา,2023-07-21,2024-01-28,7,16,465.0,P-SFT-004,8,โค้ก zero
C12343,นักศึกษา,2023-07-26,2023-08-17,4,5,210.0,P-COC-007,5,นมสดคาราเมล (ปั่น)
C12344,นักศึกษา,2023-05-21,2024-01-11,3,7,205.0,P-SOU-005,5,น้ำส้มคั้นสด
C12345,นักศึกษา,2023-06-30,2023-10-31,5,7,283.0,P-COF-012,7,คาปูชิโน่ (ร้อน)
C12346,นักศึกษา,2023-05-10,2023-09-09,9,13,575.0,P-TEA-001,6,ชาเขียว (เย็น)
C12347,นักศึกษา,2023-04-20,2023-09-12,4,8,195.0,P-NDL-002,5,ยำยำ
C12348,นักศึกษา,2023-04-20,2023-09-29,5,5,250.0,P-COF-011,2,คาราเมลมัคคีอาโต้
C12349,นักศึกษา,2023-06-06,2023-09-30,8,15,660.0,P-SOD-005,7,แดงมะนาว
C12350,นักศึกษา,2023-05-06,2023-08-09,9,10,450.0,P-COC-001,9,ช็อคโกแลต (เย็น)
C12351,นักศึกษา,2023-04-28,2023-09-11,7,11,350.0,P-SNK-004,6,โคอะล่ามาร์ช
C12352,นักศึกษา,2023-05-15,2023-09-21,5,8,289.0,P-FOD-002,8,ข้าวกล่อง
C12353,นักศึกษา,2023-04-27,2023-12-24,19,34,1425.0,P-TEA-002,18,ชาซีลอน (เย็น)
C12354,นักศึกษา,2023-04-29,2024-01-07,36,66,2468.0,P-TEA-001,19,ชาเขียว (เย็น)
C12355,นักศึกษา,2023-04-29,2023-10-25,7,12,410.0,P-BAK-004,7,ขนมปังรวมรส
C12356,นักศึกษา,2023-05-08,2023-07-05,4,5,215.0,P-SNK-001,5,ขนมเลย์
C12357,นักศึกษา,2023-05-07,2023-10-07,7,9,430.0,P-TEA-001,5,ชาเขียว (เย็น)
C12358,นักศึกษา,2023-05-22,2023-10-28,16,21,1053.0,P-COC-002,12,โกโก้ (เย็น)
C12359,นักศึกษา,2023-05-15,2023-10-21,8,12,593.0,P-COC-003,8,ช็อคโกแลต (ปั่น)
C12360,นักศึกษา,2023-06-06,2023-11-06,10,17,500.0,P-SNK-002,12,ป็อกกี้
C12361,นักศึกษา,2023-06-29,2023-09-21,7,10,439.0,P-TEA-001,7,ชาเขียว (เย็น)
C12362,นักศึกษา,2023-05-07,2023-12-01,14,22,685.0,P-COF-002,15,ลาเต้ (เย็น)
C12363,นักศึกษา,2023-07-06,2023-09-25,4,7,245.0,P-COC-002,6,โกโก้ (เย็น)
C12364,นักศึกษา,2023-05-09,2023-10-20,15,30,1085.0,P-SOU-001,16,น้ำเปล่า
C12365,นักศึกษา,2023-07-07,2024-01-05,2,2,85.0,P-TEA-001,2,ชาเขียว (เย็น)
C12366,นักศึกษา,2023-04-27,2023-09-21,10,23,910.0,P-TEA-001,16,ชาเขียว (เย็น)
C12367,นักศึกษา,2023-06-20,2023-09-17,10,15,600.0,P-COF-001,10,อเมริกาโน่ (เย็น)
C12368,นักศึกษา,2023-06-09,2023-12-25,29,50,1584.0,P-TOP-001,23,วุ้นบุก
C12369,นักศึกษา,2023-05-24,2023-09-13,9,15,645.0,P-COC-003,8,ช็อคโกแลต (ปั่น)
C12370,นักศึกษา,2023-05-30,2023-10-13,4,6,219.0,P-BAK-012,6,มินิเค้กช็อกโกแลต
C12371,นักศึกษา,2023-05-27,2023-10-13,14,24,918.0,P-COF-002,11,ลาเต้ (เย็น)
C12372,นักศึกษา,2023-07-14,2023-08-16,2,4,145.0,P-BAK-002,3,บราวนี่
C12373,นักศึกษา,2023-05-16,2023-09-25,10,12,525.0,P-COC-001,7,ช็อคโกแลต (เย็น)
C12374,นักศึกษา,2023-04-27,2023-10-22,2,2,95.0,P-COC-013,2,สตรอเบอรี่นมสด
C12375,นักศึกษา,2023-06-26,2023-09-19,5,8,350.0,P-SOD-001,6,สตรอเบอรี่
C12376,นักศึกษา,2023-05-08,2023-09-15,7,7,283.0,P-COF-002,3,ลาเต้ (เย็น)
C12377,นักศึกษา,2023-06-24,2023-10-24,4,6,100.0,P-SNK-001,4,ขนมเลย์
C12378,นักศึกษา,2023-05-27,2023-11-29,10,12,335.0,P-SNK-002,9,ป็อกกี้
C12379,นักศึกษา,2023-10-11,2023-12-02,2,3,40.0,P-SNK-010,2,ขนมซีเรียลอาหารเช้า
C12380,นักศึกษา,2023-05-29,2023-08-17,9,13,397.5,P-FOD-005,10,ไข่กระทะ
C12381,นักศึกษา,2023-05-10,2024-01-20,13,18,863.0,P-COF-001,8,อเมริกาโน่ (เย็น)
C12382,นักศึกษา,2023-07-02,2023-10-04,3,3,85.0,P-COF-001,3,อเมริกาโน่ (เย็น)
C12383,นักศึกษา,2023-06-19,2023-09-04,7,10,439.0,P-COF-002,9,ลาเต้ (เย็น)
C12384,นักศึกษา,2023-05-30,2023-07-24,6,9,240.0,P-SFT-002,7,สิงห์เลม่อนโซดา
C12385,นักศึกษา,2023-06-19,2023-08-21,5,9,380.0,P-COC-002,6,โกโก้ (เย็น)
C12386,นักศึกษา,2023-06-01,2023-09-27,7,9,330.0,P-COC-001,7,ช็อคโกแลต (เย็น)
C12387,นักศึกษา,2023-05-06,2024-01-15,19,25,759.0,P-NDL-001,13,มาม่า
C12388,นักศึกษา,2023-05-08,2023-12-25,16,18,683.0,P-COF-001,12,อเมริกาโน่ (เย็น)
C12389,นักศึกษา,2023-05-29,2023-09-15,5,10,275.0,P-SNK-001,7,ขนมเลย์
C12390,นักศึกษา,2023-05-03,2023-09-21,7,10,390.0,P-COF-005,7,เอสเปรสโซ่ (เย็น)
C12391,นักศึกษา,2023-07-27,2023-09-04,4,8,285.0,P-BAK-002,8,บราวนี่
C12392,นักศึกษา,2023-05-03,2023-09-12,5,7,250.0,P-COC-003,7,ช็อคโกแลต (ปั่น)
C12393,นักศึกษา,2023-05-19,2023-10-12,14,22,800.0,P-SOD-004,15,พีช
C12394,นักศึกษา,2023-05-03,2023-09-28,8,13,375.0,P-SOU-001,6,น้ำเปล่า
C12395,นักศึกษา,2023-05-21,2023-08-26,30,44,1650.0,P-TEA-001,20,ชาเขียว (เย็น)
C12396,นักศึกษา,2023-08-19,2023-08-19,1,1,45.0,P-TEA-002,1,ชาซีลอน (เย็น)
C12397,นักศึกษา,2023-07-05,2024-01-16,6,8,370.0,P-SOD-001,7,สตรอเบอรี่
C12398,นักศึกษา,2023-06-19,2023-11-29,11,16,582.5,P-FOD-001,10,แซนวิชโบราณ
C12399,นักศึกษา,2023-05-03,2023-10-23,53,84,3290.0,P-COF-003,26,คาปูชิโน่ (เย็น)
C12400,นักศึกษา,2023-05-01,2023-10-02,5,6,289.0,P-COF-009,5,มอคค่า (เย็น)
C12401,นักศึกษา,2023-07-07,2023-09-21,2,5,100.0,P-COF-016,3,อเมริกาโน่น้ำผึ้ง
C12402,นักศึกษา,2023-05-09,2023-11-03,21,32,1165.0,P-SOD-001,13,สตรอเบอรี่
C12403,นักศึกษา,2023-05-27,2023-09-20,10,15,555.0,P-COF-002,9,ลาเต้ (เย็น)
C12404,นักศึกษา,2023-05-01,2023-12-15,10,15,542.5,P-COF-002,9,ลาเต้ (เย็น)
C12405,นักศึกษา,2023-06-30,2023-12-19,5,6,299.0,P-COF-003,5,คาปูชิโน่ (เย็น)
C12406,นักศึกษา,2023-06-24,2023-11-04,22,46,1333.6,P-FOD-003,17,ขนมจีบกุ้ง
C12407,นักศึกษา,2023-05-28,2023-08-31,9,12,477.5,P-COC-008,9,โกโก้มิ้นท์
C12408,นักศึกษา,2023-06-18,2023-06-18,1,1,55.0,P-TEA-003,1,ชาเขียว (ปั่น)
C12409,นักศึกษา,2023-05-15,2023-07-18,5,6,230.0,P-COC-008,4,โกโก้มิ้นท์
C12410,นักศึกษา,2023-07-06,2023-07-20,2,3,150.0,P-SMT-019,3,อะโวคาโด้ (ปั่น)
C12411,นักศึกษา,2023-05-07,2023-09-13,11,17,817.0,P-BAK-006,9,บานอฟฟี่
C12412,นักศึกษา,2023-05-16,2024-01-14,8,10,430.0,P-COF-006,6,อเมริกาโน่ช่อมะพร้าว
C12413,นักศึกษา,2023-05-07,2023-12-11,49,69,2669.5,P-COC-002,21,โกโก้ (เย็น)
C12414,นักศึกษา,2023-06-23,2023-09-02,5,9,320.0,P-TEA-007,7,ชามะนาว (เย็น)
C12415,นักศึกษา,2023-05-20,2023-09-02,5,7,160.0,P-COC-015,5,นมสดคาราเมล (ร้อน)
C12416,นักศึกษา,2023-06-26,2023-08-10,8,13,639.0,P-COC-001,7,ช็อคโกแลต (เย็น)
C12417,นักศึกษา,2023-05-10,2023-12-09,7,11,264.0,P-SNK-003,8,เทสโต้
C12418,นักศึกษา,2023-05-18,2024-01-04,34,52,2000.0,P-SOU-001,20,น้ำเปล่า
C12419,นักศึกษา,2023-05-29,2023-09-05,4,4,190.0,P-COF-002,3,ลาเต้ (เย็น)
C12420,นักศึกษา,2023-06-16,2023-11-21,11,20,799.0,P-TEA-001,13,ชาเขียว (เย็น)
C12421,นักศึกษา,2023-05-23,2023-10-11,18,23,1015.0,P-TEA-001,10,ชาเขียว (เย็น)
C12422,นักศึกษา,2023-06-07,2023-10-12,2,2,60.0,P-BAK-004,2,ขนมปังรวมรส
C12423,นักศึกษา,2023-05-24,2024-01-30,37,65,2545.0,P-TEA-001,23,ชาเขียว (เย็น)
C12424,นักศึกษา,2023-10-18,2023-10-18,1,1,45.0,P-SOD-004,1,พีช
C12425,นักศึกษา,2023-05-24,2023-11-29,7,10,270.0,P-FOD-001,6,แซนวิชโบราณ
C12426,นักศึกษา,2023-07-01,2023-09-02,4,5,145.0,P-COF-007,5,อเมริกาโน่น้ำผึ้งมะนาว
C12427,นักศึกษา,2023-06-26,2023-09-15,9,9,405.0,P-TEA-001,6,ชาเขียว (เย็น)
C12428,นักศึกษา,2023-07-24,2023-10-06,3,4,145.0,P-TEA-007,2,ชามะนาว (เย็น)
C12429,นักศึกษา,2023-05-31,2023-09-27,9,10,380.0,P-COF-002,8,ลาเต้ (เย็น)
C12430,นักศึกษา,2023-07-11,2023-12-14,4,6,200.0,P-COC-007,4,นมสดคาราเมล (ปั่น)
C12431,นักศึกษา,2023-06-12,2023-10-02,6,9,285.0,P-COF-015,7,คาปูชิโน่ (ปั่น)
C12432,นักศึกษา,2023-05-16,2023-08-27,14,21,1004.0,P-COF-004,13,อเมริกาโน่ส้ม
C12433,นักศึกษา,2023-06-07,2023-09-23,9,16,720.0,P-COC-001,9,ช็อคโกแลต (เย็น)
C12434,นักศึกษา,2023-05-16,2023-06-15,2,3,130.0,P-COC-003,2,ช็อคโกแลต (ปั่น)
C12435,นักศึกษา,2023-07-17,2024-01-12,7,12,545.0,P-TEA-001,9,ชาเขียว (เย็น)
C12436,นักศึกษา,2023-05-16,2023-10-10,8,9,420.0,P-TEA-001,7,ชาเขียว (เย็น)
C12437,นักศึกษา,2023-06-22,2023-09-27,11,18,680.0,P-COF-001,12,อเมริกาโน่ (เย็น)
C12438,นักศึกษา,2023-07-03,2023-10-16,8,15,490.0,P-BAK-014,7,บราวนี่กรอบ
C12439,นักศึกษา,2023-07-04,2023-12-04,8,17,690.0,P-TEA-017,13,ชาสตรอเบอรี่ (เย็น)
C12440,นักศึกษา,2023-07-08,2023-11-16,10,18,633.0,P-NDL-001,11,มาม่า
C12441,นักศึกษา,2023-06-28,2024-01-14,18,23,885.0,P-COF-002,14,ลาเต้ (เย็น)
C12442,นักศึกษา,2023-07-04,2023-09-20,3,9,210.0,P-SOU-001,3,น้ำเปล่า
C12443,นักศึกษา,2023-06-09,2023-12-02,9,19,664.0,P-COC-002,14,โกโก้ (เย็น)
C12444,นักศึกษา,2023-06-07,2023-10-19,14,21,965.0,P-SOD-001,10,สตรอเบอรี่
C12445,นักศึกษา,2023-05-15,2023-10-31,13,15,560.0,P-SOU-001,13,น้ำเปล่า
C12446,นักศึกษา,2023-07-04,2023-09-16,13,26,1201.0,P-FOD-002,13,ข้าวกล่อง
C12447,นักศึกษา,2023-06-30,2023-10-05,3,6,245.0,P-BAK-021,4,เค้กชาไทยหน้านิ่ม
C12448,นักศึกษา,2023-05-13,2023-12-07,35,65,2019.0,P-NDL-003,20,ไวไว
C12449,นักศึกษา,2023-10-30,2023-11-22,2,2,85.0,P-SNK-003,2,เทสโต้
C12450,นักศึกษา,2023-06-04,2024-01-31,14,23,985.0,P-COC-003,14,ช็อคโกแลต (ปั่น)
C12451,นักศึกษา,2023-06-29,2023-10-17,5,7,288.0,P-COF-005,4,เอสเปรสโซ่ (เย็น)
C12452,นักศึกษา,2023-07-03,2023-10-29,5,12,405.0,P-NDL-004,7,โจ๊ก
C12453,นักศึกษา,2023-07-12,2023-11-28,6,9,310.0,P-COF-001,5,อเมริกาโน่ (เย็น)
C12454,นักศึกษา,2023-05-26,2023-10-15,7,8,310.0,P-COC-004,6,นมสด (เย็น)
C12455,นักศึกษา,2023-06-26,2023-09-26,4,10,260.0,P-NDL-002,9,ยำยำ
C12456,นักศึกษา,2023-06-27,2023-08-05,5,6,245.0,P-SFT-001,6,โค้ก ออริจินอล
C12457,นักศึกษา,2023-06-06,2024-01-31,16,23,659.0,P-SOU-001,12,น้ำเปล่า
C12458,นักศึกษา,2023-06-20,2023-09-29,7,11,490.0,P-BAK-005,7,แอลแคร์
C12459,นักศึกษา,2023-05-15,2023-09-01,13,18,691.5,P-COC-001,9,ช็อคโกแลต (เย็น)
C12460,นักศึกษา,2023-07-06,2023-09-17,4,6,260.0,P-COC-002,5,โกโก้ (เย็น)
C12461,นักศึกษา,2023-08-06,2023-08-06,1,3,100.0,P-COF-001,2,อเมริกาโน่ (เย็น)
C12462,นักศึกษา,2023-07-03,2023-08-18,4,10,493.0,P-BAK-022,6,คุกกี้ไข่เค็ม
C12463,นักศึกษา,2023-06-12,2024-01-27,9,14,713.0,P-COF-004,7,อเมริกาโน่ส้ม
C12464,นักศึกษา,2023-05-25,2023-10-28,23,45,1627.0,P-TEA-001,18,ชาเขียว (เย็น)
C12465,นักศึกษา,2023-06-06,2024-01-11,15,26,989.0,P-COF-009,16,มอคค่า (เย็น)
C12466,นักศึกษา,2023-08-21,2023-09-09,2,2,95.0,P-COF-011,2,คาราเมลมัคคีอาโต้
C12467,นักศึกษา,2023-06-14,2023-10-17,11,17,660.0,P-SOD-002,12,เลม่อนผสมน้ำผึ้ง
C12468,นักศึกษา,2023-08-07,2023-08-29,2,2,50.0,P-SOU-002,2,น้ำแข็ง
C12469,นักศึกษา,2023-05-15,2023-10-19,35,47,1510.5,P-SNK-003,16,เทสโต้
C12470,นักศึกษา,2023-06-12,2023-09-20,7,12,473.0,P-BAK-002,8,บราวนี่
C12471,นักศึกษา,2023-05-19,2023-10-05,17,22,815.0,P-TEA-001,8,ชาเขียว (เย็น)
C12472,นักศึกษา,2023-05-26,2023-10-31,13,18,644.5,P-SMT-001,10,สมูตตี้ สตรอเบอรี่
C12473,นักศึกษา,2023-06-01,2024-01-25,7,17,554.0,P-SFT-001,13,โค้ก ออริจินอล
C12474,นักศึกษา,2023-06-10,2023-08-08,6,8,385.0,P-COC-007,6,นมสดคาราเมล (ปั่น)
C12475,นักศึกษา,2023-07-01,2023-09-19,8,15,515.0,P-BAK-013,9,โดนัท
C12476,นักศึกษา,2023-05-22,2023-09-26,9,14,683.0,P-FOD-003,8,ขนมจีบกุ้ง
C12477,นักศึกษา,2023-05-23,2023-09-30,22,33,1295.0,P-TEA-001,18,ชาเขียว (เย็น)
C12478,นักศึกษา,2023-06-15,2023-12-18,32,50,2018.0,P-TEA-001,20,ชาเขียว (เย็น)
C12479,นักศึกษา,2023-05-19,2024-01-31,57,76,2343.0,P-SOU-001,22,น้ำเปล่า
C12480,นักศึกษา,2023-07-06,2023-09-25,4,5,200.0,P-FOD-003,4,ขนมจีบกุ้ง
C12481,นักศึกษา,2023-06-19,2023-12-22,4,6,240.0,P-COF-004,5,อเมริกาโน่ส้ม
C12482,นักศึกษา,2023-07-12,2024-01-08,12,22,764.0,P-TOP-001,13,วุ้นบุก
C12483,นักศึกษา,2023-05-17,2023-10-16,17,23,1038.0,P-COC-001,11,ช็อคโกแลต (เย็น)
C12484,นักศึกษา,2023-07-01,2023-09-27,5,5,220.0,P-BAK-011,5,เค้กบลูเบอร์รี่หน้านิ่ม
C12485,นักศึกษา,2023-06-19,2023-08-14,4,4,200.0,P-COC-004,2,นมสด (เย็น)
C12486,นักศึกษา,2023-07-06,2023-08-11,5,9,255.0,P-NDL-003,5,ไวไว
C12487,นักศึกษา,2023-06-14,2023-09-27,14,17,745.0,P-TEA-001,10,ชาเขียว (เย็น)
C12488,นักศึกษา,2023-07-06,2023-10-06,3,8,180.0,P-COF-010,2,อเมริกาโน่น้ำผึ้ง (เย็น)
C12489,นักศึกษา,2023-06-14,2023-12-23,25,42,1458.0,P-NDL-003,16,ไวไว
C12490,นักศึกษา,2023-09-05,2024-01-04,6,10,384.0,P-SOU-001,9,น้ำเปล่า
C12491,นักศึกษา,2023-06-09,2023-11-25,8,11,444.0,P-COF-002,11,ลาเต้ (เย็น)
C12492,นักศึกษา,2023-06-25,2023-11-02,5,7,345.0,P-SMT-002,6,แตงโม (ปั่น)
C12493,นักศึกษา,2023-06-26,2023-11-03,6,8,190.0,P-SNK-001,6,ขนมเลย์
C12494,นักศึกษา,2023-06-26,2023-12-01,10,13,530.0,P-COF-017,9,ลาเตั (ปั่น)
C12495,นักศึกษา,2023-06-28,2023-12-14,8,14,455.0,P-SOD-001,10,สตรอเบอรี่
C12496,นักศึกษา,2023-07-12,2023-09-20,2,3,115.0,P-COC-007,3,นมสดคาราเมล (ปั่น)
C12497,นักศึกษา,2023-07-04,2023-12-19,6,11,469.0,P-SMT-005,10,สมูตตี้ บลูเบอรี่
C12498,นักศึกษา,2023-06-04,2023-10-17,15,24,940.0,P-SOU-001,15,น้ำเปล่า
C12499,นักศึกษา,2023-06-08,2023-06-08,1,3,105.0,P-BAK-008,3,เค้กช็อคหน้านิ่ม
C12500,นักศึกษา,2023-06-27,2024-01-09,3,4,170.0,P-COC-001,4,ช็อคโกแลต (เย็น)
C12501,นักศึกษา,2023-06-22,2024-01-14,14,24,1083.0,P-COF-001,9,อเมริกาโน่ (เย็น)
C12502,นักศึกษา,2023-05-28,2023-09-25,18,32,1220.5,P-TEA-002,17,ชาซีลอน (เย็น)
C12503,นักศึกษา,2023-05-29,2024-01-24,20,27,1054.0,P-COC-001,12,ช็อคโกแลต (เย็น)
C12504,นักศึกษา,2023-05-27,2024-01-02,12,15,615.0,P-TEA-010,8,ชาซีลอนดำ (เย็น)
C12505,นักศึกษา,2023-06-19,2023-10-05,14,19,597.5,P-SOU-001,12,น้ำเปล่า
C12506,นักศึกษา,2023-06-24,2023-11-29,8,11,467.0,P-COF-003,9,คาปูชิโน่ (เย็น)
C12507,นักศึกษา,2023-05-29,2024-01-12,11,13,415.0,P-SOU-001,9,น้ำเปล่า
C12508,นักศึกษา,2023-06-27,2023-10-26,8,11,470.0,P-BAK-005,10,แอลแคร์
C12509,นักศึกษา,2023-07-08,2024-01-11,9,12,388.0,P-FOD-002,7,ข้าวกล่อง
C12510,นักศึกษา,2023-07-03,2023-10-09,6,14,583.0,P-COF-001,8,อเมริกาโน่ (เย็น)
C12511,นักศึกษา,2023-05-28,2023-09-26,5,5,225.0,P-TEA-004,4,ชามัทฉะ (เย็น)
C12512,นักศึกษา,2023-09-08,2024-01-22,5,11,355.0,P-COF-003,7,คาปูชิโน่ (เย็น)
C12513,นักศึกษา,2023-05-30,2024-01-26,12,20,780.0,P-COF-001,9,อเมริกาโน่ (เย็น)
C12514,นักศึกษา,2023-06-22,2023-12-19,21,32,1324.0,P-COC-002,17,โกโก้ (เย็น)
C12515,นักศึกษา,2023-05-30,2023-11-08,21,27,1215.0,P-COF-015,14,คาปูชิโน่ (ปั่น)
C12517,นักศึกษา,2023-05-29,2023-12-25,19,30,877.5,P-SNK-001,14,ขนมเลย์
C12518,นักศึกษา,2023-06-14,2023-11-21,11,18,615.0,P-COF-009,11,มอคค่า (เย็น)
C12519,นักศึกษา,2023-06-22,2023-12-25,6,8,344.0,P-TEA-007,6,ชามะนาว (เย็น)
C12520,นักศึกษา,2023-06-01,2023-10-28,10,19,770.0,P-BAK-002,9,บราวนี่
C12521,นักศึกษา,2023-05-31,2023-12-05,6,9,370.0,P-SMT-008,8,สมูตตี้ มะม่วง
C12522,นักศึกษา,2023-07-03,2023-11-21,5,5,190.0,P-COC-002,5,โกโก้ (เย็น)
C12523,นักศึกษา,2023-06-17,2023-10-16,4,10,285.0,P-NDL-001,5,มาม่า
C12524,นักศึกษา,2023-06-02,2023-10-07,15,27,820.0,P-BAK-005,14,แอลแคร์
C12525,นักศึกษา,2023-06-01,2024-01-26,8,13,385.0,P-COF-001,10,อเมริกาโน่ (เย็น)
C12526,นักศึกษา,2023-05-30,2023-09-08,5,14,455.0,P-BAK-042,9,ปังเวอร์
C12527,นักศึกษา,2023-06-08,2023-09-15,3,5,220.0,P-TEA-005,4,ชาพีช (เย็น)
C12528,นักศึกษา,2023-06-26,2023-09-21,4,7,225.0,P-TEA-006,6,ชาน้ำผึ้งมะนาว (เย็น)
C12529,นักศึกษา,2023-05-29,2023-10-25,10,17,690.0,P-TEA-001,11,ชาเขียว (เย็น)
C12530,นักศึกษา,2023-05-27,2023-09-27,21,29,930.0,P-SOU-001,13,น้ำเปล่า
C12531,นักศึกษา,2023-05-30,2023-09-19,10,14,520.0,P-TEA-001,11,ชาเขียว (เย็น)
C12532,นักศึกษา,2023-06-08,2023-07-08,5,7,285.0,P-COC-008,6,โกโก้มิ้นท์
C12533,นักศึกษา,2023-07-06,2023-09-26,6,10,430.0,P-COC-007,6,นมสดคาราเมล (ปั่น)
C12534,นักศึกษา,2023-06-19,2023-11-06,12,20,725.0,P-SOU-001,11,น้ำเปล่า
C12535,นักศึกษา,2023-06-08,2023-11-06,18,27,1094.0,P-TEA-001,11,ชาเขียว (เย็น)
C12536,นักศึกษา,2023-09-17,2023-09-17,1,4,45.0,P-SFT-004,3,โค้ก zero
C12537,นักศึกษา,2023-06-27,2023-08-29,7,14,385.0,P-BAK-005,8,แอลแคร์
C12538,นักศึกษา,2023-06-08,2023-08-16,3,4,180.0,P-COC-003,4,ช็อคโกแลต (ปั่น)
C12539,นักศึกษา,2023-05-29,2023-09-21,7,11,460.0,P-TEA-005,7,ชาพีช (เย็น)
C12540,นักศึกษา,2023-05-28,2023-12-27,9,11,490.0,P-TEA-006,7,ชาน้ำผึ้งมะนาว (เย็น)
C12541,นักศึกษา,2023-06-14,2023-09-21,13,23,800.5,P-BAK-005,13,แอลแคร์
C12542,นักศึกษา,2023-07-09,2023-10-11,9,12,390.0,P-SOU-001,9,น้ำเปล่า
C12543,นักศึกษา,2023-09-11,2023-10-25,3,5,313.0,P-BAK-012,4,มินิเค้กช็อกโกแลต
C12544,นักศึกษา,2023-06-23,2023-09-21,8,12,514.0,P-COF-007,8,อเมริกาโน่น้ำผึ้งมะนาว
C12545,นักศึกษา,2023-07-05,2023-09-14,3,4,185.0,P-COF-002,4,ลาเต้ (เย็น)
C12546,นักศึกษา,2023-06-12,2023-12-20,9,13,515.0,P-TEA-001,6,ชาเขียว (เย็น)
C12547,นักศึกษา,2023-06-28,2023-12-13,10,17,669.0,P-TEA-001,12,ชาเขียว (เย็น)
C12548,นักศึกษา,2023-06-28,2023-07-03,3,4,195.0,P-COF-002,4,ลาเต้ (เย็น)
C12549,นักศึกษา,2023-06-26,2023-09-01,3,7,398.0,P-BAK-006,4,บานอฟฟี่
C12550,นักศึกษา,2023-07-23,2023-12-27,6,11,430.0,P-SOU-001,8,น้ำเปล่า
C12551,นักศึกษา,2023-06-22,2023-07-12,3,3,125.0,P-FOD-001,3,แซนวิชโบราณ
C12552,นักศึกษา,2023-06-22,2023-10-02,4,6,255.0,P-BAK-017,6,ขนมปัง
C12553,นักศึกษา,2023-06-19,2023-12-13,7,11,369.0,P-COF-002,8,ลาเต้ (เย็น)
C12554,นักศึกษา,2023-06-25,2023-10-10,6,13,380.0,P-BAK-013,7,โดนัท
C12555,นักศึกษา,2023-06-04,2024-01-05,5,7,260.0,P-COF-010,4,อเมริกาโน่น้ำผึ้ง (เย็น)
C12556,นักศึกษา,2023-06-24,2023-11-20,10,15,635.0,P-COF-001,9,อเมริกาโน่ (เย็น)
C12557,นักศึกษา,2023-06-10,2023-10-26,7,16,625.0,P-COC-003,10,ช็อคโกแลต (ปั่น)
C12558,นักศึกษา,2023-06-26,2023-11-20,22,28,1149.0,P-COF-011,13,คาราเมลมัคคีอาโต้
C12559,นักศึกษา,2023-06-11,2023-11-21,18,28,1020.0,P-BAK-005,12,แอลแคร์
C12560,นักศึกษา,2023-07-18,2024-01-17,10,14,454.0,P-NDL-003,9,ไวไว
C12561,นักศึกษา,2023-06-14,2024-01-31,21,28,1110.0,P-COC-001,13,ช็อคโกแลต (เย็น)
C12562,นักศึกษา,2023-06-21,2023-12-17,15,19,615.0,P-TEA-004,11,ชามัทฉะ (เย็น)
C12563,นักศึกษา,2023-06-04,2023-10-09,12,18,620.0,P-COC-002,13,โกโก้ (เย็น)
C12564,นักศึกษา,2023-06-12,2023-12-27,31,41,1860.0,P-COC-001,19,ช็อคโกแลต (เย็น)
C12565,นักศึกษา,2023-06-09,2023-12-21,22,31,1374.0,P-COC-002,17,โกโก้ (เย็น)
C12566,นักศึกษา,2023-06-07,2023-09-21,14,20,559.0,P-SOU-001,14,น้ำเปล่า
C12567,นักศึกษา,2023-06-07,2023-10-12,14,31,801.0,P-BAK-004,13,ขนมปังรวมรส
C12568,นักศึกษา,2023-06-19,2023-10-26,9,13,648.0,P-FOD-003,8,ขนมจีบกุ้ง
C12569,นักศึกษา,2023-07-04,2023-09-20,4,6,160.0,P-SOU-001,5,น้ำเปล่า
C12570,นักศึกษา,2023-06-28,2023-09-13,4,7,260.0,P-COF-005,3,เอสเปรสโซ่ (เย็น)
C12571,นักศึกษา,2023-07-05,2023-10-02,6,11,370.0,P-NDL-001,8,มาม่า
C12572,นักศึกษา,2023-06-25,2023-10-20,6,10,240.0,P-SFT-001,6,โค้ก ออริจินอล
C12573,นักศึกษา,2023-06-14,2023-10-17,12,17,685.0,P-SNK-001,8,ขนมเลย์
C12574,นักศึกษา,2023-06-15,2024-01-30,26,39,1617.0,P-TEA-006,19,ชาน้ำผึ้งมะนาว (เย็น)
C12575,นักศึกษา,2023-06-14,2023-09-25,5,6,225.0,P-NDL-001,6,มาม่า
C12576,นักศึกษา,2023-06-26,2023-07-22,3,4,120.0,P-SNK-002,3,ป็อกกี้
C12577,นักศึกษา,2023-06-23,2023-10-12,6,14,485.0,P-SNK-004,10,โคอะล่ามาร์ช
C12578,นักศึกษา,2023-07-12,2023-10-28,8,12,395.0,P-FOD-001,9,แซนวิชโบราณ
C12579,นักศึกษา,2023-09-08,2023-09-25,3,12,455.0,P-TOP-001,8,วุ้นบุก
C12580,นักศึกษา,2023-06-12,2023-12-27,16,30,1108.0,P-COF-001,13,อเมริกาโน่ (เย็น)
C12581,นักศึกษา,2023-06-17,2023-10-20,18,27,1130.0,P-TEA-003,13,ชาเขียว (ปั่น)
C12582,นักศึกษา,2023-06-22,2023-12-19,18,27,1104.0,P-COF-002,9,ลาเต้ (เย็น)
C12583,นักศึกษา,2023-07-06,2023-08-17,4,5,223.0,P-FOD-002,3,ข้าวกล่อง
C12584,นักศึกษา,2023-08-10,2023-09-21,3,3,145.0,P-COC-008,3,โกโก้มิ้นท์
C12585,นักศึกษา,2023-07-04,2023-09-08,3,3,145.0,P-COC-008,3,โกโก้มิ้นท์
C12586,นักศึกษา,2023-06-21,2023-12-16,16,21,865.0,P-TEA-001,11,ชาเขียว (เย็น)
C12587,นักศึกษา,2023-06-26,2023-10-28,3,4,190.0,P-SOD-001,4,สตรอเบอรี่
C12588,นักศึกษา,2023-06-26,2023-10-29,10,17,634.5,P-FOD-002,12,ข้าวกล่อง
C12589,นักศึกษา,2023-06-21,2023-10-05,6,6,260.0,P-BAK-011,5,เค้กบลูเบอร์รี่หน้านิ่ม
C12590,นักศึกษา,2023-07-05,2024-01-26,7,16,783.0,P-COF-001,12,อเมริกาโน่ (เย็น)
C12591,นักศึกษา,2023-06-13,2023-08-23,6,8,305.0,P-COF-004,7,อเมริกาโน่ส้ม
C12592,นักศึกษา,2023-06-20,2023-10-09,8,15,360.0,P-SOU-001,9,น้ำเปล่า
C12593,นักศึกษา,2023-06-12,2023-12-05,21,44,2060.0,P-BAK-002,23,บราวนี่
C12594,นักศึกษา,2023-06-21,2023-09-20,3,4,150.0,P-BAK-014,4,บราวนี่กรอบ
C12595,นักศึกษา,2023-06-20,2023-11-24,10,19,550.0,P-SNK-001,11,ขนมเลย์
C12596,นักศึกษา,2023-06-20,2023-10-30,13,24,1057.5,P-FOD-006,17,อาหารคลีน
C12597,นักศึกษา,2023-06-14,2023-11-21,15,21,805.0,P-TEA-001,10,ชาเขียว (เย็น)
C12598,นักศึกษา,2023-06-27,2023-12-01,9,13,560.0,P-COF-002,12,ลาเต้ (เย็น)
C12599,นักศึกษา,2023-06-24,2023-07-06,2,3,184.0,P-BAK-006,3,บานอฟฟี่
C12600,นักศึกษา,2023-06-26,2023-10-30,17,24,659.0,P-SFT-001,13,โค้ก ออริจินอล
C12601,นักศึกษา,2023-07-02,2023-09-14,6,9,450.0,P-COF-003,6,คาปูชิโน่ (เย็น)
C12602,นักศึกษา,2023-06-12,2023-10-15,7,9,354.0,P-BAK-007,7,มาการอง
C12603,นักศึกษา,2023-07-04,2023-12-19,11,16,593.0,P-TEA-005,13,ชาพีช (เย็น)
C12604,นักศึกษา,2023-06-15,2023-10-18,6,13,600.0,P-COC-005,7,นมสดคาราเมล (เย็น)
C12605,นักศึกษา,2023-07-04,2023-09-18,5,6,180.0,P-SOD-001,4,สตรอเบอรี่
C12606,นักศึกษา,2023-06-29,2024-01-24,6,9,415.0,P-TEA-001,8,ชาเขียว (เย็น)
C12607,นักศึกษา,2023-06-18,2023-09-14,7,8,315.0,P-TEA-006,7,ชาน้ำผึ้งมะนาว (เย็น)
C12608,นักศึกษา,2023-07-26,2023-07-26,1,1,40.0,P-TEA-019,1,ชาเขียว (ร้อน)
C12609,นักศึกษา,2023-08-13,2023-11-24,4,7,269.0,P-BAK-007,7,มาการอง
C12610,นักศึกษา,2023-07-03,2024-01-19,8,14,620.0,P-COF-012,9,คาปูชิโน่ (ร้อน)
C12611,นักศึกษา,2023-09-26,2023-11-21,3,3,120.0,P-COC-002,3,โกโก้ (เย็น)
C12612,นักศึกษา,2023-06-21,2023-12-20,13,18,850.0,P-TEA-001,7,ชาเขียว (เย็น)
C12613,นักศึกษา,2023-06-20,2023-09-10,5,9,225.0,P-FOD-004,6,ขนมจีบไก่
C12614,นักศึกษา,2023-07-04,2023-10-02,4,5,130.0,P-SFT-001,5,โค้ก ออริจินอล
C12615,นักศึกษา,2023-08-04,2023-11-03,3,5,205.0,P-COF-001,5,อเมริกาโน่ (เย็น)
C12616,นักศึกษา,2023-06-14,2023-10-07,33,54,2134.5,P-COF-008,23,อเมริกาโน่ (ร้อน)
C12617,นักศึกษา,2023-07-03,2023-12-22,8,10,419.0,P-FOD-001,8,แซนวิชโบราณ
C12618,นักศึกษา,2023-06-16,2024-01-31,47,87,2810.5,P-SNK-001,28,ขนมเลย์
C12619,นักศึกษา,2023-07-21,2024-01-09,5,6,215.0,P-TEA-003,5,ชาเขียว (ปั่น)
C12620,นักศึกษา,2023-06-26,2023-09-17,7,9,370.0,P-COF-001,7,อเมริกาโน่ (เย็น)
C12621,นักศึกษา,2023-06-16,2023-12-22,77,139,5385.0,P-TEA-001,33,ชาเขียว (เย็น)
C12622,นักศึกษา,2023-06-30,2023-10-28,7,12,585.0,P-TEA-001,9,ชาเขียว (เย็น)
C12623,นักศึกษา,2023-06-18,2024-01-11,36,71,2542.5,P-SOU-001,26,น้ำเปล่า
C12624,นักศึกษา,2023-06-18,2023-11-15,27,44,1793.0,P-TEA-001,15,ชาเขียว (เย็น)
C12625,นักศึกษา,2023-06-15,2024-01-29,12,17,750.0,P-COF-011,11,คาราเมลมัคคีอาโต้
C12626,นักศึกษา,2023-06-19,2024-01-15,16,26,1119.0,P-COF-001,13,อเมริกาโน่ (เย็น)
C12627,นักศึกษา,2023-07-24,2023-10-21,2,2,70.0,P-SNK-006,2,สแน็กแจ็ค
C12628,นักศึกษา,2023-06-18,2024-01-22,8,10,360.0,P-TEA-001,9,ชาเขียว (เย็น)
C12629,นักศึกษา,2023-07-06,2023-10-09,8,13,364.0,P-SOU-001,9,น้ำเปล่า
C12630,นักศึกษา,2023-07-02,2023-09-23,5,10,375.0,P-SNK-001,9,ขนมเลย์
C12631,นักศึกษา,2023-07-05,2023-10-02,3,4,125.0,P-NDL-001,4,มาม่า
C12632,นักศึกษา,2023-06-17,2023-09-14,14,29,846.5,P-FOD-003,14,ขนมจีบกุ้ง
C12633,นักศึกษา,2023-06-27,2023-11-24,4,5,225.0,P-COC-001,4,ช็อคโกแลต (เย็น)
C12634,นักศึกษา,2023-06-30,2023-09-26,2,4,100.0,P-BAK-005,4,แอลแคร์
C12635,นักศึกษา,2023-08-08,2023-09-19,2,2,75.0,P-COF-003,2,คาปูชิโน่ (เย็น)
C12636,นักศึกษา,2023-07-06,2023-08-17,4,5,157.5,P-BAK-002,4,บราวนี่
C12637,นักศึกษา,2023-07-04,2023-12-06,4,4,185.0,P-COC-003,4,ช็อคโกแลต (ปั่น)
C12638,นักศึกษา,2023-06-24,2024-01-29,15,24,750.0,P-SOU-001,11,น้ำเปล่า
C12639,นักศึกษา,2023-06-27,2023-10-28,9,15,545.0,P-COF-001,9,อเมริกาโน่ (เย็น)
C12640,นักศึกษา,2023-06-24,2023-10-22,11,26,1025.0,P-BAK-030,12,คพุเค้ก
C12641,นักศึกษา,2023-08-11,2023-09-24,3,8,275.0,P-BAK-004,5,ขนมปังรวมรส
C12642,นักศึกษา,2023-07-07,2023-11-03,3,4,120.0,P-COC-013,3,สตรอเบอรี่นมสด
C12643,นักศึกษา,2023-06-27,2023-12-18,8,12,410.0,P-BAK-008,10,เค้กช็อคหน้านิ่ม
C12644,นักศึกษา,2023-06-24,2023-08-09,2,3,125.0,P-COC-010,3,นมสด (ปั่น)
C12645,นักศึกษา,2023-06-20,2023-08-27,3,10,150.0,P-TEA-005,3,ชาพีช (เย็น)
C12646,นักศึกษา,2023-06-26,2023-10-18,7,11,255.0,P-SOU-001,8,น้ำเปล่า
C12647,นักศึกษา,2023-06-23,2023-11-23,14,23,955.0,P-TEA-001,9,ชาเขียว (เย็น)
C12648,นักศึกษา,2023-06-30,2023-10-05,8,13,266.5,P-FOD-004,4,ขนมจีบไก่
C12649,นักศึกษา,2023-06-25,2024-01-16,23,36,970.0,P-NDL-002,14,ยำยำ
C12650,นักศึกษา,2023-06-24,2023-11-28,17,28,1183.0,P-FOD-002,13,ข้าวกล่อง
C12651,นักศึกษา,2023-06-26,2024-01-20,17,25,1025.0,P-BAK-005,13,แอลแคร์
C12652,นักศึกษา,2023-08-28,2023-12-04,3,4,150.0,P-SMT-001,3,สมูตตี้ สตรอเบอรี่
C12653,นักศึกษา,2023-06-28,2024-01-09,8,18,564.0,P-NDL-001,9,มาม่า
C12654,นักศึกษา,2023-06-25,2024-01-25,11,15,624.0,P-TEA-001,9,ชาเขียว (เย็น)
C12655,นักศึกษา,2023-06-28,2024-01-16,15,21,855.0,P-BAK-013,16,โดนัท
C12656,นักศึกษา,2023-07-07,2023-09-20,5,6,253.0,P-FOD-003,5,ขนมจีบกุ้ง
C12657,นักศึกษา,2023-07-04,2024-01-29,9,25,755.0,P-NDL-001,12,มาม่า
C12658,นักศึกษา,2023-06-29,2023-11-06,6,15,520.0,P-SFT-001,12,โค้ก ออริจินอล
C12659,นักศึกษา,2023-07-24,2024-01-23,5,8,194.0,P-FOD-002,7,ข้าวกล่อง
C12660,นักศึกษา,2023-07-03,2023-09-28,3,4,184.0,P-FOD-003,4,ขนมจีบกุ้ง
C12661,นักศึกษา,2023-08-22,2023-09-21,4,6,200.0,P-SNK-001,5,ขนมเลย์
C12662,นักศึกษา,2023-06-30,2023-09-29,7,12,275.0,P-SOU-001,8,น้ำเปล่า
C12663,นักศึกษา,2023-06-27,2023-10-08,5,6,275.0,P-COF-001,4,อเมริกาโน่ (เย็น)
C12664,นักศึกษา,2023-06-28,2023-09-28,16,27,915.0,P-COF-001,14,อเมริกาโน่ (เย็น)
C12665,นักศึกษา,2023-08-10,2023-09-21,4,5,170.0,P-SFT-008,5,แฟนต้า น้ำเขียว
C12666,นักศึกษา,2023-07-10,2023-10-09,11,15,570.0,P-TEA-004,8,ชามัทฉะ (เย็น)
C12667,นักศึกษา,2023-06-27,2023-10-24,23,35,1660.0,P-TEA-003,17,ชาเขียว (ปั่น)
C12668,นักศึกษา,2023-06-27,2023-10-18,11,24,670.0,P-TOP-001,14,วุ้นบุก
C12669,นักศึกษา,2023-06-26,2023-08-25,4,7,184.0,P-SFT-004,5,โค้ก zero
C12670,นักศึกษา,2023-06-28,2023-10-16,5,6,259.0,P-VEG-003,6,เค้กกล้วยหอมเจ
C12671,นักศึกษา,2023-06-26,2023-10-02,8,10,410.0,P-SMT-004,10,นมสดกล้วย (ปั่น)
C12672,นักศึกษา,2023-06-29,2024-01-08,20,31,1058.0,P-SOU-001,19,น้ำเปล่า
C12673,นักศึกษา,2023-07-17,2023-10-23,7,11,455.0,P-FOD-006,9,อาหารคลีน
C12674,นักศึกษา,2023-06-27,2023-10-27,16,20,850.0,P-COF-002,13,ลาเต้ (เย็น)
C12675,นักศึกษา,2023-06-29,2023-12-24,19,26,954.0,P-SNK-001,14,ขนมเลย์
C12676,นักศึกษา,2023-06-30,2024-01-20,11,15,630.0,P-COF-001,8,อเมริกาโน่ (เย็น)
C12677,นักศึกษา,2023-06-27,2023-12-21,8,10,475.0,P-COF-001,6,อเมริกาโน่ (เย็น)
C12678,นักศึกษา,2023-06-28,2023-07-17,2,3,120.0,P-COC-006,2,โกโก้ (ปั่น)
C12679,นักศึกษา,2023-06-28,2023-10-21,17,29,1370.0,P-COC-008,12,โกโก้มิ้นท์
C12680,นักศึกษา,2023-06-30,2023-10-26,13,19,610.0,P-COF-001,7,อเมริกาโน่ (เย็น)
C12681,นักศึกษา,2023-07-17,2023-10-01,3,3,130.0,P-FOD-001,3,แซนวิชโบราณ
C12682,นักศึกษา,2023-07-11,2023-07-22,3,10,240.0,P-NDL-002,6,ยำยำ
C12683,นักศึกษา,2023-06-30,2024-01-18,9,22,849.0,P-COF-002,15,ลาเต้ (เย็น)
C12684,นักศึกษา,2023-07-04,2023-09-20,3,6,165.0,P-SFT-002,5,สิงห์เลม่อนโซดา
C12685,นักศึกษา,2023-07-06,2023-12-06,9,12,290.0,P-SOU-001,6,น้ำเปล่า
C12686,นักศึกษา,2023-06-30,2023-09-28,6,10,265.0,P-SNK-001,5,ขนมเลย์
C12687,นักศึกษา,2023-07-04,2023-08-16,5,9,310.0,P-COF-004,7,อเมริกาโน่ส้ม
C12688,นักศึกษา,2023-07-01,2023-10-23,7,10,425.0,P-COC-010,7,นมสด (ปั่น)
C12689,นักศึกษา,2023-07-07,2024-01-13,10,21,784.0,P-NDL-004,11,โจ๊ก
C12690,นักศึกษา,2023-07-03,2023-10-28,22,51,1800.5,P-FOD-002,13,ข้าวกล่อง
C12691,นักศึกษา,2023-07-03,2023-08-30,4,5,230.0,P-COF-001,3,อเมริกาโน่ (เย็น)
C12692,นักศึกษา,2023-07-06,2024-01-24,5,11,459.0,P-SFT-001,7,โค้ก ออริจินอล
C12693,นักศึกษา,2023-07-26,2023-08-10,3,5,155.0,P-SOU-001,5,น้ำเปล่า
C12694,นักศึกษา,2023-07-07,2023-11-29,7,10,300.0,P-BAK-005,8,แอลแคร์
C12695,นักศึกษา,2023-07-04,2024-01-08,3,6,240.0,P-COF-007,6,อเมริกาโน่น้ำผึ้งมะนาว
C12696,นักศึกษา,2023-07-13,2023-12-20,13,26,954.0,P-BAK-005,13,แอลแคร์
C12697,นักศึกษา,2023-07-07,2023-12-02,7,9,334.0,P-COC-001,6,ช็อคโกแลต (เย็น)
C12698,นักศึกษา,2023-07-11,2023-09-21,3,4,140.0,P-NDL-003,3,ไวไว
C12699,นักศึกษา,2023-07-04,2023-10-21,28,46,1750.0,P-FOD-001,19,แซนวิชโบราณ
C12700,นักศึกษา,2023-07-04,2024-01-12,12,19,716.5,P-TEA-001,11,ชาเขียว (เย็น)
C12701,นักศึกษา,2023-08-23,2023-09-12,2,2,90.0,P-TEA-002,2,ชาซีลอน (เย็น)
C12702,นักศึกษา,2023-07-04,2023-12-16,20,29,1120.0,P-TEA-003,13,ชาเขียว (ปั่น)
C12703,นักศึกษา,2023-07-05,2024-01-29,21,36,1574.0,P-COC-007,20,นมสดคาราเมล (ปั่น)
C12704,นักศึกษา,2023-07-02,2023-09-05,7,9,380.0,P-TEA-001,6,ชาเขียว (เย็น)
C12705,นักศึกษา,2023-07-10,2023-10-09,7,9,235.0,P-BAK-005,7,แอลแคร์
C12706,นักศึกษา,2023-07-05,2024-01-17,13,16,670.0,P-COC-003,8,ช็อคโกแลต (ปั่น)
C12707,นักศึกษา,2023-07-04,2023-12-04,9,17,655.0,P-COF-004,7,อเมริกาโน่ส้ม
C12708,นักศึกษา,2023-07-03,2023-09-21,7,10,335.0,P-COC-005,8,นมสดคาราเมล (เย็น)
C12709,นักศึกษา,2023-07-07,2023-08-07,3,8,310.0,P-COF-009,6,มอคค่า (เย็น)
C12710,นักศึกษา,2023-07-06,2023-12-16,22,33,1192.5,P-TEA-003,14,ชาเขียว (ปั่น)
C12711,นักศึกษา,2023-07-21,2023-12-12,7,9,345.0,P-COF-002,7,ลาเต้ (เย็น)
C12712,นักศึกษา,2023-08-04,2023-10-21,5,5,200.0,P-SOD-013,5,ส้มโซดา
C12713,นักศึกษา,2023-07-04,2023-10-04,17,22,799.0,P-NDL-003,17,ไวไว
C12714,นักศึกษา,2023-07-05,2024-01-14,44,65,2800.0,P-COF-001,22,อเมริกาโน่ (เย็น)
C12715,นักศึกษา,2023-07-04,2023-11-30,6,13,290.0,P-SNK-002,6,ป็อกกี้
C12716,นักศึกษา,2023-07-06,2023-12-16,11,13,550.0,P-COC-002,8,โกโก้ (เย็น)
C12717,นักศึกษา,2023-07-05,2023-10-03,18,28,990.0,P-COF-002,17,ลาเต้ (เย็น)
C12718,นักศึกษา,2023-08-24,2024-01-29,6,13,515.0,P-COF-001,7,อเมริกาโน่ (เย็น)
C12719,นักศึกษา,2023-08-08,2023-10-24,3,5,200.0,P-COC-002,4,โกโก้ (เย็น)
C12720,นักศึกษา,2023-07-05,2023-10-26,4,11,355.0,P-BAK-030,6,คพุเค้ก
C12721,นักศึกษา,2023-07-05,2023-08-17,11,15,699.5,P-FOD-002,8,ข้าวกล่อง
C12722,นักศึกษา,2023-07-09,2024-01-27,5,6,255.0,P-COC-001,3,ช็อคโกแลต (เย็น)
C12723,นักศึกษา,2023-07-19,2023-09-27,5,7,240.0,P-SNK-012,6,ปาปีก้า
C12724,นักศึกษา,2023-09-11,2023-11-14,3,4,185.0,P-COF-002,3,ลาเต้ (เย็น)
C12725,นักศึกษา,2023-07-12,2023-10-05,10,14,510.0,P-BAK-005,9,แอลแคร์
C12726,นักศึกษา,2023-08-25,2023-09-08,2,2,100.0,P-TEA-004,1,ชามัทฉะ (เย็น)
C12727,นักศึกษา,2023-07-07,2023-10-07,19,31,1065.0,P-NDL-003,17,ไวไว
C12728,นักศึกษา,2023-07-07,2023-10-22,24,37,1379.0,P-COC-001,20,ช็อคโกแลต (เย็น)
C12729,นักศึกษา,2023-07-07,2024-01-29,20,29,980.0,P-SOU-001,13,น้ำเปล่า
C12730,นักศึกษา,2023-07-21,2024-01-11,9,16,545.0,P-COF-001,11,อเมริกาโน่ (เย็น)
C12731,นักศึกษา,2023-07-07,2024-01-02,7,13,534.0,P-BAK-005,8,แอลแคร์
C12732,นักศึกษา,2023-07-17,2024-01-12,13,30,1250.0,P-COF-002,20,ลาเต้ (เย็น)
C12733,นักศึกษา,2023-07-14,2024-01-16,10,16,585.0,P-COF-005,12,เอสเปรสโซ่ (เย็น)
C12734,นักศึกษา,2023-07-10,2023-10-17,21,24,1005.0,P-COF-010,13,อเมริกาโน่น้ำผึ้ง (เย็น)
C12735,นักศึกษา,2023-07-09,2024-01-29,40,59,2338.0,P-TEA-001,19,ชาเขียว (เย็น)
C12736,นักศึกษา,2023-08-10,2023-10-22,5,7,230.0,P-BAK-005,5,แอลแคร์
C12737,นักศึกษา,2023-07-12,2024-01-27,16,21,795.0,P-NDL-002,11,ยำยำ
C12738,นักศึกษา,2023-07-20,2023-10-30,6,17,565.0,P-SOU-002,7,น้ำแข็ง
C12739,นักศึกษา,2023-07-10,2023-11-28,10,14,594.0,P-BAK-005,10,แอลแคร์
C12740,นักศึกษา,2023-07-13,2023-08-19,5,6,265.0,P-BAK-011,5,เค้กบลูเบอร์รี่หน้านิ่ม
C12741,นักศึกษา,2023-08-14,2023-09-24,5,15,445.0,P-BAK-005,9,แอลแคร์
C12742,นักศึกษา,2023-07-10,2023-10-30,25,44,1372.0,P-FOD-002,23,ข้าวกล่อง
C12743,นักศึกษา,2023-07-11,2023-10-25,10,13,625.0,P-TEA-001,10,ชาเขียว (เย็น)
C12744,นักศึกษา,2023-08-27,2023-10-18,7,19,645.0,P-TEA-001,13,ชาเขียว (เย็น)
C12745,นักศึกษา,2023-07-23,2023-09-21,5,8,375.0,P-COF-002,5,ลาเต้ (เย็น)
C12746,นักศึกษา,2023-07-15,2023-11-09,4,5,125.0,P-SOU-001,3,น้ำเปล่า
C12747,นักศึกษา,2023-07-17,2023-10-04,8,12,434.0,P-COF-002,8,ลาเต้ (เย็น)
C12748,นักศึกษา,2023-07-18,2023-11-26,6,9,255.0,P-SOU-001,7,น้ำเปล่า
C12749,นักศึกษา,2023-08-24,2023-10-31,4,7,300.0,P-FOD-001,6,แซนวิชโบราณ
C12750,นักศึกษา,2023-07-17,2024-01-07,27,43,1437.5,P-BAK-007,24,มาการอง
C12751,นักศึกษา,2023-07-17,2024-01-27,16,23,823.0,P-FOD-002,12,ข้าวกล่อง
C12752,นักศึกษา,2023-08-05,2024-01-22,6,18,710.0,P-COF-003,10,คาปูชิโน่ (เย็น)
C12753,นักศึกษา,2023-07-20,2024-01-02,5,7,289.0,P-SNK-011,6,ขนมปาตี้
C12754,นักศึกษา,2023-07-17,2023-10-02,8,9,350.0,P-COC-005,6,นมสดคาราเมล (เย็น)
C12755,นักศึกษา,2023-07-14,2023-10-17,5,7,300.0,P-TEA-005,6,ชาพีช (เย็น)
C12756,นักศึกษา,2023-07-13,2024-01-30,11,17,550.0,P-NDL-002,12,ยำยำ
C12757,นักศึกษา,2023-08-12,2023-11-17,4,10,468.0,P-BAK-007,7,มาการอง
C12758,นักศึกษา,2023-07-18,2023-11-21,10,16,634.0,P-BAK-004,11,ขนมปังรวมรส
C12759,นักศึกษา,2023-07-24,2023-10-12,3,4,125.0,P-SFT-007,4,แฟนต้า น้ำส้ม
C12760,นักศึกษา,2023-07-24,2023-12-22,2,3,135.0,P-BAK-011,3,เค้กบลูเบอร์รี่หน้านิ่ม
C12761,นักศึกษา,2023-07-23,2024-01-07,10,17,420.0,P-SOU-007,7,ขนมเปี๊ยะ
C12762,นักศึกษา,2023-07-14,2023-12-23,9,14,530.0,P-COF-003,10,คาปูชิโน่ (เย็น)
C12763,นักศึกษา,2023-08-31,2023-12-16,4,8,265.0,P-SOU-001,4,น้ำเปล่า
C12764,นักศึกษา,2023-07-25,2023-11-29,18,33,1330.0,P-COF-002,16,ลาเต้ (เย็น)
C12765,นักศึกษา,2023-07-17,2023-09-23,3,3,150.0,P-COC-005,2,นมสดคาราเมล (เย็น)
C12766,นักศึกษา,2023-07-17,2023-12-25,9,11,354.0,P-NDL-004,10,โจ๊ก
C12767,นักศึกษา,2023-08-23,2023-12-21,3,3,125.0,P-COC-002,2,โกโก้ (เย็น)
C12768,นักศึกษา,2023-09-15,2023-12-03,7,8,345.0,P-COC-001,7,ช็อคโกแลต (เย็น)
C12769,นักศึกษา,2023-07-17,2024-01-09,10,15,405.0,P-BAK-007,9,มาการอง
C12770,นักศึกษา,2023-08-21,2023-10-31,12,21,654.0,P-SFT-001,14,โค้ก ออริจินอล
C12771,นักศึกษา,2023-07-19,2023-12-02,10,20,535.0,P-SOU-001,9,น้ำเปล่า
C12772,นักศึกษา,2023-07-17,2024-01-14,7,12,340.0,P-SOU-001,7,น้ำเปล่า
C12773,นักศึกษา,2023-07-17,2023-11-19,16,37,977.0,P-FOD-004,16,ขนมจีบไก่
C12774,นักศึกษา,2023-07-21,2023-11-23,30,46,1745.0,P-COF-001,20,อเมริกาโน่ (เย็น)
C12775,นักศึกษา,2023-07-20,2023-09-20,7,12,300.0,P-SNK-001,7,ขนมเลย์
C12776,นักศึกษา,2023-07-26,2023-12-04,4,7,279.0,P-BAK-005,5,แอลแคร์
C12777,นักศึกษา,2023-07-21,2024-01-30,14,22,625.0,P-SOU-001,11,น้ำเปล่า
C12778,นักศึกษา,2023-07-17,2024-01-29,29,51,1745.0,P-SNK-012,25,ปาปีก้า
C12779,นักศึกษา,2023-07-24,2024-01-17,7,10,414.0,P-COF-001,7,อเมริกาโน่ (เย็น)
C12780,นักศึกษา,2023-07-24,2023-11-25,9,13,465.0,P-COC-004,9,นมสด (เย็น)
C12781,นักศึกษา,2023-08-08,2023-12-18,2,3,140.0,P-TEA-005,2,ชาพีช (เย็น)
C12782,นักศึกษา,2023-08-10,2024-01-13,8,14,677.0,P-COF-001,9,อเมริกาโน่ (เย็น)
C12783,นักศึกษา,2023-07-22,2023-12-09,17,20,650.0,P-SOU-001,13,น้ำเปล่า
C12784,นักศึกษา,2023-07-19,2023-10-24,8,9,410.0,P-TEA-002,5,ชาซีลอน (เย็น)
C12785,นักศึกษา,2023-08-18,2023-11-26,6,8,270.0,P-BAK-004,7,ขนมปังรวมรส
C12786,นักศึกษา,2023-07-21,2024-01-30,15,21,790.0,P-COF-007,12,อเมริกาโน่น้ำผึ้งมะนาว
C12787,นักศึกษา,2023-07-19,2023-12-01,11,15,584.0,P-COF-002,8,ลาเต้ (เย็น)
C12788,นักศึกษา,2023-07-19,2023-12-01,20,33,1250.0,P-COF-004,16,อเมริกาโน่ส้ม
C12789,นักศึกษา,2023-08-18,2024-01-20,7,11,405.0,P-FOD-003,8,ขนมจีบกุ้ง
C12790,นักศึกษา,2023-07-27,2023-12-07,6,11,515.0,P-COC-004,7,นมสด (เย็น)
C12791,นักศึกษา,2023-07-26,2023-10-05,7,10,375.0,P-COC-003,7,ช็อคโกแลต (ปั่น)
C12792,นักศึกษา,2023-07-24,2024-01-28,18,25,750.0,P-NDL-005,12,ซือดะรสต้มโคล้ง
C12793,นักศึกษา,2023-07-25,2023-10-28,7,10,340.0,P-BAK-002,6,บราวนี่
C12794,นักศึกษา,2023-07-21,2023-11-09,9,16,549.0,P-NDL-001,9,มาม่า
C12795,นักศึกษา,2023-07-25,2023-12-07,6,10,298.0,P-BAK-014,9,บราวนี่กรอบ
C12796,นักศึกษา,2023-07-22,2023-10-16,13,18,704.0,P-COC-001,11,ช็อคโกแลต (เย็น)
C12797,นักศึกษา,2023-07-22,2023-10-09,9,15,655.0,P-SFT-001,10,โค้ก ออริจินอล
C12798,นักศึกษา,2023-07-24,2023-12-08,23,45,1450.0,P-FOD-001,20,แซนวิชโบราณ
C12799,นักศึกษา,2023-07-26,2024-01-20,30,42,1507.5,P-SNK-001,20,ขนมเลย์
C12800,นักศึกษา,2023-07-28,2023-10-11,3,8,384.5,P-COF-001,6,อเมริกาโน่ (เย็น)
C12801,นักศึกษา,2023-07-23,2024-01-13,9,9,370.0,P-SNK-010,7,ขนมซีเรียลอาหารเช้า
C12802,นักศึกษา,2023-08-11,2023-10-22,3,3,55.0,P-BAK-002,3,บราวนี่
C12803,นักศึกษา,2023-08-17,2023-11-27,2,3,169.0,P-BAK-022,3,คุกกี้ไข่เค็ม
C12804,นักศึกษา,2023-08-10,2023-10-16,6,9,305.0,P-NDL-001,7,มาม่า
C12805,นักศึกษา,2023-07-25,2024-01-21,6,9,220.0,P-SFT-001,7,โค้ก ออริจินอล
C12806,นักศึกษา,2023-09-16,2023-09-16,1,1,15.0,P-BAK-004,1,ขนมปังรวมรส
C12807,นักศึกษา,2023-08-10,2023-12-06,8,11,385.0,P-COF-002,10,ลาเต้ (เย็น)
C12808,นักศึกษา,2023-07-28,2023-10-26,11,14,563.0,P-NDL-001,9,มาม่า
C12809,นักศึกษา,2023-07-26,2023-12-27,12,19,770.0,P-COF-003,13,คาปูชิโน่ (เย็น)
C12810,นักศึกษา,2023-07-26,2023-12-27,10,17,630.0,P-SOU-003,10,น้ำช่อดอกมะพร้าว
C12811,นักศึกษา,2023-08-24,2023-12-10,7,8,320.0,P-COF-008,6,อเมริกาโน่ (ร้อน)
C12812,นักศึกษา,2023-08-03,2024-01-30,8,13,480.0,P-COC-002,10,โกโก้ (เย็น)
C12813,นักศึกษา,2023-08-15,2023-11-28,9,19,790.0,P-TEA-001,13,ชาเขียว (เย็น)
C12814,นักศึกษา,2023-08-15,2024-01-23,13,21,898.0,P-COF-021,16,เอสเปรสโซ่ (ปั่น)
C12815,นักศึกษา,2023-08-03,2024-01-10,6,9,260.0,P-NDL-001,8,มาม่า
C12816,นักศึกษา,2023-09-05,2023-09-17,4,5,190.0,P-COC-003,4,ช็อคโกแลต (ปั่น)
C12817,นักศึกษา,2023-08-07,2023-12-15,10,14,505.0,P-COF-005,12,เอสเปรสโซ่ (เย็น)
C12818,นักศึกษา,2023-08-14,2023-12-05,13,25,1212.0,P-COC-003,16,ช็อคโกแลต (ปั่น)
C12819,นักศึกษา,2023-08-19,2023-10-22,7,12,520.0,P-TEA-001,8,ชาเขียว (เย็น)
C12820,นักศึกษา,2023-08-08,2023-09-08,4,4,165.0,P-COF-002,4,ลาเต้ (เย็น)
C12821,นักศึกษา,2023-08-03,2023-10-09,6,7,290.0,P-COF-002,5,ลาเต้ (เย็น)
C12822,นักศึกษา,2023-08-03,2023-09-11,2,4,175.0,P-SMT-002,4,แตงโม (ปั่น)
C12823,นักศึกษา,2023-08-06,2023-11-30,11,16,650.0,P-NDL-003,8,ไวไว
C12824,นักศึกษา,2023-08-17,2023-12-19,7,8,365.0,P-COC-005,3,นมสดคาราเมล (เย็น)
C12825,นักศึกษา,2023-08-11,2024-01-02,4,4,175.0,P-COF-003,4,คาปูชิโน่ (เย็น)
C12826,นักศึกษา,2023-08-08,2023-10-09,8,15,629.0,P-COC-002,10,โกโก้ (เย็น)
C12827,นักศึกษา,2023-08-10,2023-09-04,5,16,630.0,P-TEA-002,11,ชาซีลอน (เย็น)
C12828,นักศึกษา,2023-08-04,2024-01-29,23,36,1599.0,P-COC-013,18,สตรอเบอรี่นมสด
C12829,นักศึกษา,2023-08-08,2023-09-21,12,18,690.0,P-FOD-002,9,ข้าวกล่อง
C12830,นักศึกษา,2023-08-10,2023-12-15,8,9,300.0,P-FOD-002,8,ข้าวกล่อง
C12831,นักศึกษา,2023-08-12,2023-12-04,11,15,655.0,P-COC-003,11,ช็อคโกแลต (ปั่น)
C12832,นักศึกษา,2023-08-05,2024-01-26,10,18,570.0,P-TOP-001,9,วุ้นบุก
C12833,นักศึกษา,2023-08-03,2024-01-12,14,18,780.0,P-TEA-003,10,ชาเขียว (ปั่น)
C12834,นักศึกษา,2023-08-10,2023-09-15,3,4,155.0,P-BAK-021,4,เค้กชาไทยหน้านิ่ม
C12835,นักศึกษา,2023-08-03,2023-10-02,18,32,1297.0,P-TEA-001,14,ชาเขียว (เย็น)
C12836,นักศึกษา,2023-08-08,2024-01-25,11,18,755.0,P-COC-008,11,โกโก้มิ้นท์
C12837,นักศึกษา,2023-08-03,2023-09-21,7,10,360.0,P-SOU-001,7,น้ำเปล่า
C12838,นักศึกษา,2023-08-11,2024-01-20,13,23,920.0,P-TEA-006,9,ชาน้ำผึ้งมะนาว (เย็น)
C12839,นักศึกษา,2023-08-07,2023-12-01,18,31,1415.0,P-COF-001,14,อเมริกาโน่ (เย็น)
C12840,นักศึกษา,2023-08-21,2023-10-30,6,8,240.0,P-SOU-001,7,น้ำเปล่า
C12841,นักศึกษา,2023-08-19,2023-10-27,3,9,155.0,P-SOU-001,3,น้ำเปล่า
C12842,นักศึกษา,2023-08-06,2023-10-13,4,8,285.0,P-NDL-003,7,ไวไว
C12843,นักศึกษา,2023-08-03,2023-10-02,5,7,220.0,P-SNK-008,6,ขนมซีมอน
C12844,นักศึกษา,2023-08-04,2024-01-29,25,37,1648.0,P-COF-010,15,อเมริกาโน่น้ำผึ้ง (เย็น)
C12845,นักศึกษา,2023-08-07,2023-10-22,8,13,645.0,P-TEA-003,8,ชาเขียว (ปั่น)
C12846,นักศึกษา,2023-08-08,2024-01-29,28,57,1689.0,P-SOU-001,20,น้ำเปล่า
C12847,นักศึกษา,2023-08-03,2023-11-24,3,5,160.0,P-COC-010,5,นมสด (ปั่น)
C12848,นักศึกษา,2023-08-02,2023-10-16,7,8,300.0,P-SOU-001,8,น้ำเปล่า
C12849,นักศึกษา,2023-08-19,2023-09-23,3,9,315.0,P-BAK-005,5,แอลแคร์
C12850,นักศึกษา,2023-08-03,2023-10-22,6,7,314.0,P-SFT-001,7,โค้ก ออริจินอล
C12851,นักศึกษา,2023-08-05,2023-10-16,9,13,495.0,P-COC-003,10,ช็อคโกแลต (ปั่น)
C12852,นักศึกษา,2023-08-15,2023-10-21,8,17,695.0,P-COF-003,10,คาปูชิโน่ (เย็น)
C12853,นักศึกษา,2023-08-14,2023-12-09,10,14,670.0,P-COF-006,11,อเมริกาโน่ช่อมะพร้าว
C12854,นักศึกษา,2023-08-03,2024-01-16,33,45,1720.0,P-BAK-005,20,แอลแคร์
C12855,นักศึกษา,2023-08-03,2023-12-05,19,41,1163.5,P-SOU-001,13,น้ำเปล่า
C12856,นักศึกษา,2023-08-08,2023-09-19,5,7,295.0,P-COF-010,5,อเมริกาโน่น้ำผึ้ง (เย็น)
C12857,นักศึกษา,2023-08-05,2023-12-18,10,19,650.0,P-BAK-002,13,บราวนี่
C12858,นักศึกษา,2023-08-05,2024-01-16,29,42,1840.0,P-COF-002,21,ลาเต้ (เย็น)
C12859,นักศึกษา,2023-08-14,2023-12-21,4,7,315.0,P-COC-001,5,ช็อคโกแลต (เย็น)
C12860,นักศึกษา,2023-08-05,2023-10-04,9,15,350.0,P-SNK-004,10,โคอะล่ามาร์ช
C12861,นักศึกษา,2023-08-05,2023-11-29,16,20,781.5,P-COC-009,16,นมชมพู(นมเย็น)
C12862,นักศึกษา,2023-08-09,2023-12-22,9,24,925.0,P-COF-007,12,อเมริกาโน่น้ำผึ้งมะนาว
C12863,นักศึกษา,2023-08-10,2024-01-14,6,8,375.0,P-COF-006,5,อเมริกาโน่ช่อมะพร้าว
C12864,นักศึกษา,2023-08-23,2023-11-02,6,8,250.0,P-COC-004,6,นมสด (เย็น)
C12865,นักศึกษา,2023-08-08,2023-11-24,5,7,197.5,P-SNK-004,5,โคอะล่ามาร์ช
C12866,นักศึกษา,2023-08-16,2023-09-28,2,3,119.0,P-BAK-014,3,บราวนี่กรอบ
C12867,นักศึกษา,2023-08-06,2023-10-04,7,11,310.0,P-SOU-001,7,น้ำเปล่า
C12868,นักศึกษา,2023-08-07,2023-12-05,15,21,884.0,P-SNK-005,12,คอนเน่
C12869,นักศึกษา,2023-08-10,2023-10-15,9,14,405.0,P-BAK-014,11,บราวนี่กรอบ
C12870,นักศึกษา,2023-08-17,2023-12-25,20,30,1155.0,P-SMT-001,16,สมูตตี้ สตรอเบอรี่
C12871,นักศึกษา,2023-08-07,2023-09-04,2,2,70.0,P-COF-002,2,ลาเต้ (เย็น)
C12872,นักศึกษา,2023-08-16,2023-09-18,3,5,220.0,P-TEA-011,4,ชาเขียวมะนาว
C12873,นักศึกษา,2023-08-15,2024-01-15,13,27,825.0,P-BAK-014,14,บราวนี่กรอบ
C12874,นักศึกษา,2023-08-14,2023-10-05,3,6,240.0,P-COC-001,4,ช็อคโกแลต (เย็น)
C12875,นักศึกษา,2023-08-09,2023-10-05,8,17,667.0,P-SNK-003,9,เทสโต้
C12876,นักศึกษา,2023-08-07,2024-01-21,20,26,1190.0,P-COF-001,13,อเมริกาโน่ (เย็น)
C12877,นักศึกษา,2023-08-08,2023-12-06,7,8,275.0,P-SNK-001,6,ขนมเลย์
C12878,นักศึกษา,2023-08-29,2024-01-28,9,13,525.0,P-COC-011,9,โกโก้ (ร้อน)
C12879,นักศึกษา,2023-08-08,2023-12-17,16,22,735.0,P-SNK-001,14,ขนมเลย์
C12880,นักศึกษา,2023-08-16,2024-01-12,10,20,971.0,P-FOD-002,13,ข้าวกล่อง
C12881,นักศึกษา,2023-08-11,2024-01-30,27,43,1470.0,P-BAK-005,21,แอลแคร์
C12882,นักศึกษา,2023-08-20,2023-08-29,2,3,105.0,P-COF-014,2,ลาเต้ (ร้อน)
C12883,นักศึกษา,2023-08-10,2023-12-08,18,48,1294.0,P-SFT-002,14,สิงห์เลม่อนโซดา
C12884,นักศึกษา,2023-08-16,2023-12-28,4,8,280.0,P-TEA-002,6,ชาซีลอน (เย็น)
C12885,นักศึกษา,2023-08-18,2023-10-08,4,6,265.0,P-COF-001,5,อเมริกาโน่ (เย็น)
C12886,นักศึกษา,2023-09-21,2024-01-29,7,9,435.0,P-COF-006,6,อเมริกาโน่ช่อมะพร้าว
C12887,นักศึกษา,2023-08-20,2024-01-17,11,18,760.0,P-TEA-002,10,ชาซีลอน (เย็น)
C12888,นักศึกษา,2023-08-27,2023-09-21,3,3,100.0,P-NDL-002,3,ยำยำ
C12889,นักศึกษา,2023-08-11,2024-01-30,15,24,740.0,P-NDL-002,12,ยำยำ
C12890,นักศึกษา,2023-08-23,2023-09-21,3,4,120.0,P-SFT-001,3,โค้ก ออริจินอล
C12891,นักศึกษา,2023-09-03,2023-10-22,6,10,229.0,P-SNK-001,6,ขนมเลย์
C12892,นักศึกษา,2023-08-16,2024-01-22,3,3,150.0,P-COF-003,3,คาปูชิโน่ (เย็น)
C12893,นักศึกษา,2023-08-15,2024-01-12,19,36,1590.0,P-COC-002,14,โกโก้ (เย็น)
C12894,นักศึกษา,2023-08-16,2024-01-23,31,56,1565.0,P-SOU-001,23,น้ำเปล่า
C12895,นักศึกษา,2023-08-14,2023-09-18,3,3,65.0,P-SOU-001,2,น้ำเปล่า
C12896,นักศึกษา,2023-09-20,2023-12-08,3,3,101.0,P-SOU-001,3,น้ำเปล่า
C12897,นักศึกษา,2023-09-17,2024-01-26,3,5,221.0,P-SFT-003,5,แฟนต้า น้ำแดง
C12898,นักศึกษา,2023-08-17,2024-01-20,14,20,735.0,P-COC-002,11,โกโก้ (เย็น)
C12899,นักศึกษา,2023-08-16,2024-01-31,27,50,1800.0,P-FOD-007,20,สลัดโรง
C12900,นักศึกษา,2023-08-18,2023-11-23,5,6,135.0,P-SOU-007,3,ขนมเปี๊ยะ
C12901,นักศึกษา,2023-08-19,2023-12-04,12,18,675.0,P-COC-002,12,โกโก้ (เย็น)
C12902,นักศึกษา,2023-08-19,2024-01-16,7,11,395.0,P-COF-002,10,ลาเต้ (เย็น)
C12903,นักศึกษา,2023-09-03,2023-10-09,3,10,385.0,P-NDL-001,8,มาม่า
C12904,นักศึกษา,2023-08-30,2024-01-23,6,8,280.0,P-SNK-003,5,เทสโต้
C12905,นักศึกษา,2023-08-18,2023-10-12,22,42,1320.0,P-SOU-001,12,น้ำเปล่า
C12906,นักศึกษา,2023-08-14,2023-10-29,7,12,515.0,P-COC-001,7,ช็อคโกแลต (เย็น)
C12907,นักศึกษา,2023-08-30,2023-11-29,4,6,260.0,P-TEA-008,4,ชาแอปเปิ้ล (เย็น)
C12908,นักศึกษา,2023-08-21,2023-12-21,5,6,165.0,P-SOU-007,5,ขนมเปี๊ยะ
C12909,นักศึกษา,2023-08-17,2024-01-20,14,26,1090.0,P-FOD-003,12,ขนมจีบกุ้ง
C12910,นักศึกษา,2023-09-06,2023-10-22,5,11,360.0,P-SNK-002,7,ป็อกกี้
C12911,นักศึกษา,2023-09-11,2023-10-11,4,8,350.0,P-TEA-003,8,ชาเขียว (ปั่น)
C12912,นักศึกษา,2023-09-16,2023-10-28,7,12,345.0,P-NDL-002,5,ยำยำ
C12913,นักศึกษา,2023-08-23,2023-12-08,13,19,565.0,P-SOU-001,11,น้ำเปล่า
C12914,นักศึกษา,2023-08-15,2023-10-05,5,9,260.0,P-BAK-015,7,ชีสคัพ
C12915,นักศึกษา,2023-08-17,2024-01-08,24,43,1795.0,P-COC-001,20,ช็อคโกแลต (เย็น)
C12916,นักศึกษา,2023-08-16,2024-01-30,39,58,1615.0,P-SOU-001,18,น้ำเปล่า
C12917,นักศึกษา,2023-08-17,2024-01-16,21,37,1160.0,P-BAK-004,16,ขนมปังรวมรส
C12918,นักศึกษา,2023-08-18,2024-01-15,11,19,765.0,P-COF-005,9,เอสเปรสโซ่ (เย็น)
C12919,นักศึกษา,2023-08-21,2024-01-14,20,29,875.0,P-SOU-001,15,น้ำเปล่า
C12920,นักศึกษา,2023-08-18,2023-11-01,14,23,748.0,P-COC-001,12,ช็อคโกแลต (เย็น)
C12921,นักศึกษา,2023-09-02,2024-01-25,12,24,900.0,P-TEA-001,13,ชาเขียว (เย็น)
C12922,นักศึกษา,2023-08-17,2024-01-26,33,61,1630.0,P-SNK-001,19,ขนมเลย์
C12923,นักศึกษา,2023-08-28,2023-09-05,2,2,95.0,P-COC-001,2,ช็อคโกแลต (เย็น)
C12924,นักศึกษา,2023-08-20,2023-12-25,12,19,820.0,P-COF-001,9,อเมริกาโน่ (เย็น)
C12925,นักศึกษา,2023-08-27,2024-01-31,27,40,1495.0,P-TEA-001,18,ชาเขียว (เย็น)
C12926,นักศึกษา,2023-09-03,2023-11-29,8,15,555.0,P-COC-001,10,ช็อคโกแลต (เย็น)
C12927,นักศึกษา,2023-08-17,2023-10-08,6,8,295.0,P-TEA-001,6,ชาเขียว (เย็น)
C12928,นักศึกษา,2023-09-09,2023-10-26,5,8,234.0,P-BAK-004,5,ขนมปังรวมรส
C12929,นักศึกษา,2023-08-20,2024-01-16,9,11,478.0,P-COC-007,7,นมสดคาราเมล (ปั่น)
C12930,นักศึกษา,2023-09-10,2024-01-07,3,4,140.0,P-BAK-005,4,แอลแคร์
C12931,นักศึกษา,2023-08-19,2024-01-31,29,56,1863.0,P-FOD-001,24,แซนวิชโบราณ
C12932,นักศึกษา,2023-08-20,2024-01-23,4,8,395.0,P-COF-001,4,อเมริกาโน่ (เย็น)
C12933,นักศึกษา,2023-08-24,2024-01-23,21,40,1634.0,P-TEA-001,16,ชาเขียว (เย็น)
C12934,นักศึกษา,2024-01-20,2024-01-20,1,4,195.0,P-COF-001,4,อเมริกาโน่ (เย็น)
C12935,นักศึกษา,2023-08-23,2023-11-29,19,30,1055.0,P-SFT-002,11,สิงห์เลม่อนโซดา
C12936,นักศึกษา,2023-08-28,2023-10-03,8,19,775.0,P-COF-001,11,อเมริกาโน่ (เย็น)
C12937,นักศึกษา,2023-08-20,2023-10-12,6,10,325.0,P-SFT-002,8,สิงห์เลม่อนโซดา
C12938,นักศึกษา,2023-08-21,2023-11-09,7,12,345.0,P-TEA-002,6,ชาซีลอน (เย็น)
C12939,นักศึกษา,2023-09-20,2023-10-20,4,4,190.0,P-BAK-015,4,ชีสคัพ
C12940,นักศึกษา,2023-09-28,2023-10-09,2,3,179.0,P-BAK-028,3,มินิเค้กชาไทย
C12941,นักศึกษา,2023-08-21,2023-10-20,10,14,455.0,P-COF-015,8,คาปูชิโน่ (ปั่น)
C12942,นักศึกษา,2023-08-22,2023-12-22,24,43,1452.5,P-BAK-005,20,แอลแคร์
C12943,นักศึกษา,2023-09-05,2023-12-17,10,14,422.0,P-COF-002,8,ลาเต้ (เย็น)
C12944,นักศึกษา,2023-09-11,2023-09-11,1,1,50.0,P-TEA-004,1,ชามัทฉะ (เย็น)
C12945,นักศึกษา,2023-08-23,2024-01-27,19,26,1100.0,P-COF-009,17,มอคค่า (เย็น)
C12946,นักศึกษา,2023-08-23,2023-12-06,4,4,165.0,P-COC-001,4,ช็อคโกแลต (เย็น)
C12947,นักศึกษา,2023-09-18,2023-09-26,2,2,50.0,P-BAK-005,2,แอลแคร์
C12948,นักศึกษา,2023-08-31,2023-09-21,2,2,40.0,P-BAK-017,2,ขนมปัง
C12949,นักศึกษา,2023-08-23,2023-10-09,6,12,445.0,P-TOP-001,8,วุ้นบุก
C12950,นักศึกษา,2023-08-28,2023-11-28,7,10,290.0,P-SOU-001,5,น้ำเปล่า
C12951,นักศึกษา,2023-09-08,2023-12-22,4,7,318.0,P-BAK-012,6,มินิเค้กช็อกโกแลต
C12952,นักศึกษา,2023-08-28,2023-11-29,13,24,609.0,P-SOU-001,11,น้ำเปล่า
C12953,นักศึกษา,2023-08-24,2023-11-29,3,5,220.0,P-COC-013,4,สตรอเบอรี่นมสด
C12954,นักศึกษา,2023-08-25,2024-01-04,9,12,450.0,P-SOU-001,11,น้ำเปล่า
C12955,นักศึกษา,2023-09-24,2023-09-24,1,1,20.0,P-NDL-002,1,ยำยำ
C12957,นักศึกษา,2023-08-31,2024-01-24,9,11,494.0,P-BAK-015,8,ชีสคัพ
C12958,นักศึกษา,2023-08-27,2024-01-16,14,24,925.0,P-SOU-001,12,น้ำเปล่า
C12959,นักศึกษา,2023-08-27,2024-01-17,11,13,545.0,P-BAK-007,9,มาการอง
C12960,นักศึกษา,2023-09-07,2023-09-15,3,7,280.0,P-COF-014,5,ลาเต้ (ร้อน)
C12961,นักศึกษา,2023-08-29,2023-11-21,9,11,544.0,P-TEA-001,7,ชาเขียว (เย็น)
C12962,นักศึกษา,2023-08-28,2023-12-28,14,19,750.0,P-TEA-004,10,ชามัทฉะ (เย็น)
C12963,นักศึกษา,2023-08-28,2023-12-17,7,12,425.0,P-COC-001,8,ช็อคโกแลต (เย็น)
C12964,นักศึกษา,2023-10-24,2023-10-25,2,3,135.0,P-BAK-021,3,เค้กชาไทยหน้านิ่ม
C12965,นักศึกษา,2023-12-22,2023-12-22,1,1,55.0,P-COC-008,1,โกโก้มิ้นท์
C12966,นักศึกษา,2023-08-26,2023-11-29,5,7,300.0,P-TEA-008,6,ชาแอปเปิ้ล (เย็น)
C12967,นักศึกษา,2023-09-12,2023-09-17,2,2,65.0,P-COF-003,2,คาปูชิโน่ (เย็น)
C12968,นักศึกษา,2023-08-26,2023-12-06,11,16,650.0,P-TEA-005,12,ชาพีช (เย็น)
C12969,นักศึกษา,2023-09-11,2024-01-04,5,7,180.0,P-BAK-007,7,มาการอง
C12970,นักศึกษา,2023-09-01,2024-01-12,6,6,250.0,P-COC-002,4,โกโก้ (เย็น)
C12971,นักศึกษา,2023-09-27,2023-10-23,2,3,55.0,P-BAK-005,3,แอลแคร์
C12972,นักศึกษา,2023-09-11,2023-11-06,4,6,280.0,P-TEA-002,4,ชาซีลอน (เย็น)
C12973,นักศึกษา,2023-08-29,2024-01-22,11,18,545.0,P-SOU-001,12,น้ำเปล่า
C12974,นักศึกษา,2023-08-28,2023-12-15,41,98,2965.0,P-TOP-001,28,วุ้นบุก
C12975,นักศึกษา,2023-08-28,2023-10-25,4,6,220.0,P-SFT-002,5,สิงห์เลม่อนโซดา
C12976,นักศึกษา,2023-08-28,2024-01-23,32,60,1615.0,P-BAK-004,16,ขนมปังรวมรส
C12977,นักศึกษา,2023-09-01,2023-09-07,2,2,90.0,P-COF-001,1,อเมริกาโน่ (เย็น)
C12978,นักศึกษา,2023-09-07,2024-01-27,10,17,615.0,P-TEA-025,11,ชาเขียวช่อมะพร้าว
C12979,นักศึกษา,2023-09-01,2024-01-20,6,12,523.0,P-TEA-001,7,ชาเขียว (เย็น)
C12980,นักศึกษา,2023-09-06,2023-11-28,15,28,873.0,P-BAK-002,16,บราวนี่
C12981,นักศึกษา,2023-09-14,2023-12-10,12,18,615.0,P-SFT-001,11,โค้ก ออริจินอล
C12982,นักศึกษา,2023-09-03,2024-01-21,23,44,1853.0,P-COF-001,15,อเมริกาโน่ (เย็น)
C12983,นักศึกษา,2023-08-30,2024-01-30,22,36,1654.0,P-COF-005,13,เอสเปรสโซ่ (เย็น)
C12984,นักศึกษา,2023-09-01,2023-11-10,5,8,310.0,P-TEA-001,7,ชาเขียว (เย็น)
C12985,นักศึกษา,2023-09-05,2024-01-31,6,11,425.0,P-TEA-005,9,ชาพีช (เย็น)
C12986,นักศึกษา,2023-09-19,2023-11-21,6,10,365.0,P-TEA-001,8,ชาเขียว (เย็น)
C12987,นักศึกษา,2023-09-07,2023-12-20,7,12,280.0,P-SNK-001,7,ขนมเลย์
C12988,นักศึกษา,2023-09-29,2024-01-16,2,3,115.0,P-COC-001,3,ช็อคโกแลต (เย็น)
C12989,นักศึกษา,2023-09-14,2024-01-26,5,11,430.0,P-TEA-004,7,ชามัทฉะ (เย็น)
C12990,นักศึกษา,2023-09-11,2023-12-04,13,24,560.0,P-BAK-004,11,ขนมปังรวมรส
C12991,นักศึกษา,2023-09-25,2023-10-18,2,2,70.0,P-SFT-001,2,โค้ก ออริจินอล
C12992,นักศึกษา,2023-10-23,2024-01-12,2,4,135.0,P-BAK-011,4,เค้กบลูเบอร์รี่หน้านิ่ม
C12993,นักศึกษา,2023-09-04,2023-12-28,9,14,295.0,P-SOU-001,7,น้ำเปล่า
C12994,นักศึกษา,2023-09-16,2023-10-09,6,11,405.0,P-BAK-014,6,บราวนี่กรอบ
C12995,นักศึกษา,2023-09-06,2023-12-06,8,11,580.0,P-FOD-002,9,ข้าวกล่อง
C12996,นักศึกษา,2023-09-01,2024-01-24,18,37,1135.0,P-TEA-001,21,ชาเขียว (เย็น)
C12997,นักศึกษา,2023-09-21,2023-09-21,1,1,45.0,P-SOD-006,1,กีวี่
C12998,นักศึกษา,2023-09-02,2023-12-18,19,27,1235.0,P-COF-001,13,อเมริกาโน่ (เย็น)
C12999,นักศึกษา,2023-10-19,2024-01-18,3,3,120.0,P-COF-002,3,ลาเต้ (เย็น)
C13000,นักศึกษา,2023-09-05,2024-01-12,17,30,935.0,P-COC-001,18,ช็อคโกแลต (เย็น)
C13001,นักศึกษา,2023-09-03,2023-10-18,13,27,1055.0,P-COF-009,15,มอคค่า (เย็น)
C13002,นักศึกษา,2023-09-07,2023-10-20,9,15,580.0,P-COF-001,9,อเมริกาโน่ (เย็น)
C13003,นักศึกษา,2023-09-04,2023-12-03,16,22,720.0,P-SFT-005,10,สไปรท์
C13004,นักศึกษา,2023-09-18,2023-12-03,3,4,140.0,P-COF-010,4,อเมริกาโน่น้ำผึ้ง (เย็น)
C13005,นักศึกษา,2023-09-04,2024-01-16,15,38,1240.0,P-COC-013,24,สตรอเบอรี่นมสด
C13006,นักศึกษา,2023-09-12,2023-12-01,6,7,295.0,P-COC-002,7,โกโก้ (เย็น)
C13007,นักศึกษา,2023-09-05,2023-12-08,24,39,1320.0,P-SFT-001,14,โค้ก ออริจินอล
C13008,นักศึกษา,2023-09-17,2023-12-04,5,6,240.0,P-FOD-001,6,แซนวิชโบราณ
C13009,นักศึกษา,2023-11-17,2024-01-02,2,4,185.0,P-COF-012,3,คาปูชิโน่ (ร้อน)
C13011,นักศึกษา,2023-09-11,2024-01-21,6,6,200.0,P-COF-005,6,เอสเปรสโซ่ (เย็น)
C13012,นักศึกษา,2023-09-18,2023-10-31,8,13,385.0,P-COF-002,6,ลาเต้ (เย็น)
C13013,นักศึกษา,2023-09-14,2024-01-22,12,23,745.0,P-SOU-001,13,น้ำเปล่า
C13014,นักศึกษา,2023-09-07,2024-01-24,21,40,1373.0,P-BAK-004,20,ขนมปังรวมรส
C13015,นักศึกษา,2023-09-09,2024-01-31,18,32,1075.0,P-SFT-002,14,สิงห์เลม่อนโซดา
C13016,นักศึกษา,2023-09-20,2023-12-07,10,14,510.0,P-TEA-001,6,ชาเขียว (เย็น)
C13017,นักศึกษา,2023-09-10,2024-01-23,10,15,485.0,P-NDL-001,10,มาม่า
C13018,นักศึกษา,2023-09-07,2024-01-16,16,25,1015.0,P-SNK-001,12,ขนมเลย์
C13019,นักศึกษา,2023-09-08,2024-01-21,27,50,1219.0,P-BAK-004,15,ขนมปังรวมรส
C13020,นักศึกษา,2023-09-20,2023-10-16,5,8,205.0,P-BAK-004,5,ขนมปังรวมรส
C13021,นักศึกษา,2023-09-13,2024-01-20,14,30,805.0,P-BAK-004,14,ขนมปังรวมรส
C13022,นักศึกษา,2023-09-06,2023-10-09,4,7,260.0,P-TEA-001,4,ชาเขียว (เย็น)
C13023,นักศึกษา,2023-09-10,2024-01-20,11,22,1029.0,P-TEA-001,13,ชาเขียว (เย็น)
C13024,นักศึกษา,2023-09-13,2024-01-26,16,29,819.0,P-NDL-001,14,มาม่า
C13025,นักศึกษา,2023-09-09,2024-01-08,18,33,1324.0,P-TEA-001,18,ชาเขียว (เย็น)
C13026,นักศึกษา,2023-10-01,2024-01-03,3,4,205.0,P-COC-003,4,ช็อคโกแลต (ปั่น)
C13027,นักศึกษา,2023-09-19,2023-11-06,7,9,365.0,P-TEA-001,6,ชาเขียว (เย็น)
C13028,นักศึกษา,2023-09-13,2024-01-14,10,16,670.0,P-COC-005,10,นมสดคาราเมล (เย็น)
C13029,นักศึกษา,2023-09-12,2023-11-23,5,7,220.0,P-SNK-002,5,ป็อกกี้
C13030,นักศึกษา,2023-09-09,2023-10-12,4,5,195.0,P-BAK-004,5,ขนมปังรวมรส
C13031,นักศึกษา,2023-09-20,2024-01-25,6,9,325.0,P-SOU-001,7,น้ำเปล่า
C13032,นักศึกษา,2023-09-14,2024-01-14,15,30,790.0,P-BAK-004,12,ขนมปังรวมรส
C13033,นักศึกษา,2023-09-09,2024-01-31,22,50,1389.0,P-SOU-001,17,น้ำเปล่า
C13034,นักศึกษา,2023-09-09,2024-01-23,17,37,1458.0,P-BAK-007,17,มาการอง
C13035,นักศึกษา,2023-09-10,2023-11-29,13,23,824.0,P-BAK-004,13,ขนมปังรวมรส
C13036,นักศึกษา,2023-09-14,2023-10-01,5,9,180.0,P-SOU-001,5,น้ำเปล่า
C13037,นักศึกษา,2023-09-10,2023-12-05,15,20,460.0,P-SNK-006,8,สแน็กแจ็ค
C13038,นักศึกษา,2023-09-11,2024-01-29,2,2,65.0,P-COC-001,2,ช็อคโกแลต (เย็น)
C13039,นักศึกษา,2023-09-19,2024-01-29,11,22,1049.0,P-COF-004,13,อเมริกาโน่ส้ม
C13040,นักศึกษา,2023-09-12,2023-11-30,9,11,405.0,P-NDL-002,9,ยำยำ
C13041,นักศึกษา,2023-09-10,2024-01-16,9,21,654.0,P-FOD-002,10,ข้าวกล่อง
C13042,นักศึกษา,2023-09-14,2024-01-29,12,18,630.0,P-SNK-004,13,โคอะล่ามาร์ช
C13043,นักศึกษา,2023-09-30,2024-01-27,8,16,580.0,P-TOP-001,9,วุ้นบุก
C13044,นักศึกษา,2023-09-18,2024-01-29,5,8,300.0,P-COF-010,8,อเมริกาโน่น้ำผึ้ง (เย็น)
C13045,นักศึกษา,2023-09-13,2023-12-16,9,11,340.0,P-COF-004,8,อเมริกาโน่ส้ม
C13046,นักศึกษา,2023-09-12,2024-01-27,5,8,310.0,P-BAK-002,5,บราวนี่
C13047,นักศึกษา,2023-09-13,2023-12-20,11,21,740.0,P-BAK-004,10,ขนมปังรวมรส
C13048,นักศึกษา,2023-11-20,2023-11-20,1,1,10.0,P-SOU-001,1,น้ำเปล่า
C13049,นักศึกษา,2023-09-12,2024-01-12,6,10,350.0,P-BAK-011,8,เค้กบลูเบอร์รี่หน้านิ่ม
C13050,นักศึกษา,2023-09-14,2023-10-15,5,8,220.0,P-SFT-005,7,สไปรท์
C13052,นักศึกษา,2023-09-16,2023-12-11,13,20,793.0,P-COF-001,13,อเมริกาโน่ (เย็น)
C13053,นักศึกษา,2023-09-20,2024-01-03,9,14,325.0,P-BAK-004,7,ขนมปังรวมรส
C13054,นักศึกษา,2023-09-14,2024-01-15,7,12,460.0,P-BAK-011,8,เค้กบลูเบอร์รี่หน้านิ่ม
C13055,นักศึกษา,2023-09-15,2023-10-16,3,3,120.0,P-NDL-002,3,ยำยำ
C13056,นักศึกษา,2023-09-20,2024-01-05,19,27,838.0,P-COF-002,14,ลาเต้ (เย็น)
C13057,นักศึกษา,2023-09-25,2024-01-02,4,6,160.0,P-SNK-001,3,ขนมเลย์
C13058,นักศึกษา,2023-09-14,2023-10-16,3,4,165.0,P-TEA-002,3,ชาซีลอน (เย็น)
C13059,นักศึกษา,2023-09-20,2023-11-28,5,15,419.0,P-BAK-004,9,ขนมปังรวมรส
C13060,นักศึกษา,2023-09-16,2024-01-15,23,33,1150.0,P-BAK-004,16,ขนมปังรวมรส
C13061,นักศึกษา,2023-09-27,2024-01-13,9,17,630.0,P-SOU-002,11,น้ำแข็ง
C13062,นักศึกษา,2023-09-18,2024-01-17,9,18,530.0,P-NDL-002,9,ยำยำ
C13063,นักศึกษา,2023-09-19,2024-01-16,11,19,591.5,P-COF-004,11,อเมริกาโน่ส้ม
C13064,นักศึกษา,2023-09-16,2024-01-30,23,41,1210.0,P-FOD-001,14,แซนวิชโบราณ
C13065,นักศึกษา,2023-09-17,2023-11-07,4,6,235.0,P-COF-005,4,เอสเปรสโซ่ (เย็น)
C13066,นักศึกษา,2023-09-20,2023-11-23,4,5,190.0,P-TEA-002,4,ชาซีลอน (เย็น)
C13067,นักศึกษา,2023-09-20,2024-01-18,5,9,325.0,P-COF-001,5,อเมริกาโน่ (เย็น)
C13068,นักศึกษา,2023-09-16,2023-11-09,11,28,1015.0,P-TEA-001,14,ชาเขียว (เย็น)
C13069,นักศึกษา,2023-09-17,2024-01-09,11,15,610.0,P-SFT-004,12,โค้ก zero
C13070,นักศึกษา,2023-09-17,2023-11-29,13,25,1150.0,P-TEA-001,12,ชาเขียว (เย็น)
C13071,นักศึกษา,2023-09-21,2023-11-26,3,9,425.0,P-COF-002,5,ลาเต้ (เย็น)
C13072,นักศึกษา,2023-09-20,2024-01-23,3,6,255.0,P-TEA-001,5,ชาเขียว (เย็น)
C13073,นักศึกษา,2023-09-17,2024-01-15,11,16,740.0,P-COC-001,8,ช็อคโกแลต (เย็น)
C13074,นักศึกษา,2023-10-02,2023-12-02,3,7,255.0,P-COC-002,7,โกโก้ (เย็น)
C13075,นักศึกษา,2023-09-17,2024-01-29,20,39,1480.0,P-BAK-004,17,ขนมปังรวมรส
C13076,นักศึกษา,2023-09-19,2024-01-26,15,20,824.0,P-COF-001,13,อเมริกาโน่ (เย็น)
C13077,นักศึกษา,2023-09-20,2024-01-14,14,19,725.0,P-SOU-001,11,น้ำเปล่า
C13078,นักศึกษา,2023-09-21,2023-10-13,3,4,140.0,P-COC-006,4,โกโก้ (ปั่น)
C13079,นักศึกษา,2023-09-27,2023-10-30,3,4,183.0,P-COF-008,4,อเมริกาโน่ (ร้อน)
C13080,นักศึกษา,2023-09-20,2023-12-15,6,17,465.0,P-BAK-004,9,ขนมปังรวมรส
C13081,นักศึกษา,2023-09-20,2024-01-14,9,12,480.0,P-COC-005,8,นมสดคาราเมล (เย็น)
C13082,นักศึกษา,2023-09-20,2024-01-09,5,7,280.0,P-BAK-017,5,ขนมปัง
C13083,นักศึกษา,2023-10-05,2024-01-18,4,4,185.0,P-COF-001,2,อเมริกาโน่ (เย็น)
C13084,นักศึกษา,2023-09-21,2023-11-29,7,15,355.0,P-SNK-001,8,ขนมเลย์
C13085,นักศึกษา,2023-09-20,2024-01-12,9,9,238.0,P-BAK-004,7,ขนมปังรวมรส
C13086,นักศึกษา,2023-09-23,2023-11-01,4,5,190.0,P-TEA-016,5,ชามัทฉะ (ปั่น)
C13087,นักศึกษา,2023-09-20,2023-12-14,12,17,650.0,P-TEA-006,9,ชาน้ำผึ้งมะนาว (เย็น)
C13088,นักศึกษา,2023-09-20,2023-11-15,8,13,480.0,P-COC-001,7,ช็อคโกแลต (เย็น)
C13089,นักศึกษา,2023-09-20,2024-01-17,27,46,1294.0,P-BAK-004,16,ขนมปังรวมรส
C13090,นักศึกษา,2023-09-20,2024-01-29,14,20,730.0,P-SOD-001,12,สตรอเบอรี่
C13091,นักศึกษา,2023-09-21,2024-01-15,28,51,1994.0,P-BAK-004,22,ขนมปังรวมรส
C13092,นักศึกษา,2023-09-20,2024-01-23,16,24,770.0,P-COC-004,13,นมสด (เย็น)
C13093,นักศึกษา,2023-09-21,2024-01-26,9,13,539.0,P-TEA-017,8,ชาสตรอเบอรี่ (เย็น)
C13094,นักศึกษา,2023-09-21,2024-01-18,13,19,680.0,P-COF-001,11,อเมริกาโน่ (เย็น)
C13095,นักศึกษา,2023-09-21,2023-12-07,8,14,275.0,P-BAK-004,5,ขนมปังรวมรส
C13096,นักศึกษา,2023-09-21,2023-10-18,8,9,310.0,P-BAK-004,5,ขนมปังรวมรส
C13097,นักศึกษา,2023-09-29,2024-01-09,4,4,135.0,P-NDL-001,4,มาม่า
C13098,นักศึกษา,2023-10-02,2024-01-27,6,9,428.0,P-COF-002,7,ลาเต้ (เย็น)
C13099,นักศึกษา,2023-09-25,2024-01-09,11,18,600.0,P-SFT-001,13,โค้ก ออริจินอล
C13100,นักศึกษา,2023-09-28,2023-09-29,2,3,90.0,P-COC-001,3,ช็อคโกแลต (เย็น)
C13101,นักศึกษา,2023-10-02,2024-01-21,8,10,465.0,P-COC-004,7,นมสด (เย็น)
C13102,นักศึกษา,2023-09-23,2024-01-26,10,14,445.0,P-SNK-001,6,ขนมเลย์
C13103,นักศึกษา,2023-09-25,2023-11-06,7,12,589.0,P-COF-008,6,อเมริกาโน่ (ร้อน)
C13104,นักศึกษา,2023-10-03,2023-12-13,7,10,290.0,P-BAK-013,5,โดนัท
C13105,นักศึกษา,2023-10-17,2024-01-22,2,2,105.0,P-COF-009,2,มอคค่า (เย็น)
C13106,นักศึกษา,2023-09-26,2024-01-24,3,6,195.0,P-BAK-005,6,แอลแคร์
C13107,นักศึกษา,2023-09-26,2024-01-15,8,11,440.0,P-TEA-002,9,ชาซีลอน (เย็น)
C13108,นักศึกษา,2023-09-27,2023-12-21,4,5,245.0,P-COF-002,4,ลาเต้ (เย็น)
C13109,นักศึกษา,2023-09-25,2024-01-22,8,8,300.0,P-TEA-007,6,ชามะนาว (เย็น)
C13110,นักศึกษา,2023-09-24,2024-01-16,15,34,674.0,P-BAK-004,16,ขนมปังรวมรส
C13111,นักศึกษา,2023-10-04,2024-01-16,4,7,185.0,P-NDL-001,4,มาม่า
C13112,นักศึกษา,2023-09-27,2024-01-18,3,4,135.0,P-SNK-001,3,ขนมเลย์
C13113,นักศึกษา,2023-09-26,2023-12-23,13,25,1190.0,P-COC-003,13,ช็อคโกแลต (ปั่น)
C13114,นักศึกษา,2023-09-26,2023-11-30,3,3,140.0,P-COF-003,3,คาปูชิโน่ (เย็น)
C13115,นักศึกษา,2023-09-25,2024-01-05,11,23,884.0,P-BAK-008,14,เค้กช็อคหน้านิ่ม
C13116,นักศึกษา,2023-09-27,2023-11-20,11,24,835.0,P-COF-006,14,อเมริกาโน่ช่อมะพร้าว
C13117,นักศึกษา,2023-09-30,2024-01-26,10,15,515.0,P-COF-001,10,อเมริกาโน่ (เย็น)
C13118,นักศึกษา,2023-09-27,2023-11-21,9,14,360.0,P-SOU-001,10,น้ำเปล่า
C13119,นักศึกษา,2023-10-04,2024-01-23,4,6,200.0,P-COF-003,5,คาปูชิโน่ (เย็น)
C13120,นักศึกษา,2023-10-06,2024-01-26,9,13,564.0,P-BAK-014,12,บราวนี่กรอบ
C13121,นักศึกษา,2023-09-28,2024-01-23,17,26,1034.0,P-TEA-002,14,ชาซีลอน (เย็น)
C13122,นักศึกษา,2023-09-27,2024-01-30,17,26,861.5,P-NDL-001,15,มาม่า
C13123,นักศึกษา,2023-09-28,2024-01-31,29,48,1888.0,P-TEA-001,18,ชาเขียว (เย็น)
C13124,นักศึกษา,2023-09-28,2024-01-13,11,16,765.0,P-COF-002,10,ลาเต้ (เย็น)
C13125,นักศึกษา,2023-09-28,2024-01-22,5,6,310.0,P-COF-007,4,อเมริกาโน่น้ำผึ้งมะนาว
C13126,นักศึกษา,2023-09-30,2024-01-30,8,16,500.0,P-SNK-002,6,ป็อกกี้
C13127,นักศึกษา,2023-10-27,2024-01-05,3,3,135.0,P-COF-002,2,ลาเต้ (เย็น)
C13128,นักศึกษา,2023-10-03,2023-12-28,5,9,340.0,P-COF-012,5,คาปูชิโน่ (ร้อน)
C13129,นักศึกษา,2023-10-02,2024-01-18,13,19,635.0,P-SFT-001,12,โค้ก ออริจินอล
C13130,นักศึกษา,2023-09-28,2023-12-22,17,25,730.0,P-BAK-004,12,ขนมปังรวมรส
C13131,นักศึกษา,2023-09-29,2023-12-18,7,10,484.0,P-TEA-001,7,ชาเขียว (เย็น)
C13132,นักศึกษา,2023-10-05,2023-11-25,2,2,65.0,P-COF-001,2,อเมริกาโน่ (เย็น)
C13133,นักศึกษา,2023-09-30,2023-12-15,14,25,963.0,P-COC-005,18,นมสดคาราเมล (เย็น)
C13134,นักศึกษา,2023-10-02,2024-01-04,15,21,909.0,P-COF-001,15,อเมริกาโน่ (เย็น)
C13135,นักศึกษา,2023-09-29,2024-01-15,4,9,305.0,P-TOP-001,4,วุ้นบุก
C13136,นักศึกษา,2023-10-04,2024-01-17,3,4,195.0,P-COF-005,3,เอสเปรสโซ่ (เย็น)
C13137,นักศึกษา,2023-10-02,2023-12-19,7,10,350.0,P-COC-009,8,นมชมพู(นมเย็น)
C13138,นักศึกษา,2023-10-04,2023-10-10,2,2,80.0,P-COF-013,1,เอสเปรสโซ่ (ร้อน)
C13139,นักศึกษา,2023-10-01,2024-01-18,33,54,2244.0,P-NDL-003,23,ไวไว
C13140,นักศึกษา,2023-10-01,2023-11-30,10,15,620.0,P-TEA-003,10,ชาเขียว (ปั่น)
C13141,นักศึกษา,2023-10-08,2024-01-28,6,9,325.0,P-SNK-002,7,ป็อกกี้
C13142,นักศึกษา,2023-10-18,2024-01-08,5,12,435.0,P-TEA-007,8,ชามะนาว (เย็น)
C13143,นักศึกษา,2023-10-05,2023-11-24,4,6,250.0,P-BAK-007,6,มาการอง
C13144,นักศึกษา,2023-10-04,2023-12-22,7,10,240.0,P-SOU-005,6,น้ำส้มคั้นสด
C13145,นักศึกษา,2023-10-08,2023-12-15,9,10,365.0,P-COF-006,8,อเมริกาโน่ช่อมะพร้าว
C13146,นักศึกษา,2023-10-04,2023-12-06,7,11,434.0,P-TEA-007,8,ชามะนาว (เย็น)
C13147,นักศึกษา,2023-10-07,2024-01-15,6,12,340.0,P-COC-001,8,ช็อคโกแลต (เย็น)
C13149,นักศึกษา,2023-10-05,2024-01-08,8,8,350.0,P-TEA-001,5,ชาเขียว (เย็น)
C13150,นักศึกษา,2023-10-07,2023-11-12,6,9,385.0,P-COF-001,6,อเมริกาโน่ (เย็น)
C13151,นักศึกษา,2023-10-11,2023-12-24,9,13,435.0,P-NDL-001,9,มาม่า
C13152,นักศึกษา,2023-10-10,2023-12-19,5,6,105.0,P-SOU-001,5,น้ำเปล่า
C13153,นักศึกษา,2023-10-05,2024-01-17,5,7,295.0,P-BAK-004,5,ขนมปังรวมรส
C13154,นักศึกษา,2023-10-06,2024-01-12,7,14,435.0,P-SNK-001,9,ขนมเลย์
C13155,นักศึกษา,2023-10-09,2024-01-26,15,22,790.0,P-TEA-001,14,ชาเขียว (เย็น)
C13156,นักศึกษา,2023-10-09,2024-01-23,6,9,365.0,P-TEA-004,6,ชามัทฉะ (เย็น)
C13157,นักศึกษา,2023-10-21,2024-01-30,11,15,640.0,P-COF-001,9,อเมริกาโน่ (เย็น)
C13158,นักศึกษา,2023-10-25,2024-01-30,7,16,715.0,P-BAK-020,12,มินิเค้กมัทฉะครีมสด
C13159,นักศึกษา,2023-11-06,2024-01-17,4,5,223.0,P-COF-001,2,อเมริกาโน่ (เย็น)
C13160,นักศึกษา,2023-10-15,2023-12-25,8,15,480.0,P-NDL-002,9,ยำยำ
C13161,นักศึกษา,2023-10-09,2023-12-12,6,10,393.0,P-SOU-001,6,น้ำเปล่า
C13162,นักศึกษา,2023-10-07,2024-01-31,16,35,1380.0,P-COC-002,19,โกโก้ (เย็น)
C13163,นักศึกษา,2023-10-10,2024-01-26,7,15,544.0,P-SOD-002,10,เลม่อนผสมน้ำผึ้ง
C13164,นักศึกษา,2023-10-09,2024-01-29,6,10,360.0,P-FOD-003,9,ขนมจีบกุ้ง
C13165,นักศึกษา,2023-10-08,2024-01-23,15,19,708.0,P-COF-001,9,อเมริกาโน่ (เย็น)
C13166,นักศึกษา,2023-10-09,2023-12-06,3,3,169.0,P-BAK-026,3,เค้กเรดเวลเวทีราวนี่
C13167,นักศึกษา,2023-10-09,2024-01-23,12,18,886.0,P-COC-007,8,นมสดคาราเมล (ปั่น)
C13168,นักศึกษา,2023-10-07,2023-11-13,6,11,273.0,P-BAK-004,8,ขนมปังรวมรส
C13169,นักศึกษา,2023-10-22,2023-12-18,2,2,40.0,P-NDL-002,1,ยำยำ
C13170,นักศึกษา,2023-10-07,2024-01-18,8,8,365.0,P-SMT-001,5,สมูตตี้ สตรอเบอรี่
C13172,นักศึกษา,2023-10-12,2023-10-18,2,3,138.0,P-COF-001,3,อเมริกาโน่ (เย็น)
C13173,นักศึกษา,2023-10-16,2024-01-06,12,15,685.0,P-TEA-001,11,ชาเขียว (เย็น)
C13174,นักศึกษา,2023-10-09,2024-01-15,6,9,445.0,P-COC-002,8,โกโก้ (เย็น)
C13175,นักศึกษา,2023-10-16,2023-12-04,3,3,135.0,P-COF-006,3,อเมริกาโน่ช่อมะพร้าว
C13176,นักศึกษา,2023-10-11,2023-12-18,4,6,120.0,P-SFT-001,3,โค้ก ออริจินอล
C13177,นักศึกษา,2023-10-15,2024-01-29,5,6,140.0,P-NDL-001,5,มาม่า
C13178,นักศึกษา,2023-11-03,2023-12-06,6,11,390.0,P-BAK-004,11,ขนมปังรวมรส
C13179,นักศึกษา,2023-10-18,2024-01-10,7,8,335.0,P-BAK-014,8,บราวนี่กรอบ
C13180,นักศึกษา,2023-10-09,2023-10-09,1,1,50.0,P-COC-002,1,โกโก้ (เย็น)
C13181,นักศึกษา,2023-10-16,2024-01-22,2,5,158.0,P-FOD-002,3,ข้าวกล่อง
C13182,นักศึกษา,2023-10-09,2023-12-13,8,11,305.0,P-COF-013,7,เอสเปรสโซ่ (ร้อน)
C13183,นักศึกษา,2023-10-11,2024-01-23,10,11,435.0,P-BAK-011,8,เค้กบลูเบอร์รี่หน้านิ่ม
C13184,นักศึกษา,2023-10-12,2023-11-28,4,4,82.0,P-SOU-001,3,น้ำเปล่า
C13185,นักศึกษา,2023-11-01,2024-01-23,5,8,265.0,P-BAK-008,5,เค้กช็อคหน้านิ่ม
C13186,นักศึกษา,2023-10-10,2024-01-12,15,19,795.0,P-SNK-001,14,ขนมเลย์
C13187,นักศึกษา,2023-10-19,2024-01-30,7,8,310.0,P-TEA-002,7,ชาซีลอน (เย็น)
C13188,นักศึกษา,2023-10-11,2024-01-18,6,10,390.0,P-TEA-007,9,ชามะนาว (เย็น)
C13189,นักศึกษา,2023-11-09,2024-01-08,4,9,265.0,P-BAK-011,7,เค้กบลูเบอร์รี่หน้านิ่ม
C13190,นักศึกษา,2023-10-12,2023-12-06,8,13,440.0,P-SNK-015,10,ตูมตาม
C13191,นักศึกษา,2023-11-08,2024-01-29,4,6,290.0,P-SMT-009,5,เสาวรส (ปั่น)
C13192,นักศึกษา,2023-10-11,2024-01-24,12,23,630.0,P-BAK-013,10,โดนัท
C13193,นักศึกษา,2023-10-11,2024-01-30,10,16,425.0,P-NDL-001,10,มาม่า
C13194,นักศึกษา,2023-12-20,2024-01-30,2,2,110.0,P-SMT-001,2,สมูตตี้ สตรอเบอรี่
C13195,นักศึกษา,2023-10-26,2024-01-26,3,3,135.0,P-COF-001,2,อเมริกาโน่ (เย็น)
C13196,นักศึกษา,2023-10-11,2024-01-25,37,55,1848.0,P-COF-004,21,อเมริกาโน่ส้ม
C13197,นักศึกษา,2023-10-11,2024-01-31,24,42,1615.0,P-TEA-002,20,ชาซีลอน (เย็น)
C13198,นักศึกษา,2023-10-16,2023-11-21,4,5,170.0,P-COF-001,5,อเมริกาโน่ (เย็น)
C13199,นักศึกษา,2023-10-13,2024-01-20,6,6,243.0,P-COF-016,4,อเมริกาโน่น้ำผึ้ง
C13200,นักศึกษา,2023-10-16,2023-10-16,1,2,40.0,P-NDL-001,2,มาม่า
C13201,นักศึกษา,2023-10-16,2024-01-22,6,7,285.0,P-TEA-005,5,ชาพีช (เย็น)
C13202,นักศึกษา,2023-10-18,2024-01-11,5,6,193.0,P-TEA-005,6,ชาพีช (เย็น)
C13203,นักศึกษา,2023-10-25,2023-12-27,9,16,545.0,P-COF-012,7,คาปูชิโน่ (ร้อน)
C13204,นักศึกษา,2023-11-11,2024-01-27,4,6,210.0,P-SFT-001,5,โค้ก ออริจินอล
C13205,นักศึกษา,2023-10-19,2023-11-28,3,4,45.0,P-SOU-001,2,น้ำเปล่า
C13206,นักศึกษา,2023-10-15,2023-11-30,6,11,415.0,P-COC-001,8,ช็อคโกแลต (เย็น)
C13208,นักศึกษา,2023-10-18,2024-01-30,9,11,315.0,P-SNK-006,8,สแน็กแจ็ค
C13209,นักศึกษา,2023-10-16,2024-01-24,7,9,385.0,P-COC-002,6,โกโก้ (เย็น)
C13210,นักศึกษา,2023-10-16,2023-12-05,4,6,210.0,P-TOP-001,5,วุ้นบุก
C13211,นักศึกษา,2023-10-18,2024-01-23,11,19,691.0,P-COF-001,12,อเมริกาโน่ (เย็น)
C13212,นักศึกษา,2023-10-17,2024-01-31,11,13,580.0,P-SFT-005,11,สไปรท์
C13213,นักศึกษา,2023-10-24,2024-01-29,3,4,185.0,P-COC-002,4,โกโก้ (เย็น)
C13214,นักศึกษา,2023-10-17,2023-12-23,3,6,290.0,P-COF-001,5,อเมริกาโน่ (เย็น)
C13215,นักศึกษา,2023-10-19,2023-12-20,4,8,305.0,P-BAK-008,8,เค้กช็อคหน้านิ่ม
C13216,นักศึกษา,2023-10-17,2024-01-23,9,11,555.0,P-TEA-004,4,ชามัทฉะ (เย็น)
C13217,นักศึกษา,2023-10-22,2023-12-20,6,12,470.0,P-COC-013,9,สตรอเบอรี่นมสด
C13218,นักศึกษา,2023-10-27,2024-01-08,4,7,175.0,P-SFT-001,5,โค้ก ออริจินอล
C13219,นักศึกษา,2023-11-05,2024-01-08,3,5,145.0,P-COC-011,4,โกโก้ (ร้อน)
C13220,นักศึกษา,2023-10-20,2024-01-05,6,12,345.0,P-SNK-015,8,ตูมตาม
C13221,นักศึกษา,2023-10-19,2024-01-17,8,9,380.0,P-COF-001,8,อเมริกาโน่ (เย็น)
C13222,นักศึกษา,2023-10-20,2024-01-24,13,29,925.0,P-TEA-005,15,ชาพีช (เย็น)
C13223,นักศึกษา,2023-10-20,2024-01-24,20,31,1433.0,P-TEA-001,16,ชาเขียว (เย็น)
C13224,นักศึกษา,2023-10-20,2024-01-25,9,11,428.0,P-COF-005,9,เอสเปรสโซ่ (เย็น)
C13225,นักศึกษา,2023-10-20,2024-01-26,8,14,549.0,P-COF-002,12,ลาเต้ (เย็น)
C13226,นักศึกษา,2023-10-21,2024-01-11,10,11,370.0,P-COC-005,8,นมสดคาราเมล (เย็น)
C13227,นักศึกษา,2023-10-23,2023-12-03,5,7,290.0,P-SOD-001,5,สตรอเบอรี่
C13228,นักศึกษา,2023-11-20,2023-11-30,4,5,150.0,P-NDL-002,4,ยำยำ
C13229,นักศึกษา,2023-10-23,2024-01-28,14,29,1170.0,P-COF-001,15,อเมริกาโน่ (เย็น)
C13230,นักศึกษา,2023-10-23,2024-01-10,6,10,435.0,P-COF-017,8,ลาเตั (ปั่น)
C13231,นักศึกษา,2023-10-24,2024-01-31,8,9,383.0,P-COF-001,6,อเมริกาโน่ (เย็น)
C13232,นักศึกษา,2023-11-23,2024-01-25,5,7,160.0,P-SFT-008,3,แฟนต้า น้ำเขียว
C13233,นักศึกษา,2023-10-30,2024-01-08,7,10,305.0,P-NDL-003,5,ไวไว
C13234,นักศึกษา,2023-11-06,2024-01-08,5,6,255.0,P-COF-005,4,เอสเปรสโซ่ (เย็น)
C13235,นักศึกษา,2023-10-25,2024-01-08,5,5,185.0,P-TEA-001,5,ชาเขียว (เย็น)
C13236,นักศึกษา,2023-11-11,2024-01-20,8,11,495.0,P-COF-016,6,อเมริกาโน่น้ำผึ้ง
C13237,นักศึกษา,2023-10-25,2023-12-01,4,9,290.0,P-TEA-003,5,ชาเขียว (ปั่น)
C13238,นักศึกษา,2023-10-23,2024-01-20,9,13,370.0,P-SOU-001,7,น้ำเปล่า
C13239,นักศึกษา,2023-10-24,2024-01-20,13,15,595.0,P-SFT-001,11,โค้ก ออริจินอล
C13240,นักศึกษา,2023-10-25,2024-01-16,7,8,385.0,P-COC-002,5,โกโก้ (เย็น)
C13241,นักศึกษา,2023-10-28,2024-01-20,9,12,389.0,P-SNK-013,9,โปเต้
C13242,นักศึกษา,2023-11-14,2023-12-12,2,2,100.0,P-TEA-004,1,ชามัทฉะ (เย็น)
C13243,นักศึกษา,2023-10-23,2024-01-27,19,31,1376.0,P-COF-001,8,อเมริกาโน่ (เย็น)
C13244,นักศึกษา,2023-10-30,2024-01-10,4,5,235.0,P-COF-001,3,อเมริกาโน่ (เย็น)
C13245,นักศึกษา,2023-10-30,2023-11-26,4,4,178.0,P-COF-001,2,อเมริกาโน่ (เย็น)
C13246,นักศึกษา,2023-10-25,2024-01-23,6,10,330.0,P-SOU-001,8,น้ำเปล่า
C13247,นักศึกษา,2023-10-25,2024-01-04,8,13,515.0,P-COC-006,7,โกโก้ (ปั่น)
C13248,นักศึกษา,2023-11-28,2023-11-28,1,2,50.0,P-FOD-001,1,แซนวิชโบราณ
C13249,นักศึกษา,2023-10-27,2024-01-15,9,16,615.0,P-COC-007,12,นมสดคาราเมล (ปั่น)
C13250,นักศึกษา,2023-10-28,2024-01-17,8,11,475.0,P-COF-017,10,ลาเตั (ปั่น)
C13251,นักศึกษา,2023-11-02,2024-01-28,12,13,470.0,P-SFT-004,11,โค้ก zero
C13252,นักศึกษา,2023-11-16,2024-01-12,7,10,240.0,P-NDL-002,6,ยำยำ
C13253,นักศึกษา,2023-11-02,2024-01-26,17,25,1005.0,P-TEA-002,11,ชาซีลอน (เย็น)
C13254,นักศึกษา,2023-11-20,2024-01-26,10,15,650.0,P-COF-002,7,ลาเต้ (เย็น)
C13255,นักศึกษา,2023-11-29,2024-01-30,8,14,400.0,P-SOU-005,6,น้ำส้มคั้นสด
C13256,นักศึกษา,2023-11-10,2023-11-30,3,3,140.0,P-COC-001,3,ช็อคโกแลต (เย็น)
C13257,นักศึกษา,2023-10-27,2024-01-23,5,5,235.0,P-COF-002,4,ลาเต้ (เย็น)
C13258,นักศึกษา,2023-10-26,2024-01-30,17,27,765.0,P-NDL-003,11,ไวไว
C13259,นักศึกษา,2023-11-15,2023-12-21,2,2,40.0,P-NDL-001,2,มาม่า
C13260,นักศึกษา,2023-11-06,2024-01-23,3,5,210.0,P-COF-007,5,อเมริกาโน่น้ำผึ้งมะนาว
C13261,นักศึกษา,2023-11-11,2024-01-17,5,7,320.0,P-SOU-006,6,คอร์นเฟรก
C13262,นักศึกษา,2023-10-29,2024-01-23,8,12,507.0,P-COF-002,10,ลาเต้ (เย็น)
C13263,นักศึกษา,2023-10-30,2024-01-20,21,26,845.0,P-SNK-003,13,เทสโต้
C13264,นักศึกษา,2023-10-27,2024-01-31,56,92,3350.0,P-TEA-001,25,ชาเขียว (เย็น)
C13265,นักศึกษา,2023-11-01,2024-01-19,7,13,410.0,P-SNK-002,9,ป็อกกี้
C13266,นักศึกษา,2023-11-06,2023-12-21,7,9,399.0,P-COF-002,7,ลาเต้ (เย็น)
C13267,นักศึกษา,2023-10-28,2024-01-22,5,5,235.0,P-COC-009,5,นมชมพู(นมเย็น)
C13268,นักศึกษา,2023-10-30,2024-01-27,7,8,414.0,P-TEA-001,7,ชาเขียว (เย็น)
C13269,นักศึกษา,2023-12-07,2023-12-07,1,1,45.0,P-COC-004,1,นมสด (เย็น)
C13270,นักศึกษา,2023-11-02,2024-01-22,15,17,665.0,P-TEA-001,10,ชาเขียว (เย็น)
C13271,นักศึกษา,2023-11-12,2024-01-08,3,4,170.0,P-COC-001,4,ช็อคโกแลต (เย็น)
C13272,นักศึกษา,2023-11-11,2024-01-30,9,15,484.0,P-SOU-001,9,น้ำเปล่า
C13273,นักศึกษา,2023-11-21,2024-01-28,10,17,645.0,P-COF-001,11,อเมริกาโน่ (เย็น)
C13275,นักศึกษา,2023-10-31,2024-01-16,10,16,671.0,P-SFT-005,11,สไปรท์
C13276,นักศึกษา,2023-11-29,2024-01-13,3,3,105.0,P-COF-001,3,อเมริกาโน่ (เย็น)
C13277,นักศึกษา,2023-12-22,2024-01-14,2,3,85.0,P-SNK-001,3,ขนมเลย์
C13278,นักศึกษา,2023-11-08,2023-12-12,4,4,190.0,P-COF-002,4,ลาเต้ (เย็น)
C13279,นักศึกษา,2023-11-06,2023-12-17,4,13,455.0,P-FOD-001,10,แซนวิชโบราณ
C13280,นักศึกษา,2023-11-27,2023-12-19,2,2,60.0,P-SOU-001,2,น้ำเปล่า
C13281,นักศึกษา,2023-11-09,2023-11-09,1,1,40.0,P-COF-008,1,อเมริกาโน่ (ร้อน)
C13282,นักศึกษา,2023-11-08,2023-12-19,7,7,250.0,P-COF-003,6,คาปูชิโน่ (เย็น)
C13283,นักศึกษา,2023-11-24,2023-12-18,4,7,165.0,P-BAK-033,7,เค้กจำปะดะ
C13284,นักศึกษา,2023-11-06,2024-01-28,6,8,310.0,P-SOD-005,7,แดงมะนาว
C13285,นักศึกษา,2023-11-02,2024-01-23,5,7,335.0,P-COC-001,5,ช็อคโกแลต (เย็น)
C13286,นักศึกษา,2023-11-06,2024-01-30,11,15,670.0,P-TEA-004,11,ชามัทฉะ (เย็น)
C13287,นักศึกษา,2023-11-22,2023-12-21,8,14,570.0,P-COC-001,9,ช็อคโกแลต (เย็น)
C13288,นักศึกษา,2023-11-23,2023-11-23,1,1,50.0,P-COC-002,1,โกโก้ (เย็น)
C13289,นักศึกษา,2023-11-26,2024-01-15,10,26,750.0,P-SOU-005,11,น้ำส้มคั้นสด
C13290,นักศึกษา,2023-11-11,2024-01-14,9,10,458.0,P-COC-001,5,ช็อคโกแลต (เย็น)
C13291,นักศึกษา,2023-11-04,2024-01-27,7,13,510.0,P-COF-001,8,อเมริกาโน่ (เย็น)
C13292,นักศึกษา,2023-11-24,2024-01-13,2,5,125.0,P-SNK-012,5,ปาปีก้า
C13293,นักศึกษา,2023-11-04,2024-01-30,14,34,1125.0,P-SOU-002,14,น้ำแข็ง
C13294,นักศึกษา,2023-11-11,2023-12-19,4,4,160.0,P-SNK-015,4,ตูมตาม
C13295,นักศึกษา,2023-12-01,2024-01-12,4,6,200.0,P-SFT-001,5,โค้ก ออริจินอล
C13296,นักศึกษา,2023-11-11,2024-01-24,17,21,710.0,P-NDL-002,12,ยำยำ
C13297,นักศึกษา,2023-11-23,2024-01-20,14,19,720.0,P-COC-005,12,นมสดคาราเมล (เย็น)
C13298,นักศึกษา,2023-11-17,2024-01-22,3,4,125.0,P-BAK-024,4,เค้กกาแฟหน้านิ่ม
C13299,นักศึกษา,2023-11-11,2024-01-18,7,7,345.0,P-COC-001,7,ช็อคโกแลต (เย็น)
C13300,นักศึกษา,2023-11-04,2023-11-04,1,4,145.0,P-BAK-002,4,บราวนี่
C13301,นักศึกษา,2023-11-08,2024-01-30,6,10,384.0,P-BAK-002,6,บราวนี่
C13302,นักศึกษา,2023-11-11,2024-01-12,7,7,290.0,P-COF-005,5,เอสเปรสโซ่ (เย็น)
C13303,นักศึกษา,2023-12-07,2024-01-11,4,4,165.0,P-TEA-009,4,ชากุหลาบนมสด
C13304,นักศึกษา,2023-11-08,2024-01-30,36,54,2450.0,P-TEA-004,23,ชามัทฉะ (เย็น)
C13305,นักศึกษา,2023-11-11,2024-01-16,5,11,334.0,P-COF-001,5,อเมริกาโน่ (เย็น)
C13306,นักศึกษา,2023-11-19,2024-01-10,7,9,473.0,P-COC-005,6,นมสดคาราเมล (เย็น)
C13307,นักศึกษา,2023-11-11,2024-01-30,6,14,485.0,P-TEA-001,8,ชาเขียว (เย็น)
C13308,นักศึกษา,2023-11-21,2023-12-04,2,4,80.0,P-NDL-002,1,ยำยำ
C13309,นักศึกษา,2023-11-30,2024-01-30,7,14,435.0,P-COC-001,9,ช็อคโกแลต (เย็น)
C13310,นักศึกษา,2023-11-23,2024-01-28,11,17,685.0,P-COF-001,14,อเมริกาโน่ (เย็น)
C13311,นักศึกษา,2023-11-11,2024-01-12,10,12,604.0,P-COC-006,10,โกโก้ (ปั่น)
C13312,นักศึกษา,2023-11-09,2023-12-16,10,23,745.0,P-SOU-001,15,น้ำเปล่า
C13313,นักศึกษา,2023-11-10,2023-11-23,2,2,75.0,P-COC-008,2,โกโก้มิ้นท์
C13314,นักศึกษา,2023-11-20,2024-01-14,2,4,130.0,P-COF-002,3,ลาเต้ (เย็น)
C13315,นักศึกษา,2023-11-30,2023-12-01,2,2,95.0,P-COF-006,2,อเมริกาโน่ช่อมะพร้าว
C13316,นักศึกษา,2023-11-08,2024-01-07,10,13,445.0,P-NDL-001,7,มาม่า
C13317,นักศึกษา,2023-11-24,2023-11-27,2,2,80.0,P-SOU-006,2,คอร์นเฟรก
C13318,นักศึกษา,2023-11-15,2024-01-30,9,9,435.0,P-COF-005,7,เอสเปรสโซ่ (เย็น)
C13319,นักศึกษา,2023-11-10,2023-12-18,2,3,155.0,P-COC-001,2,ช็อคโกแลต (เย็น)
C13320,นักศึกษา,2023-11-13,2024-01-22,13,14,515.0,P-TEA-002,9,ชาซีลอน (เย็น)
C13321,นักศึกษา,2023-11-14,2024-01-08,2,2,95.0,P-COC-001,2,ช็อคโกแลต (เย็น)
C13322,นักศึกษา,2023-11-10,2024-01-25,3,3,110.0,P-COC-008,3,โกโก้มิ้นท์
C13323,นักศึกษา,2023-11-22,2024-01-10,4,4,234.0,P-BAK-006,4,บานอฟฟี่
C13324,นักศึกษา,2023-11-22,2024-01-14,4,6,235.0,P-COF-002,5,ลาเต้ (เย็น)
C13325,นักศึกษา,2023-11-24,2023-11-24,1,1,45.0,P-TEA-001,1,ชาเขียว (เย็น)
C13326,นักศึกษา,2023-11-24,2024-01-08,4,5,165.0,P-BAK-002,5,บราวนี่
C13327,นักศึกษา,2023-11-22,2024-01-04,8,12,499.0,P-COF-019,10,มัทฉะลาเต้
C13328,นักศึกษา,2023-11-24,2024-01-28,10,16,715.0,P-BAK-007,9,มาการอง
C13329,นักศึกษา,2023-11-27,2024-01-29,4,4,110.0,P-BAK-002,4,บราวนี่
C13330,นักศึกษา,2023-11-24,2024-01-23,8,11,548.0,P-BAK-006,7,บานอฟฟี่
C13331,นักศึกษา,2023-11-11,2024-01-24,14,16,623.0,P-COC-004,12,นมสด (เย็น)
C13332,นักศึกษา,2023-12-16,2024-01-16,3,3,145.0,P-COC-002,3,โกโก้ (เย็น)
C13333,นักศึกษา,2023-12-16,2024-01-18,4,4,195.0,P-TEA-006,4,ชาน้ำผึ้งมะนาว (เย็น)
C13334,นักศึกษา,2023-11-23,2024-01-25,9,16,735.0,P-TEA-001,8,ชาเขียว (เย็น)
C13335,นักศึกษา,2023-11-28,2024-01-29,4,7,175.0,P-NDL-001,5,มาม่า
C13336,นักศึกษา,2023-11-21,2024-01-19,2,3,50.0,P-NDL-006,3,นิสชินคัพไก่เผ็ดเกาหลี
C13337,นักศึกษา,2023-11-12,2024-01-25,18,28,1233.0,P-BAK-007,15,มาการอง
C13338,นักศึกษา,2023-12-03,2024-01-11,5,6,280.0,P-BAK-002,6,บราวนี่
C13339,นักศึกษา,2023-12-14,2024-01-29,3,6,94.0,P-NDL-004,4,โจ๊ก
C13340,นักศึกษา,2023-11-24,2023-11-27,2,3,145.0,P-COC-002,2,โกโก้ (เย็น)
C13341,นักศึกษา,2023-11-19,2023-12-09,3,8,395.0,P-TEA-015,7,ชากุหลาบน้ำผึ้งมะนาว (เย็น)
C13342,นักศึกษา,2023-11-20,2024-01-22,7,10,506.0,P-TEA-002,7,ชาซีลอน (เย็น)
C13343,นักศึกษา,2023-12-18,2024-01-29,3,3,110.0,P-COC-001,3,ช็อคโกแลต (เย็น)
C13344,นักศึกษา,2023-11-13,2024-01-30,44,61,1824.0,P-SOU-001,24,น้ำเปล่า
C13345,นักศึกษา,2023-11-13,2024-01-29,20,28,944.0,P-TEA-005,14,ชาพีช (เย็น)
C13346,นักศึกษา,2023-11-20,2024-01-26,6,6,250.0,P-COF-016,5,อเมริกาโน่น้ำผึ้ง
C13347,นักศึกษา,2023-11-16,2024-01-25,12,16,729.0,P-TEA-002,10,ชาซีลอน (เย็น)
C13348,นักศึกษา,2024-01-13,2024-01-13,1,1,20.0,P-SNK-002,1,ป็อกกี้
C13349,นักศึกษา,2023-11-21,2023-12-22,6,6,195.0,P-NDL-002,4,ยำยำ
C13350,นักศึกษา,2023-11-15,2024-01-28,7,7,280.0,P-COF-005,4,เอสเปรสโซ่ (เย็น)
C13351,นักศึกษา,2023-11-16,2024-01-24,6,9,369.0,P-TEA-001,6,ชาเขียว (เย็น)
C13352,นักศึกษา,2023-11-23,2024-01-18,21,37,1506.0,P-TEA-001,15,ชาเขียว (เย็น)
C13353,นักศึกษา,2023-11-15,2024-01-20,6,9,445.0,P-TEA-004,5,ชามัทฉะ (เย็น)
C13354,นักศึกษา,2023-12-02,2023-12-22,4,8,380.0,P-COF-016,5,อเมริกาโน่น้ำผึ้ง
C13355,นักศึกษา,2023-12-12,2024-01-26,7,14,489.0,P-SOU-005,7,น้ำส้มคั้นสด
C13356,นักศึกษา,2023-12-16,2024-01-30,3,4,155.0,P-COC-003,4,ช็อคโกแลต (ปั่น)
C13357,นักศึกษา,2024-01-11,2024-01-11,1,1,40.0,P-COF-020,1,มอคค่า (ร้อน)
C13358,นักศึกษา,2023-11-16,2024-01-30,31,48,1809.0,P-NDL-001,25,มาม่า
C13359,นักศึกษา,2023-11-20,2024-01-30,24,35,1055.0,P-SFT-004,18,โค้ก zero
C13360,นักศึกษา,2023-12-12,2024-01-24,2,3,110.0,P-COF-017,3,ลาเตั (ปั่น)
C13361,นักศึกษา,2023-12-01,2024-01-18,12,17,480.0,P-FOD-001,13,แซนวิชโบราณ
C13362,นักศึกษา,2023-11-21,2023-12-21,8,9,315.0,P-SNK-003,5,เทสโต้
C13363,นักศึกษา,2023-11-23,2023-12-17,6,11,280.0,P-COF-016,5,อเมริกาโน่น้ำผึ้ง
C13364,นักศึกษา,2023-11-23,2024-01-30,16,19,863.0,P-COF-001,11,อเมริกาโน่ (เย็น)
C13365,นักศึกษา,2023-12-02,2023-12-02,1,1,50.0,P-COF-004,1,อเมริกาโน่ส้ม
C13366,นักศึกษา,2023-11-20,2024-01-04,3,6,185.0,P-SOU-001,5,น้ำเปล่า
C13367,นักศึกษา,2023-11-21,2024-01-29,7,9,270.0,P-COC-002,7,โกโก้ (เย็น)
C13368,นักศึกษา,2023-11-20,2024-01-04,11,18,689.0,P-SOU-001,11,น้ำเปล่า
C13369,นักศึกษา,2023-11-23,2024-01-19,8,13,316.0,P-SOU-001,8,น้ำเปล่า
C13370,นักศึกษา,2023-11-20,2024-01-22,4,6,255.0,P-BAK-007,6,มาการอง
C13371,นักศึกษา,2023-11-28,2024-01-23,8,12,514.0,P-SNK-001,10,ขนมเลย์
C13372,นักศึกษา,2024-01-23,2024-01-23,1,1,55.0,P-COC-008,1,โกโก้มิ้นท์
C13373,นักศึกษา,2023-11-28,2024-01-30,9,18,380.0,P-SOU-001,7,น้ำเปล่า
C13374,นักศึกษา,2023-11-21,2024-01-23,12,22,809.0,P-SFT-005,14,สไปรท์
C13375,นักศึกษา,2023-11-21,2024-01-27,20,31,1177.0,P-COF-002,14,ลาเต้ (เย็น)
C13376,นักศึกษา,2023-11-20,2024-01-17,7,14,380.0,P-NDL-002,10,ยำยำ
C13377,นักศึกษา,2023-11-29,2024-01-24,6,7,290.0,P-TEA-001,4,ชาเขียว (เย็น)
C13378,นักศึกษา,2023-11-27,2023-12-06,2,3,140.0,P-TEA-001,2,ชาเขียว (เย็น)
C13379,นักศึกษา,2023-12-22,2024-01-14,2,2,95.0,P-SOD-004,2,พีช
C13380,นักศึกษา,2023-11-20,2023-11-20,1,1,35.0,P-BAK-008,1,เค้กช็อคหน้านิ่ม
C13381,นักศึกษา,2023-12-02,2023-12-22,5,10,448.0,P-BAK-006,7,บานอฟฟี่
C13382,นักศึกษา,2023-11-21,2023-12-24,4,6,235.0,P-BAK-007,6,มาการอง
C13383,นักศึกษา,2023-12-08,2023-12-22,3,3,120.0,P-COC-005,3,นมสดคาราเมล (เย็น)
C13384,นักศึกษา,2023-11-28,2024-01-30,7,14,698.0,P-COF-005,8,เอสเปรสโซ่ (เย็น)
C13385,นักศึกษา,2023-11-23,2023-12-06,3,7,300.0,P-COC-013,6,สตรอเบอรี่นมสด
C13386,นักศึกษา,2023-11-22,2024-01-29,10,23,755.0,P-COF-002,11,ลาเต้ (เย็น)
C13387,นักศึกษา,2023-11-24,2024-01-29,16,25,970.0,P-COC-001,12,ช็อคโกแลต (เย็น)
C13388,นักศึกษา,2023-11-25,2024-01-30,13,18,823.0,P-COC-001,12,ช็อคโกแลต (เย็น)
C13389,นักศึกษา,2023-12-08,2024-01-30,4,4,160.0,P-TEA-007,4,ชามะนาว (เย็น)
C13390,นักศึกษา,2023-11-25,2024-01-17,6,8,360.0,P-COC-001,4,ช็อคโกแลต (เย็น)
C13391,นักศึกษา,2023-11-24,2024-01-26,23,29,1057.0,P-SNK-002,12,ป็อกกี้
C13392,นักศึกษา,2023-11-29,2024-01-30,11,12,535.0,P-COF-001,8,อเมริกาโน่ (เย็น)
C13393,นักศึกษา,2023-11-22,2024-01-26,8,10,300.0,P-SOU-001,7,น้ำเปล่า
C13394,นักศึกษา,2023-12-23,2023-12-23,1,1,55.0,P-TEA-016,1,ชามัทฉะ (ปั่น)
C13395,นักศึกษา,2023-11-22,2024-01-31,20,32,970.0,P-SOU-001,16,น้ำเปล่า
C13396,นักศึกษา,2024-01-23,2024-01-23,1,1,45.0,P-COF-001,1,อเมริกาโน่ (เย็น)
C13397,นักศึกษา,2023-11-23,2024-01-22,3,6,240.0,P-COF-005,6,เอสเปรสโซ่ (เย็น)
C13398,นักศึกษา,2023-12-05,2023-12-21,3,4,150.0,P-COF-012,4,คาปูชิโน่ (ร้อน)
C13399,นักศึกษา,2023-11-23,2024-01-31,40,54,2025.0,P-SNK-001,22,ขนมเลย์
C13400,นักศึกษา,2023-11-24,2024-01-23,4,10,320.0,P-BAK-007,7,มาการอง
C13402,นักศึกษา,2023-12-03,2024-01-04,5,7,205.0,P-COF-001,5,อเมริกาโน่ (เย็น)
C13403,นักศึกษา,2023-11-25,2023-12-22,4,5,145.0,P-COF-004,5,อเมริกาโน่ส้ม
C13404,นักศึกษา,2023-11-27,2024-01-21,10,17,630.0,P-SNK-003,12,เทสโต้
C13405,นักศึกษา,2023-11-25,2024-01-09,3,3,120.0,P-BAK-008,3,เค้กช็อคหน้านิ่ม
C13406,นักศึกษา,2023-11-27,2024-01-23,13,19,470.0,P-SOU-001,9,น้ำเปล่า
C13407,นักศึกษา,2023-11-29,2024-01-29,4,6,235.0,P-SFT-003,3,แฟนต้า น้ำแดง
C13408,นักศึกษา,2023-11-27,2024-01-31,48,60,2572.0,P-NDL-001,24,มาม่า
C13409,นักศึกษา,2024-01-25,2024-01-25,1,1,50.0,P-COC-001,1,ช็อคโกแลต (เย็น)
C13410,นักศึกษา,2023-11-29,2024-01-23,3,4,130.0,P-NDL-003,3,ไวไว
C13411,นักศึกษา,2023-12-07,2023-12-19,2,3,135.0,P-SOD-004,2,พีช
C13412,นักศึกษา,2023-11-28,2024-01-28,6,8,285.0,P-SNK-002,6,ป็อกกี้
C13413,นักศึกษา,2023-11-27,2023-12-21,3,6,180.0,P-TOP-001,5,วุ้นบุก
C13414,นักศึกษา,2023-12-19,2024-01-18,2,3,80.0,P-SNK-011,3,ขนมปาตี้
C13415,นักศึกษา,2023-11-29,2023-12-18,5,9,340.0,P-COF-005,8,เอสเปรสโซ่ (เย็น)
C13416,นักศึกษา,2023-12-22,2024-01-10,3,6,200.0,P-NDL-004,6,โจ๊ก
C13417,นักศึกษา,2023-11-29,2024-01-16,5,11,295.0,P-SFT-001,8,โค้ก ออริจินอล
C13418,นักศึกษา,2023-11-29,2024-01-30,5,6,280.0,P-COC-003,5,ช็อคโกแลต (ปั่น)
C13419,นักศึกษา,2023-12-08,2023-12-08,1,2,100.0,P-COF-001,2,อเมริกาโน่ (เย็น)
C13420,นักศึกษา,2023-11-30,2024-01-31,22,33,1485.0,P-COC-002,17,โกโก้ (เย็น)
C13421,นักศึกษา,2023-12-01,2024-01-21,16,23,905.0,P-COC-015,14,นมสดคาราเมล (ร้อน)
C13422,นักศึกษา,2023-12-15,2023-12-25,4,5,125.0,P-SNK-001,4,ขนมเลย์
C13423,นักศึกษา,2023-12-01,2024-01-29,14,17,555.0,P-SOD-002,8,เลม่อนผสมน้ำผึ้ง
C13424,นักศึกษา,2023-12-01,2023-12-14,2,4,170.0,P-COC-002,3,โกโก้ (เย็น)
C13425,นักศึกษา,2023-12-01,2024-01-29,25,32,1344.0,P-COC-001,14,ช็อคโกแลต (เย็น)
C13426,นักศึกษา,2023-12-02,2024-01-30,12,18,535.0,P-SNK-001,9,ขนมเลย์
C13427,นักศึกษา,2023-12-10,2024-01-24,11,22,948.0,P-TEA-001,12,ชาเขียว (เย็น)
C13428,นักศึกษา,2023-12-02,2024-01-17,4,4,100.0,P-SFT-006,4,ชเวปส์
C13429,นักศึกษา,2023-12-19,2024-01-30,5,10,305.0,P-NDL-002,7,ยำยำ
C13430,นักศึกษา,2023-12-02,2024-01-31,8,10,395.0,P-COF-003,7,คาปูชิโน่ (เย็น)
C13431,นักศึกษา,2023-12-12,2024-01-30,4,8,190.0,P-COF-001,6,อเมริกาโน่ (เย็น)
C13432,นักศึกษา,2024-01-05,2024-01-05,1,2,25.0,P-NDL-003,2,ไวไว
C13433,นักศึกษา,2023-12-06,2024-01-18,4,4,135.0,P-COF-006,4,อเมริกาโน่ช่อมะพร้าว
C13434,นักศึกษา,2023-12-06,2024-01-29,8,19,485.0,P-SOU-001,8,น้ำเปล่า
C13435,นักศึกษา,2024-01-23,2024-01-23,1,1,45.0,P-COC-004,1,นมสด (เย็น)
C13436,นักศึกษา,2023-12-22,2024-01-17,4,4,130.0,P-COC-001,4,ช็อคโกแลต (เย็น)
C13437,นักศึกษา,2023-12-04,2024-01-29,12,17,585.0,P-BAK-002,12,บราวนี่
C13438,นักศึกษา,2023-12-03,2024-01-31,31,44,1913.0,P-COC-005,22,นมสดคาราเมล (เย็น)
C13439,นักศึกษา,2023-12-06,2024-01-30,8,10,430.0,P-TEA-002,9,ชาซีลอน (เย็น)
C13440,นักศึกษา,2023-12-10,2024-01-24,13,18,600.0,P-SOU-001,11,น้ำเปล่า
C13441,นักศึกษา,2023-12-08,2024-01-28,8,11,425.0,P-SNK-002,11,ป็อกกี้
C13442,นักศึกษา,2024-01-02,2024-01-27,4,6,275.0,P-TEA-003,4,ชาเขียว (ปั่น)
C13443,นักศึกษา,2023-12-19,2024-01-23,3,4,115.0,P-NDL-004,3,โจ๊ก
C13444,นักศึกษา,2024-01-15,2024-01-29,5,7,320.0,P-TEA-007,5,ชามะนาว (เย็น)
C13445,นักศึกษา,2023-12-19,2023-12-19,1,1,10.0,P-SOU-001,1,น้ำเปล่า
C13446,นักศึกษา,2023-12-05,2024-01-23,10,17,715.0,P-TEA-003,11,ชาเขียว (ปั่น)
C13447,นักศึกษา,2023-12-10,2024-01-29,14,16,730.0,P-TEA-001,9,ชาเขียว (เย็น)
C13448,นักศึกษา,2023-12-07,2024-01-18,8,8,380.0,P-COF-001,7,อเมริกาโน่ (เย็น)
C13449,นักศึกษา,2023-12-16,2024-01-20,4,5,205.0,P-SOD-004,4,พีช
C13450,นักศึกษา,2023-12-06,2024-01-31,28,35,1315.0,P-COC-002,17,โกโก้ (เย็น)
C13451,นักศึกษา,2023-12-08,2024-01-30,12,20,700.0,P-COF-001,13,อเมริกาโน่ (เย็น)
C13452,นักศึกษา,2023-12-18,2023-12-21,2,3,135.0,P-BAK-008,3,เค้กช็อคหน้านิ่ม
C13453,นักศึกษา,2023-12-06,2024-01-29,32,53,1941.0,P-COF-001,21,อเมริกาโน่ (เย็น)
C13454,นักศึกษา,2023-12-13,2024-01-31,22,34,1505.0,P-TEA-004,17,ชามัทฉะ (เย็น)
C13455,นักศึกษา,2023-12-06,2024-01-24,8,12,460.0,P-TEA-004,7,ชามัทฉะ (เย็น)
C13456,นักศึกษา,2023-12-07,2024-01-30,7,11,360.0,P-BAK-007,8,มาการอง
C13457,นักศึกษา,2023-12-13,2024-01-28,3,6,115.0,P-BAK-002,4,บราวนี่
C13458,นักศึกษา,2023-12-07,2024-01-31,19,27,1165.0,P-COF-001,10,อเมริกาโน่ (เย็น)
C13459,นักศึกษา,2023-12-09,2024-01-25,5,5,240.0,P-COC-004,4,นมสด (เย็น)
C13460,นักศึกษา,2023-12-14,2024-01-30,15,22,745.0,P-TEA-002,15,ชาซีลอน (เย็น)
C13461,นักศึกษา,2024-01-04,2024-01-30,2,3,125.0,P-COF-012,2,คาปูชิโน่ (ร้อน)
C13462,นักศึกษา,2023-12-10,2024-01-31,7,10,330.0,P-SNK-001,8,ขนมเลย์
C13463,นักศึกษา,2023-12-22,2024-01-15,2,3,130.0,P-COF-014,3,ลาเต้ (ร้อน)
C13464,นักศึกษา,2023-12-08,2024-01-21,10,12,370.0,P-SNK-001,7,ขนมเลย์
C13465,นักศึกษา,2024-01-04,2024-01-04,1,1,20.0,P-SFT-005,1,สไปรท์
C13466,นักศึกษา,2023-12-21,2023-12-21,1,2,70.0,P-SOU-002,2,น้ำแข็ง
C13467,นักศึกษา,2023-12-15,2024-01-21,2,3,120.0,P-COF-002,3,ลาเต้ (เย็น)
C13468,นักศึกษา,2023-12-12,2024-01-30,13,21,749.0,P-TEA-004,12,ชามัทฉะ (เย็น)
C13469,นักศึกษา,2024-01-19,2024-01-29,4,5,235.0,P-TEA-001,3,ชาเขียว (เย็น)
C13470,นักศึกษา,2023-12-15,2024-01-26,3,5,275.0,P-COC-006,2,โกโก้ (ปั่น)
C13472,นักศึกษา,2023-12-12,2024-01-30,13,23,980.0,P-COF-001,13,อเมริกาโน่ (เย็น)
C13473,นักศึกษา,2023-12-10,2024-01-30,36,49,1639.0,P-TEA-001,20,ชาเขียว (เย็น)
C13474,นักศึกษา,2023-12-12,2024-01-12,5,7,275.0,P-COF-009,6,มอคค่า (เย็น)
C13475,นักศึกษา,2023-12-21,2024-01-24,4,8,370.0,P-COC-003,8,ช็อคโกแลต (ปั่น)
C13476,นักศึกษา,2023-12-17,2024-01-07,6,13,570.0,P-COF-016,6,อเมริกาโน่น้ำผึ้ง
C13477,นักศึกษา,2023-12-19,2024-01-26,4,5,250.0,P-COC-003,5,ช็อคโกแลต (ปั่น)
C13479,นักศึกษา,2023-12-13,2024-01-29,8,13,652.0,P-BAK-006,10,บานอฟฟี่
C13480,นักศึกษา,2023-12-17,2024-01-16,5,6,255.0,P-COF-001,4,อเมริกาโน่ (เย็น)
C13481,นักศึกษา,2023-12-13,2024-01-15,6,9,315.0,P-SNK-003,6,เทสโต้
C13482,นักศึกษา,2023-12-18,2024-01-30,12,15,688.0,P-COC-002,11,โกโก้ (เย็น)
C13483,นักศึกษา,2023-12-22,2024-01-23,6,9,250.0,P-SNK-002,5,ป็อกกี้
C13484,นักศึกษา,2023-12-13,2024-01-18,2,2,75.0,P-SNK-004,2,โคอะล่ามาร์ช
C13485,นักศึกษา,2023-12-13,2024-01-30,7,7,180.0,P-SOU-001,4,น้ำเปล่า
C13486,นักศึกษา,2023-12-14,2024-01-11,4,7,270.0,P-TEA-001,5,ชาเขียว (เย็น)
C13487,นักศึกษา,2023-12-22,2024-01-23,5,9,410.0,P-COC-002,5,โกโก้ (เย็น)
C13488,นักศึกษา,2023-12-15,2024-01-24,6,6,329.0,P-COC-002,5,โกโก้ (เย็น)
C13489,นักศึกษา,2023-12-13,2024-01-28,16,26,998.0,P-COF-012,9,คาปูชิโน่ (ร้อน)
C13490,นักศึกษา,2023-12-25,2024-01-14,6,8,330.0,P-TEA-001,5,ชาเขียว (เย็น)
C13491,นักศึกษา,2023-12-17,2024-01-24,6,11,495.0,P-COC-001,11,ช็อคโกแลต (เย็น)
C13493,นักศึกษา,2023-12-25,2024-01-25,3,5,123.0,P-SOU-002,4,น้ำแข็ง
C13494,นักศึกษา,2023-12-18,2024-01-31,8,12,400.0,P-SFT-006,11,ชเวปส์
C13495,นักศึกษา,2024-01-04,2024-01-20,3,3,80.0,P-SNK-009,3,ฮานามิ
C13496,นักศึกษา,2023-12-15,2024-01-31,16,18,645.0,P-COF-001,11,อเมริกาโน่ (เย็น)
C13497,นักศึกษา,2023-12-17,2023-12-17,1,2,35.0,P-SFT-004,2,โค้ก zero
C13498,นักศึกษา,2023-12-17,2024-01-10,3,3,145.0,P-COC-001,3,ช็อคโกแลต (เย็น)
C13499,นักศึกษา,2024-01-09,2024-01-11,2,3,145.0,P-COC-005,3,นมสดคาราเมล (เย็น)
C13500,นักศึกษา,2023-12-21,2024-01-30,3,4,110.0,P-BAK-005,4,แอลแคร์
C13501,นักศึกษา,2023-12-17,2024-01-28,18,20,818.0,P-TEA-018,12,ชาซีลอน (ปั่น)
C13502,นักศึกษา,2024-01-05,2024-01-22,3,4,100.0,P-SNK-007,3,ตะวัน
C13503,นักศึกษา,2023-12-22,2024-01-26,7,9,310.0,P-FOD-001,6,แซนวิชโบราณ
C13504,นักศึกษา,2023-12-19,2024-01-29,11,14,560.0,P-BAK-008,11,เค้กช็อคหน้านิ่ม
C13505,นักศึกษา,2023-12-16,2024-01-29,5,9,368.0,P-COF-006,5,อเมริกาโน่ช่อมะพร้าว
C13506,นักศึกษา,2023-12-20,2024-01-09,3,5,140.0,P-NDL-002,4,ยำยำ
C13507,นักศึกษา,2023-12-17,2024-01-19,4,12,524.0,P-COF-004,9,อเมริกาโน่ส้ม
C13508,นักศึกษา,2023-12-19,2024-01-31,11,16,733.0,P-COF-004,8,อเมริกาโน่ส้ม
C13509,นักศึกษา,2023-12-21,2024-01-25,6,7,300.0,P-COC-003,6,ช็อคโกแลต (ปั่น)
C13510,นักศึกษา,2023-12-18,2024-01-29,17,24,730.0,P-SNK-002,12,ป็อกกี้
C13511,นักศึกษา,2023-12-22,2024-01-17,2,3,100.0,P-COF-005,2,เอสเปรสโซ่ (เย็น)
C13512,นักศึกษา,2023-12-19,2024-01-20,7,11,325.0,P-COF-001,7,อเมริกาโน่ (เย็น)
C13513,นักศึกษา,2023-12-23,2024-01-26,3,4,120.0,P-SOU-001,4,น้ำเปล่า
C13514,นักศึกษา,2023-12-19,2024-01-28,9,13,370.0,P-SOU-002,7,น้ำแข็ง
C13515,นักศึกษา,2023-12-19,2024-01-30,37,71,3028.0,P-TEA-001,25,ชาเขียว (เย็น)
C13516,นักศึกษา,2023-12-21,2024-01-29,7,21,648.0,P-SFT-007,14,แฟนต้า น้ำส้ม
C13517,นักศึกษา,2023-12-20,2024-01-30,10,13,410.0,P-SNK-012,8,ปาปีก้า
C13518,นักศึกษา,2024-01-05,2024-01-23,3,4,165.0,P-COC-011,4,โกโก้ (ร้อน)
C13519,นักศึกษา,2024-01-14,2024-01-28,4,4,193.0,P-COF-005,3,เอสเปรสโซ่ (เย็น)
C13520,นักศึกษา,2023-12-22,2024-01-26,9,11,354.0,P-SNK-019,9,ซันไบทส์
C13521,นักศึกษา,2023-12-21,2024-01-29,10,14,505.0,P-COC-001,11,ช็อคโกแลต (เย็น)
C13522,นักศึกษา,2023-12-23,2024-01-30,6,7,325.0,P-TEA-006,5,ชาน้ำผึ้งมะนาว (เย็น)
C13523,นักศึกษา,2023-12-21,2024-01-29,13,17,579.0,P-SNK-014,13,ขนมทวิสโก้
C13524,นักศึกษา,2023-12-22,2024-01-21,5,8,265.0,P-SOU-001,6,น้ำเปล่า
C13525,นักศึกษา,2023-12-22,2024-01-23,4,6,195.0,P-SNK-004,5,โคอะล่ามาร์ช
C13526,นักศึกษา,2023-12-24,2024-01-30,7,11,344.0,P-SNK-007,10,ตะวัน
C13527,นักศึกษา,2023-12-23,2024-01-18,4,6,295.0,P-TEA-015,4,ชากุหลาบน้ำผึ้งมะนาว (เย็น)
C13528,นักศึกษา,2023-12-22,2024-01-25,10,17,732.0,P-COF-008,10,อเมริกาโน่ (ร้อน)
C13529,นักศึกษา,2023-12-24,2024-01-27,8,10,460.0,P-COF-001,6,อเมริกาโน่ (เย็น)
C13530,นักศึกษา,2023-12-25,2024-01-20,3,5,125.0,P-COF-001,3,อเมริกาโน่ (เย็น)
C13531,นักศึกษา,2023-12-22,2024-01-22,5,10,324.0,P-BAK-002,9,บราวนี่
C13532,นักศึกษา,2023-12-27,2024-01-30,13,21,725.0,P-TOP-001,14,วุ้นบุก
C13533,นักศึกษา,2023-12-23,2024-01-31,12,28,1140.0,P-TOP-001,15,วุ้นบุก
C13534,นักศึกษา,2023-12-25,2024-01-20,5,10,365.0,P-COF-020,9,มอคค่า (ร้อน)
C13535,นักศึกษา,2023-12-23,2024-01-30,22,34,1065.0,P-NDL-001,15,มาม่า
C13536,นักศึกษา,2024-01-03,2024-01-15,3,5,224.0,P-SOD-005,5,แดงมะนาว
C13537,นักศึกษา,2023-12-23,2024-01-30,9,11,505.0,P-COC-002,7,โกโก้ (เย็น)
C13538,นักศึกษา,2023-12-28,2024-01-31,15,21,710.0,P-NDL-004,13,โจ๊ก
C13539,นักศึกษา,2023-12-24,2024-01-29,14,20,626.0,P-COF-003,12,คาปูชิโน่ (เย็น)
C13540,นักศึกษา,2023-12-27,2024-01-25,8,18,639.0,P-NDL-003,13,ไวไว
C13541,นักศึกษา,2024-01-10,2024-01-25,2,3,110.0,P-COC-002,3,โกโก้ (เย็น)
C13542,นักศึกษา,2023-12-24,2024-01-30,21,28,997.0,P-BAK-007,15,มาการอง
C13543,นักศึกษา,2023-12-28,2024-01-23,2,2,65.0,P-NDL-001,2,มาม่า
C13544,นักศึกษา,2024-01-08,2024-01-09,2,2,95.0,P-COF-004,2,อเมริกาโน่ส้ม
C13545,นักศึกษา,2023-12-24,2024-01-29,8,9,330.0,P-TEA-001,6,ชาเขียว (เย็น)
C13546,นักศึกษา,2024-01-06,2024-01-27,7,11,515.0,P-COC-001,5,ช็อคโกแลต (เย็น)
C13547,นักศึกษา,2024-01-02,2024-01-22,6,6,200.0,P-TEA-001,5,ชาเขียว (เย็น)
C13548,นักศึกษา,2023-12-25,2024-01-24,8,12,294.0,P-SNK-002,6,ป็อกกี้
C13549,นักศึกษา,2023-12-25,2024-01-29,10,16,495.0,P-TEA-002,11,ชาซีลอน (เย็น)
C13550,นักศึกษา,2024-01-05,2024-01-29,5,5,205.0,P-TEA-005,3,ชาพีช (เย็น)
C13551,นักศึกษา,2024-01-11,2024-01-23,5,9,300.0,P-FOD-001,8,แซนวิชโบราณ
C13552,นักศึกษา,2023-12-27,2024-01-30,14,21,893.0,P-COF-011,11,คาราเมลมัคคีอาโต้
C13553,นักศึกษา,2024-01-08,2024-01-28,6,6,200.0,P-SNK-001,5,ขนมเลย์
C13554,นักศึกษา,2024-01-03,2024-01-30,6,7,348.0,P-BAK-016,6,มินิเค้กสดสตรอเบอรี่
C13555,นักศึกษา,2024-01-31,2024-01-31,1,1,45.0,P-COF-001,1,อเมริกาโน่ (เย็น)
C13556,นักศึกษา,2024-01-02,2024-01-24,6,10,370.0,P-NDL-004,8,โจ๊ก
C13557,นักศึกษา,2024-01-02,2024-01-30,5,7,205.0,P-SNK-005,6,คอนเน่
C13558,นักศึกษา,2024-01-10,2024-01-22,2,3,164.0,P-TEA-021,3,ชาซีลอน (ร้อน)
C13559,นักศึกษา,2024-01-05,2024-01-17,2,3,135.0,P-BAK-008,3,เค้กช็อคหน้านิ่ม
C13560,นักศึกษา,2023-12-28,2024-01-29,12,15,602.0,P-FOD-002,9,ข้าวกล่อง
C13561,นักศึกษา,2023-12-28,2024-01-31,25,30,1343.0,P-COF-001,15,อเมริกาโน่ (เย็น)
C13562,นักศึกษา,2024-01-02,2024-01-25,6,6,215.0,P-SOU-001,5,น้ำเปล่า
C13563,นักศึกษา,2024-01-03,2024-01-30,10,10,395.0,P-COF-007,10,อเมริกาโน่น้ำผึ้งมะนาว
C13564,นักศึกษา,2023-12-28,2024-01-30,7,13,490.0,P-COC-006,8,โกโก้ (ปั่น)
C13565,นักศึกษา,2024-01-13,2024-01-26,2,4,139.0,P-COC-011,3,โกโก้ (ร้อน)
C13566,นักศึกษา,2024-01-10,2024-01-26,5,7,250.0,P-COC-010,6,นมสด (ปั่น)
C13567,นักศึกษา,2024-01-12,2024-01-29,6,7,275.0,P-COF-002,6,ลาเต้ (เย็น)
C13568,นักศึกษา,2024-01-02,2024-01-28,5,7,290.0,P-TEA-002,5,ชาซีลอน (เย็น)
C13569,นักศึกษา,2024-01-04,2024-01-29,2,2,100.0,P-COF-015,2,คาปูชิโน่ (ปั่น)
C13570,นักศึกษา,2024-01-08,2024-01-31,8,9,369.0,P-SFT-001,7,โค้ก ออริจินอล
C13571,นักศึกษา,2024-01-06,2024-01-31,10,15,613.0,P-COF-003,11,คาปูชิโน่ (เย็น)
C13572,นักศึกษา,2024-01-11,2024-01-16,2,2,70.0,P-COC-013,2,สตรอเบอรี่นมสด
C13573,นักศึกษา,2024-01-02,2024-01-23,8,11,470.0,P-COF-016,6,อเมริกาโน่น้ำผึ้ง
C13574,นักศึกษา,2024-01-02,2024-01-30,6,6,180.0,P-TEA-001,5,ชาเขียว (เย็น)
C13575,นักศึกษา,2024-01-03,2024-01-26,5,10,255.0,P-SNK-002,8,ป็อกกี้
C13576,นักศึกษา,2024-01-09,2024-01-15,2,2,40.0,P-SNK-007,2,ตะวัน
C13577,นักศึกษา,2024-01-02,2024-01-24,6,9,413.0,P-BAK-006,6,บานอฟฟี่
C13578,นักศึกษา,2024-01-05,2024-01-27,7,11,415.0,P-TEA-001,6,ชาเขียว (เย็น)
C13579,นักศึกษา,2024-01-04,2024-01-04,1,1,55.0,P-TEA-003,1,ชาเขียว (ปั่น)
C13580,นักศึกษา,2024-01-07,2024-01-26,2,3,115.0,P-COC-002,3,โกโก้ (เย็น)
C13581,นักศึกษา,2024-01-10,2024-01-16,3,4,115.0,P-FOD-001,4,แซนวิชโบราณ
C13582,นักศึกษา,2024-01-10,2024-01-30,3,3,120.0,P-SNK-001,3,ขนมเลย์
C13583,นักศึกษา,2024-01-06,2024-01-14,6,12,495.0,P-COF-001,8,อเมริกาโน่ (เย็น)
C13584,นักศึกษา,2024-01-05,2024-01-22,7,9,305.0,P-COF-003,4,คาปูชิโน่ (เย็น)
C13585,นักศึกษา,2024-01-05,2024-01-26,6,8,255.0,P-BAK-007,7,มาการอง
G50001,ผู้มาเยือน (ซื้อครั้งเดียว),2022-08-01,2022-08-01,1,1,20.0,P-NDL-001,1,มาม่า
G50002,ผู้มาเยือน (ซื้อครั้งเดียว),2022-08-01,2022-08-01,1,1,79.0,P-BAK-003,1,เค้ก
G50003,ผู้มาเยือน (ซื้อครั้งเดียว),2022-08-02,2022-08-02,1,2,110.0,P-COC-003,1,ช็อคโกแลต (ปั่น)
G50004,ผู้มาเยือน (ซื้อครั้งเดียว),2022-08-02,2022-08-02,1,1,50.0,P-TEA-007,1,ชามะนาว (เย็น)
G50005,ผู้มาเยือน (ซื้อครั้งเดียว),2022-08-02,2022-08-02,1,2,90.0,P-TEA-001,1,ชาเขียว (เย็น)
G50006,ผู้มาเยือน (ซื้อครั้งเดียว),2022-08-02,2022-08-02,1,2,95.0,P-COC-002,2,โกโก้ (เย็น)
G50007,ผู้มาเยือน (ซื้อครั้งเดียว),2022-08-02,2022-08-02,1,1,50.0,P-COF-005,1,เอสเปรสโซ่ (เย็น)
G50008,ผู้มาเยือน (ซื้อครั้งเดียว),2022-08-02,2022-08-02,1,1,50.0,P-COF-005,1,เอสเปรสโซ่ (เย็น)
G50009,ผู้มาเยือน (ซื้อครั้งเดียว),2022-08-02,2022-08-02,1,1,50.0,P-TEA-034,1,ชาอัญชันมะนาว (เย็น)
G50010,ผู้มาเยือน (ซื้อครั้งเดียว),2022-08-02,2022-08-02,1,3,120.0,P-SOU-002,3,น้ำแข็ง
G50011,ผู้มาเยือน (ซื้อครั้งเดียว),2022-08-02,2022-08-02,1,1,45.0,P-TEA-001,1,ชาเขียว (เย็น)
G50012,ผู้มาเยือน (ซื้อครั้งเดียว),2022-08-02,2022-08-02,1,1,65.0,P-BAK-018,1,คอนเฟรก
G50013,ผู้มาเยือน (ซื้อครั้งเดียว),2022-08-03,2022-08-03,1,1,29.0,P-BAK-010,1,ขนมปังกรอบ
G50014,ผู้มาเยือน (ซื้อครั้งเดียว),2022-08-03,2022-08-03,1,1,45.0,P-TEA-001,1,ชาเขียว (เย็น)
G50015,ผู้มาเยือน (ซื้อครั้งเดียว),2022-08-03,2022-08-03,1,2,124.0,P-COF-001,2,อเมริกาโน่ (เย็น)
G50016,ผู้มาเยือน (ซื้อครั้งเดียว),2022-08-03,2022-08-03,1,1,40.0,P-TEA-022,1,ชาน้ำผึ้งมะนาว (ร้อน)
G50017,ผู้มาเยือน (ซื้อครั้งเดียว),2022-08-03,2022-08-03,1,1,50.0,P-COF-005,1,เอสเปรสโซ่ (เย็น)
G50018,ผู้มาเยือน (ซื้อครั้งเดียว),2022-08-03,2022-08-03,1,1,45.0,P-COC-004,1,นมสด (เย็น)
G50019,ผู้มาเยือน (ซื้อครั้งเดียว),2022-08-04,2022-08-04,1,2,90.0,P-COF-003,2,คาปูชิโน่ (เย็น)
G50020,ผู้มาเยือน (ซื้อครั้งเดียว),2022-08-04,2022-08-04,1,1,20.0,P-NDL-001,1,มาม่า
G50021,ผู้มาเยือน (ซื้อครั้งเดียว),2022-08-04,2022-08-04,1,1,55.0,P-TEA-003,1,ชาเขียว (ปั่น)
G50022,ผู้มาเยือน (ซื้อครั้งเดียว),2022-08-04,2022-08-04,1,2,100.0,P-TEA-001,2,ชาเขียว (เย็น)
G50023,ผู้มาเยือน (ซื้อครั้งเดียว),2022-08-04,2022-08-04,1,1,49.0,P-BAK-052,1,ขนมกง
G50024,ผู้มาเยือน (ซื้อครั้งเดียว),2022-08-04,2022-08-04,1,1,45.0,P-COC-004,1,นมสด (เย็น)
G50025,ผู้มาเยือน (ซื้อครั้งเดียว),2022-08-04,2022-08-04,1,1,55.0,P-COC-003,1,ช็อคโกแลต (ปั่น)
G50026,ผู้มาเยือน (ซื้อครั้งเดียว),2022-08-04,2022-08-04,1,1,20.0,P-NDL-001,1,มาม่า
G50027,ผู้มาเยือน (ซื้อครั้งเดียว),2022-08-04,2022-08-04,1,1,50.0,P-COF-011,1,คาราเมลมัคคีอาโต้
G50028,ผู้มาเยือน (ซื้อครั้งเดียว),2022-08-05,2022-08-05,1,1,45.0,P-TEA-012,1,ชามะนาว
G50029,ผู้มาเยือน (ซื้อครั้งเดียว),2022-08-05,2022-08-05,1,1,79.0,P-BAK-003,1,เค้ก
G50030,ผู้มาเยือน (ซื้อครั้งเดียว),2022-08-05,2022-08-05,1,1,50.0,P-TEA-011,1,ชาเขียวมะนาว
G50031,ผู้มาเยือน (ซื้อครั้งเดียว),2022-08-05,2022-08-05,1,2,124.0,P-COC-009,2,นมชมพู(นมเย็น)
G50032,ผู้มาเยือน (ซื้อครั้งเดียว),2022-08-05,2022-08-05,1,1,50.0,P-COF-011,1,คาราเมลมัคคีอาโต้
G50033,ผู้มาเยือน (ซื้อครั้งเดียว),2022-08-05,2022-08-05,1,1,45.0,P-SOD-005,1,แดงมะนาว
G50034,ผู้มาเยือน (ซื้อครั้งเดียว),2022-08-05,2022-08-05,1,1,45.0,P-COF-002,1,ลาเต้ (เย็น)
G50035,ผู้มาเยือน (ซื้อครั้งเดียว),2022-08-05,2022-08-05,1,1,65.0,P-BAK-018,1,คอนเฟรก
G50036,ผู้มาเยือน (ซื้อครั้งเดียว),2022-08-06,2022-08-06,1,1,45.0,P-SOD-002,1,เลม่อนผสมน้ำผึ้ง
G50037,ผู้มาเยือน (ซื้อครั้งเดียว),2022-08-06,2022-08-06,1,4,185.0,P-COF-006,3,อเมริกาโน่ช่อมะพร้าว
G50038,ผู้มาเยือน (ซื้อครั้งเดียว),2022-08-07,2022-08-07,1,1,29.0,P-BAK-010,1,ขนมปังกรอบ
G50039,ผู้มาเยือน (ซื้อครั้งเดียว),2022-08-08,2022-08-08,1,1,45.0,P-COF-001,1,อเมริกาโน่ (เย็น)
G50040,ผู้มาเยือน (ซื้อครั้งเดียว),2022-08-08,2022-08-08,1,2,90.0,P-COF-001,1,อเมริกาโน่ (เย็น)
G50041,ผู้มาเยือน (ซื้อครั้งเดียว),2022-08-08,2022-08-08,1,1,50.0,P-COC-002,1,โกโก้ (เย็น)
G50042,ผู้มาเยือน (ซื้อครั้งเดียว),2022-08-08,2022-08-08,1,1,50.0,P-TEA-020,1,ชากุหลาบน้ำผึ้งมะนาว
G50043,ผู้มาเยือน (ซื้อครั้งเดียว),2022-08-08,2022-08-08,1,4,190.0,P-COC-002,4,โกโก้ (เย็น)
G50044,ผู้มาเยือน (ซื้อครั้งเดียว),2022-08-08,2022-08-08,1,1,50.0,P-COC-002,1,โกโก้ (เย็น)
G50045,ผู้มาเยือน (ซื้อครั้งเดียว),2022-08-08,2022-08-08,1,2,55.0,P-SOU-001,2,น้ำเปล่า
G50046,ผู้มาเยือน (ซื้อครั้งเดียว),2022-08-08,2022-08-08,1,1,45.0,P-SOD-001,1,สตรอเบอรี่
G50047,ผู้มาเยือน (ซื้อครั้งเดียว),2022-08-09,2022-08-09,1,1,45.0,P-COC-004,1,นมสด (เย็น)
G50048,ผู้มาเยือน (ซื้อครั้งเดียว),2022-08-09,2022-08-09,1,1,40.0,P-COC-012,1,ช็อคโกแลต (ร้อน)
G50049,ผู้มาเยือน (ซื้อครั้งเดียว),2022-08-09,2022-08-09,1,1,50.0,P-COF-011,1,คาราเมลมัคคีอาโต้
G50050,ผู้มาเยือน (ซื้อครั้งเดียว),2022-08-09,2022-08-09,1,1,50.0,P-TEA-004,1,ชามัทฉะ (เย็น)
G50051,ผู้มาเยือน (ซื้อครั้งเดียว),2022-08-09,2022-08-09,1,2,20.0,P-SOU-001,1,น้ำเปล่า
G50052,ผู้มาเยือน (ซื้อครั้งเดียว),2022-08-09,2022-08-09,1,2,70.0,P-COC-001,2,ช็อคโกแลต (เย็น)
G50053,ผู้มาเยือน (ซื้อครั้งเดียว),2022-08-09,2022-08-09,1,1,55.0,P-SMT-005,1,สมูตตี้ บลูเบอรี่
G50054,ผู้มาเยือน (ซื้อครั้งเดียว),2022-08-10,2022-08-10,1,1,45.0,P-SOD-007,1,บลูเบอรี่
G50055,ผู้มาเยือน (ซื้อครั้งเดียว),2022-08-10,2022-08-10,1,1,55.0,P-TEA-003,1,ชาเขียว (ปั่น)
G50056,ผู้มาเยือน (ซื้อครั้งเดียว),2022-08-10,2022-08-10,1,1,45.0,P-TEA-002,1,ชาซีลอน (เย็น)
G50057,ผู้มาเยือน (ซื้อครั้งเดียว),2022-08-10,2022-08-10,1,1,50.0,P-COF-005,1,เอสเปรสโซ่ (เย็น)
G50058,ผู้มาเยือน (ซื้อครั้งเดียว),2022-08-10,2022-08-10,1,1,45.0,P-TEA-012,1,ชามะนาว
G50059,ผู้มาเยือน (ซื้อครั้งเดียว),2022-08-10,2022-08-10,1,1,45.0,P-TEA-014,1,ชาเขียวดำ (เย็น)
G50060,ผู้มาเยือน (ซื้อครั้งเดียว),2022-08-10,2022-08-10,1,1,20.0,P-NDL-004,1,โจ๊ก
G50061,ผู้มาเยือน (ซื้อครั้งเดียว),2022-08-10,2022-08-10,1,1,45.0,P-TEA-006,1,ชาน้ำผึ้งมะนาว (เย็น)
G50062,ผู้มาเยือน (ซื้อครั้งเดียว),2022-08-10,2022-08-10,1,2,45.0,P-BAK-051,2,กรีบลำดวน
G50063,ผู้มาเยือน (ซื้อครั้งเดียว),2022-08-11,2022-08-11,1,1,10.0,P-SOU-001,1,น้ำเปล่า
G50064,ผู้มาเยือน (ซื้อครั้งเดียว),2022-08-11,2022-08-11,1,4,180.0,P-COC-004,3,นมสด (เย็น)
G50065,ผู้มาเยือน (ซื้อครั้งเดียว),2022-08-11,2022-08-11,1,1,20.0,P-NDL-001,1,มาม่า
G50066,ผู้มาเยือน (ซื้อครั้งเดียว),2022-08-11,2022-08-11,1,1,10.0,P-SOU-001,1,น้ำเปล่า
G50067,ผู้มาเยือน (ซื้อครั้งเดียว),2022-08-12,2022-08-12,1,1,45.0,P-TEA-001,1,ชาเขียว (เย็น)
G50068,ผู้มาเยือน (ซื้อครั้งเดียว),2022-08-12,2022-08-12,1,4,115.0,P-BAK-043,3,ขนมเปี๊ยะเล็ก
G50069,ผู้มาเยือน (ซื้อครั้งเดียว),2022-08-13,2022-08-13,1,1,45.0,P-COF-001,1,อเมริกาโน่ (เย็น)
G50070,ผู้มาเยือน (ซื้อครั้งเดียว),2022-08-13,2022-08-13,1,1,50.0,P-TEA-020,1,ชากุหลาบน้ำผึ้งมะนาว
G50071,ผู้มาเยือน (ซื้อครั้งเดียว),2022-08-14,2022-08-14,1,1,45.0,P-TEA-002,1,ชาซีลอน (เย็น)
G50072,ผู้มาเยือน (ซื้อครั้งเดียว),2022-08-14,2022-08-14,1,1,79.0,P-BAK-022,1,คุกกี้ไข่เค็ม
G50073,ผู้มาเยือน (ซื้อครั้งเดียว),2022-08-14,2022-08-14,1,1,50.0,P-TEA-011,1,ชาเขียวมะนาว
G50074,ผู้มาเยือน (ซื้อครั้งเดียว),2022-08-14,2022-08-14,1,1,55.0,P-TEA-003,1,ชาเขียว (ปั่น)
G50075,ผู้มาเยือน (ซื้อครั้งเดียว),2022-08-14,2022-08-14,1,1,45.0,P-COC-009,1,นมชมพู(นมเย็น)
G50076,ผู้มาเยือน (ซื้อครั้งเดียว),2022-08-14,2022-08-14,1,1,20.0,P-NDL-001,1,มาม่า
G50077,ผู้มาเยือน (ซื้อครั้งเดียว),2022-08-15,2022-08-15,1,1,50.0,P-COF-007,1,อเมริกาโน่น้ำผึ้งมะนาว
G50078,ผู้มาเยือน (ซื้อครั้งเดียว),2022-08-15,2022-08-15,1,2,100.0,P-SMT-001,2,สมูตตี้ สตรอเบอรี่
G50079,ผู้มาเยือน (ซื้อครั้งเดียว),2022-08-15,2022-08-15,1,1,45.0,P-COF-002,1,ลาเต้ (เย็น)
G50080,ผู้มาเยือน (ซื้อครั้งเดียว),2022-08-15,2022-08-15,1,1,50.0,P-COC-001,1,ช็อคโกแลต (เย็น)
G50081,ผู้มาเยือน (ซื้อครั้งเดียว),2022-08-15,2022-08-15,1,1,20.0,P-OTH-001,1,น้ำอัดลม
G50082,ผู้มาเยือน (ซื้อครั้งเดียว),2022-08-15,2022-08-15,1,1,20.0,P-BAK-001,1,ขนมซอง
G50083,ผู้มาเยือน (ซื้อครั้งเดียว),2022-08-16,2022-08-16,1,2,100.0,P-COF-007,2,อเมริกาโน่น้ำผึ้งมะนาว
G50084,ผู้มาเยือน (ซื้อครั้งเดียว),2022-08-16,2022-08-16,1,1,50.0,P-COC-001,1,ช็อคโกแลต (เย็น)
G50085,ผู้มาเยือน (ซื้อครั้งเดียว),2022-08-16,2022-08-16,1,1,20.0,P-SNK-002,1,ป็อกกี้
G50086,ผู้มาเยือน (ซื้อครั้งเดียว),2022-08-16,2022-08-16,1,1,10.0,P-SOU-001,1,น้ำเปล่า
G50087,ผู้มาเยือน (ซื้อครั้งเดียว),2022-08-16,2022-08-16,1,2,85.0,P-COC-012,2,ช็อคโกแลต (ร้อน)
G50088,ผู้มาเยือน (ซื้อครั้งเดียว),2022-08-16,2022-08-16,1,1,45.0,P-COF-001,1,อเมริกาโน่ (เย็น)
G50089,ผู้มาเยือน (ซื้อครั้งเดียว),2022-08-16,2022-08-16,1,2,40.0,P-NDL-001,1,มาม่า
G50090,ผู้มาเยือน (ซื้อครั้งเดียว),2022-08-16,2022-08-16,1,1,55.0,P-COC-006,1,โกโก้ (ปั่น)
G50091,ผู้มาเยือน (ซื้อครั้งเดียว),2022-08-17,2022-08-17,1,1,45.0,P-TEA-002,1,ชาซีลอน (เย็น)
G50092,ผู้มาเยือน (ซื้อครั้งเดียว),2022-08-17,2022-08-17,1,2,100.0,P-COC-009,2,นมชมพู(นมเย็น)
G50093,ผู้มาเยือน (ซื้อครั้งเดียว),2022-08-17,2022-08-17,1,1,45.0,P-COC-004,1,นมสด (เย็น)
G50094,ผู้มาเยือน (ซื้อครั้งเดียว),2022-08-17,2022-08-17,1,2,100.0,P-COC-001,2,ช็อคโกแลต (เย็น)
G50095,ผู้มาเยือน (ซื้อครั้งเดียว),2022-08-17,2022-08-17,1,1,50.0,P-COC-001,1,ช็อคโกแลต (เย็น)
G50096,ผู้มาเยือน (ซื้อครั้งเดียว),2022-08-18,2022-08-18,1,2,119.0,P-BAK-031,2,กล้วยอบน้ำผึ้ง
G50097,ผู้มาเยือน (ซื้อครั้งเดียว),2022-08-18,2022-08-18,1,1,50.0,P-TEA-009,1,ชากุหลาบนมสด
G50098,ผู้มาเยือน (ซื้อครั้งเดียว),2022-08-18,2022-08-18,1,1,79.0,P-BAK-003,1,เค้ก
G50099,ผู้มาเยือน (ซื้อครั้งเดียว),2022-08-18,2022-08-18,1,1,45.0,P-COC-004,1,นมสด (เย็น)
G50100,ผู้มาเยือน (ซื้อครั้งเดียว),2022-08-18,2022-08-18,1,1,55.0,P-COF-015,1,คาปูชิโน่ (ปั่น)
G50101,ผู้มาเยือน (ซื้อครั้งเดียว),2022-08-18,2022-08-18,1,1,10.0,P-SOU-001,1,น้ำเปล่า
G50102,ผู้มาเยือน (ซื้อครั้งเดียว),2022-08-18,2022-08-18,1,2,89.0,P-BAK-003,2,เค้ก
G50103,ผู้มาเยือน (ซื้อครั้งเดียว),2022-08-19,2022-08-19,1,2,100.0,P-COF-004,2,อเมริกาโน่ส้ม
G50104,ผู้มาเยือน (ซื้อครั้งเดียว),2022-08-19,2022-08-19,1,4,175.0,P-COF-001,3,อเมริกาโน่ (เย็น)
G50105,ผู้มาเยือน (ซื้อครั้งเดียว),2022-08-19,2022-08-19,1,1,45.0,P-TEA-001,1,ชาเขียว (เย็น)
G50106,ผู้มาเยือน (ซื้อครั้งเดียว),2022-08-19,2022-08-19,1,1,20.0,P-BAK-001,1,ขนมซอง
G50107,ผู้มาเยือน (ซื้อครั้งเดียว),2022-08-19,2022-08-19,1,1,40.0,P-TEA-019,1,ชาเขียว (ร้อน)
G50108,ผู้มาเยือน (ซื้อครั้งเดียว),2022-08-19,2022-08-19,1,4,210.0,P-COC-003,3,ช็อคโกแลต (ปั่น)
G50109,ผู้มาเยือน (ซื้อครั้งเดียว),2022-08-20,2022-08-20,1,1,45.0,P-TEA-006,1,ชาน้ำผึ้งมะนาว (เย็น)
G50110,ผู้มาเยือน (ซื้อครั้งเดียว),2022-08-20,2022-08-20,1,2,70.0,P-COC-001,2,ช็อคโกแลต (เย็น)
G50111,ผู้มาเยือน (ซื้อครั้งเดียว),2022-08-20,2022-08-20,1,1,55.0,P-COF-022,1,ลาเต้ (ปั่น)
G50112,ผู้มาเยือน (ซื้อครั้งเดียว),2022-08-20,2022-08-20,1,1,50.0,P-COF-005,1,เอสเปรสโซ่ (เย็น)
G50113,ผู้มาเยือน (ซื้อครั้งเดียว),2022-08-20,2022-08-20,1,1,45.0,P-TEA-012,1,ชามะนาว
G50114,ผู้มาเยือน (ซื้อครั้งเดียว),2022-08-20,2022-08-20,1,2,110.0,P-BAK-018,2,คอนเฟรก
G50115,ผู้มาเยือน (ซื้อครั้งเดียว),2022-08-20,2022-08-20,1,1,45.0,P-COF-002,1,ลาเต้ (เย็น)
G50116,ผู้มาเยือน (ซื้อครั้งเดียว),2022-08-20,2022-08-20,1,2,134.0,P-BAK-003,2,เค้ก
G50117,ผู้มาเยือน (ซื้อครั้งเดียว),2022-08-20,2022-08-20,1,1,45.0,P-COC-004,1,นมสด (เย็น)
G50118,ผู้มาเยือน (ซื้อครั้งเดียว),2022-08-20,2022-08-20,1,1,50.0,P-COC-001,1,ช็อคโกแลต (เย็น)
G50119,ผู้มาเยือน (ซื้อครั้งเดียว),2022-08-21,2022-08-21,1,2,90.0,P-COF-001,1,อเมริกาโน่ (เย็น)
G50120,ผู้มาเยือน (ซื้อครั้งเดียว),2022-08-21,2022-08-21,1,1,45.0,P-TEA-002,1,ชาซีลอน (เย็น)
G50121,ผู้มาเยือน (ซื้อครั้งเดียว),2022-08-21,2022-08-21,1,2,90.0,P-TEA-010,2,ชาซีลอนดำ (เย็น)
G50122,ผู้มาเยือน (ซื้อครั้งเดียว),2022-08-21,2022-08-21,1,1,55.0,P-COC-003,1,ช็อคโกแลต (ปั่น)
G50123,ผู้มาเยือน (ซื้อครั้งเดียว),2022-08-22,2022-08-22,1,2,60.0,P-COC-011,2,โกโก้ (ร้อน)
G50124,ผู้มาเยือน (ซื้อครั้งเดียว),2022-08-22,2022-08-22,1,1,45.0,P-COC-004,1,นมสด (เย็น)
G50125,ผู้มาเยือน (ซื้อครั้งเดียว),2022-08-22,2022-08-22,1,1,45.0,P-TEA-001,1,ชาเขียว (เย็น)
G50126,ผู้มาเยือน (ซื้อครั้งเดียว),2022-08-22,2022-08-22,1,1,55.0,P-COC-007,1,นมสดคาราเมล (ปั่น)
G50127,ผู้มาเยือน (ซื้อครั้งเดียว),2022-08-22,2022-08-22,1,2,90.0,P-COF-001,2,อเมริกาโน่ (เย็น)
G50128,ผู้มาเยือน (ซื้อครั้งเดียว),2022-08-22,2022-08-22,1,1,50.0,P-COC-002,1,โกโก้ (เย็น)
G50129,ผู้มาเยือน (ซื้อครั้งเดียว),2022-08-22,2022-08-22,1,3,140.0,P-COC-004,3,นมสด (เย็น)
G50130,ผู้มาเยือน (ซื้อครั้งเดียว),2022-08-22,2022-08-22,1,3,165.0,P-COC-010,2,นมสด (ปั่น)
G50131,ผู้มาเยือน (ซื้อครั้งเดียว),2022-08-22,2022-08-22,1,1,55.0,P-TEA-018,1,ชาซีลอน (ปั่น)
G50132,ผู้มาเยือน (ซื้อครั้งเดียว),2022-08-22,2022-08-22,1,1,55.0,P-SMT-011,1,สมูตตี้ กีวี่
G50133,ผู้มาเยือน (ซื้อครั้งเดียว),2022-08-22,2022-08-22,1,1,50.0,P-COF-009,1,มอคค่า (เย็น)
G50134,ผู้มาเยือน (ซื้อครั้งเดียว),2022-08-23,2022-08-23,1,1,45.0,P-COF-002,1,ลาเต้ (เย็น)
G50135,ผู้มาเยือน (ซื้อครั้งเดียว),2022-08-23,2022-08-23,1,1,45.0,P-TEA-001,1,ชาเขียว (เย็น)
G50136,ผู้มาเยือน (ซื้อครั้งเดียว),2022-08-23,2022-08-23,1,1,40.0,P-COC-014,1,นมสด (ร้อน)
G50137,ผู้มาเยือน (ซื้อครั้งเดียว),2022-08-23,2022-08-23,1,3,155.0,P-COC-003,3,ช็อคโกแลต (ปั่น)
G50138,ผู้มาเยือน (ซื้อครั้งเดียว),2022-08-23,2022-08-23,1,1,55.0,P-TEA-003,1,ชาเขียว (ปั่น)
G50139,ผู้มาเยือน (ซื้อครั้งเดียว),2022-08-23,2022-08-23,1,1,45.0,P-COC-004,1,นมสด (เย็น)
G50140,ผู้มาเยือน (ซื้อครั้งเดียว),2022-08-23,2022-08-23,1,1,20.0,P-NDL-001,1,มาม่า
G50141,ผู้มาเยือน (ซื้อครั้งเดียว),2022-08-23,2022-08-23,1,1,50.0,P-COC-002,1,โกโก้ (เย็น)
G50142,ผู้มาเยือน (ซื้อครั้งเดียว),2022-08-23,2022-08-23,1,1,10.0,P-SOU-001,1,น้ำเปล่า
G50143,ผู้มาเยือน (ซื้อครั้งเดียว),2022-08-23,2022-08-23,1,1,45.0,P-SOD-004,1,พีช
G50144,ผู้มาเยือน (ซื้อครั้งเดียว),2022-08-23,2022-08-23,1,2,124.0,P-BAK-003,2,เค้ก
G50145,ผู้มาเยือน (ซื้อครั้งเดียว),2022-08-23,2022-08-23,1,2,90.0,P-COF-002,2,ลาเต้ (เย็น)
G50146,ผู้มาเยือน (ซื้อครั้งเดียว),2022-08-23,2022-08-23,1,3,115.0,P-COC-009,3,นมชมพู(นมเย็น)
G50147,ผู้มาเยือน (ซื้อครั้งเดียว),2022-08-23,2022-08-23,1,1,45.0,P-TEA-001,1,ชาเขียว (เย็น)
G50148,ผู้มาเยือน (ซื้อครั้งเดียว),2022-08-24,2022-08-24,1,1,55.0,P-TEA-003,1,ชาเขียว (ปั่น)
G50149,ผู้มาเยือน (ซื้อครั้งเดียว),2022-08-24,2022-08-24,1,2,30.0,P-BAK-001,2,ขนมซอง
G50150,ผู้มาเยือน (ซื้อครั้งเดียว),2022-08-24,2022-08-24,1,1,50.0,P-COF-004,1,อเมริกาโน่ส้ม
G50151,ผู้มาเยือน (ซื้อครั้งเดียว),2022-08-24,2022-08-24,1,2,110.0,P-TEA-003,1,ชาเขียว (ปั่น)
G50152,ผู้มาเยือน (ซื้อครั้งเดียว),2022-08-24,2022-08-24,1,1,50.0,P-COC-002,1,โกโก้ (เย็น)
G50153,ผู้มาเยือน (ซื้อครั้งเดียว),2022-08-24,2022-08-24,1,1,50.0,P-COC-001,1,ช็อคโกแลต (เย็น)
G50154,ผู้มาเยือน (ซื้อครั้งเดียว),2022-08-25,2022-08-25,1,1,45.0,P-TEA-002,1,ชาซีลอน (เย็น)
G50155,ผู้มาเยือน (ซื้อครั้งเดียว),2022-08-25,2022-08-25,1,1,45.0,P-TEA-001,1,ชาเขียว (เย็น)
G50156,ผู้มาเยือน (ซื้อครั้งเดียว),2022-08-25,2022-08-25,1,2,30.0,P-SOU-001,2,น้ำเปล่า
G50157,ผู้มาเยือน (ซื้อครั้งเดียว),2022-08-25,2022-08-25,1,5,235.0,P-COC-001,4,ช็อคโกแลต (เย็น)
G50158,ผู้มาเยือน (ซื้อครั้งเดียว),2022-08-25,2022-08-25,1,1,10.0,P-SOU-001,1,น้ำเปล่า
G50159,ผู้มาเยือน (ซื้อครั้งเดียว),2022-08-25,2022-08-25,1,3,179.0,P-TEA-005,3,ชาพีช (เย็น)
G50160,ผู้มาเยือน (ซื้อครั้งเดียว),2022-08-25,2022-08-25,1,1,20.0,P-NDL-001,1,มาม่า
G50161,ผู้มาเยือน (ซื้อครั้งเดียว),2022-08-25,2022-08-25,1,2,129.0,P-BAK-003,2,เค้ก
G50162,ผู้มาเยือน (ซื้อครั้งเดียว),2022-08-25,2022-08-25,1,1,55.0,P-TEA-003,1,ชาเขียว (ปั่น)
G50163,ผู้มาเยือน (ซื้อครั้งเดียว),2022-08-25,2022-08-25,1,1,45.0,P-COF-001,1,อเมริกาโน่ (เย็น)
G50164,ผู้มาเยือน (ซื้อครั้งเดียว),2022-08-26,2022-08-26,1,1,40.0,P-COF-008,1,อเมริกาโน่ (ร้อน)
G50165,ผู้มาเยือน (ซื้อครั้งเดียว),2022-08-26,2022-08-26,1,2,60.0,P-TEA-013,2,ชาอัญชันมะนาว
G50166,ผู้มาเยือน (ซื้อครั้งเดียว),2022-08-26,2022-08-26,1,1,50.0,P-COF-005,1,เอสเปรสโซ่ (เย็น)
G50167,ผู้มาเยือน (ซื้อครั้งเดียว),2022-08-26,2022-08-26,1,1,45.0,P-SOD-002,1,เลม่อนผสมน้ำผึ้ง
G50168,ผู้มาเยือน (ซื้อครั้งเดียว),2022-08-26,2022-08-26,1,3,155.0,P-COC-003,3,ช็อคโกแลต (ปั่น)
G50169,ผู้มาเยือน (ซื้อครั้งเดียว),2022-08-26,2022-08-26,1,1,50.0,P-COF-011,1,คาราเมลมัคคีอาโต้
G50170,ผู้มาเยือน (ซื้อครั้งเดียว),2022-08-26,2022-08-26,1,2,129.0,P-BAK-003,2,เค้ก
G50171,ผู้มาเยือน (ซื้อครั้งเดียว),2022-08-26,2022-08-26,1,1,50.0,P-TEA-004,1,ชามัทฉะ (เย็น)
G50172,ผู้มาเยือน (ซื้อครั้งเดียว),2022-08-27,2022-08-27,1,1,45.0,P-TEA-001,1,ชาเขียว (เย็น)
G50173,ผู้มาเยือน (ซื้อครั้งเดียว),2022-08-29,2022-08-29,1,1,40.0,P-COC-012,1,ช็อคโกแลต (ร้อน)
G50174,ผู้มาเยือน (ซื้อครั้งเดียว),2022-08-29,2022-08-29,1,1,20.0,P-SNK-002,1,ป็อกกี้
G50175,ผู้มาเยือน (ซื้อครั้งเดียว),2022-08-29,2022-08-29,1,2,110.0,P-SMT-008,2,สมูตตี้ มะม่วง
G50176,ผู้มาเยือน (ซื้อครั้งเดียว),2022-08-29,2022-08-29,1,2,65.0,P-SOD-005,2,แดงมะนาว
G50177,ผู้มาเยือน (ซื้อครั้งเดียว),2022-08-29,2022-08-29,1,2,100.0,P-COC-003,2,ช็อคโกแลต (ปั่น)
G50178,ผู้มาเยือน (ซื้อครั้งเดียว),2022-08-29,2022-08-29,1,1,45.0,P-TEA-010,1,ชาซีลอนดำ (เย็น)
G50179,ผู้มาเยือน (ซื้อครั้งเดียว),2022-08-29,2022-08-29,1,1,45.0,P-TEA-002,1,ชาซีลอน (เย็น)
G50180,ผู้มาเยือน (ซื้อครั้งเดียว),2022-08-29,2022-08-29,1,1,79.0,P-BAK-055,1,เปี๊ยะกล่อง
G50181,ผู้มาเยือน (ซื้อครั้งเดียว),2022-08-30,2022-08-30,1,4,190.0,P-TEA-011,4,ชาเขียวมะนาว
G50182,ผู้มาเยือน (ซื้อครั้งเดียว),2022-08-30,2022-08-30,1,1,45.0,P-TEA-001,1,ชาเขียว (เย็น)
G50183,ผู้มาเยือน (ซื้อครั้งเดียว),2022-08-30,2022-08-30,1,1,45.0,P-COF-001,1,อเมริกาโน่ (เย็น)
G50184,ผู้มาเยือน (ซื้อครั้งเดียว),2022-08-31,2022-08-31,1,1,45.0,P-COF-001,1,อเมริกาโน่ (เย็น)
G50185,ผู้มาเยือน (ซื้อครั้งเดียว),2022-08-31,2022-08-31,1,2,100.0,P-COC-001,1,ช็อคโกแลต (เย็น)
G50186,ผู้มาเยือน (ซื้อครั้งเดียว),2022-08-31,2022-08-31,1,5,100.0,P-BAK-001,1,ขนมซอง
G50187,ผู้มาเยือน (ซื้อครั้งเดียว),2022-08-31,2022-08-31,1,1,45.0,P-TEA-005,1,ชาพีช (เย็น)
G50188,ผู้มาเยือน (ซื้อครั้งเดียว),2022-08-31,2022-08-31,1,1,45.0,P-TEA-001,1,ชาเขียว (เย็น)
G50189,ผู้มาเยือน (ซื้อครั้งเดียว),2022-08-31,2022-08-31,1,1,50.0,P-COC-001,1,ช็อคโกแลต (เย็น)
G50190,ผู้มาเยือน (ซื้อครั้งเดียว),2022-08-31,2022-08-31,1,5,275.0,P-COC-003,3,ช็อคโกแลต (ปั่น)
G50191,ผู้มาเยือน (ซื้อครั้งเดียว),2022-09-01,2022-09-01,1,1,40.0,P-COF-014,1,ลาเต้ (ร้อน)
G50192,ผู้มาเยือน (ซื้อครั้งเดียว),2022-09-01,2022-09-01,1,1,79.0,P-BAK-003,1,เค้ก
G50193,ผู้มาเยือน (ซื้อครั้งเดียว),2022-09-01,2022-09-01,1,1,55.0,P-TEA-003,1,ชาเขียว (ปั่น)
G50194,ผู้มาเยือน (ซื้อครั้งเดียว),2022-09-01,2022-09-01,1,1,55.0,P-TEA-018,1,ชาซีลอน (ปั่น)
G50195,ผู้มาเยือน (ซื้อครั้งเดียว),2022-09-02,2022-09-02,1,2,30.0,P-SOU-001,2,น้ำเปล่า
G50196,ผู้มาเยือน (ซื้อครั้งเดียว),2022-09-02,2022-09-02,1,1,45.0,P-COF-002,1,ลาเต้ (เย็น)
G50197,ผู้มาเยือน (ซื้อครั้งเดียว),2022-09-02,2022-09-02,1,1,50.0,P-TEA-009,1,ชากุหลาบนมสด
G50198,ผู้มาเยือน (ซื้อครั้งเดียว),2022-09-02,2022-09-02,1,2,110.0,P-COC-003,1,ช็อคโกแลต (ปั่น)
G50199,ผู้มาเยือน (ซื้อครั้งเดียว),2022-09-02,2022-09-02,1,1,45.0,P-SOD-001,1,สตรอเบอรี่
G50200,ผู้มาเยือน (ซื้อครั้งเดียว),2022-09-03,2022-09-03,1,1,55.0,P-TEA-003,1,ชาเขียว (ปั่น)
G50201,ผู้มาเยือน (ซื้อครั้งเดียว),2022-09-03,2022-09-03,1,1,50.0,P-COF-006,1,อเมริกาโน่ช่อมะพร้าว
G50202,ผู้มาเยือน (ซื้อครั้งเดียว),2022-09-03,2022-09-03,1,1,45.0,P-COF-010,1,อเมริกาโน่น้ำผึ้ง (เย็น)
G50203,ผู้มาเยือน (ซื้อครั้งเดียว),2022-09-03,2022-09-03,1,1,45.0,P-COF-001,1,อเมริกาโน่ (เย็น)
G50204,ผู้มาเยือน (ซื้อครั้งเดียว),2022-09-04,2022-09-04,1,1,40.0,P-COF-008,1,อเมริกาโน่ (ร้อน)
G50205,ผู้มาเยือน (ซื้อครั้งเดียว),2022-09-04,2022-09-04,1,1,55.0,P-COC-003,1,ช็อคโกแลต (ปั่น)
G50206,ผู้มาเยือน (ซื้อครั้งเดียว),2022-09-04,2022-09-04,1,5,225.0,P-SOD-007,3,บลูเบอรี่
G50207,ผู้มาเยือน (ซื้อครั้งเดียว),2022-09-05,2022-09-05,1,1,45.0,P-TEA-001,1,ชาเขียว (เย็น)
G50208,ผู้มาเยือน (ซื้อครั้งเดียว),2022-09-05,2022-09-05,1,2,90.0,P-COC-004,2,นมสด (เย็น)
G50209,ผู้มาเยือน (ซื้อครั้งเดียว),2022-09-05,2022-09-05,1,2,95.0,P-COF-005,2,เอสเปรสโซ่ (เย็น)
G50210,ผู้มาเยือน (ซื้อครั้งเดียว),2022-09-05,2022-09-05,1,2,100.0,P-COC-003,2,ช็อคโกแลต (ปั่น)
G50211,ผู้มาเยือน (ซื้อครั้งเดียว),2022-09-05,2022-09-05,1,1,20.0,P-OTH-001,1,น้ำอัดลม
G50212,ผู้มาเยือน (ซื้อครั้งเดียว),2022-09-05,2022-09-05,1,1,45.0,P-TEA-001,1,ชาเขียว (เย็น)
G50213,ผู้มาเยือน (ซื้อครั้งเดียว),2022-09-05,2022-09-05,1,1,50.0,P-COC-001,1,ช็อคโกแลต (เย็น)
G50214,ผู้มาเยือน (ซื้อครั้งเดียว),2022-09-05,2022-09-05,1,1,45.0,P-COF-010,1,อเมริกาโน่น้ำผึ้ง (เย็น)
G50215,ผู้มาเยือน (ซื้อครั้งเดียว),2022-09-05,2022-09-05,1,1,45.0,P-COF-001,1,อเมริกาโน่ (เย็น)
G50216,ผู้มาเยือน (ซื้อครั้งเดียว),2022-09-06,2022-09-06,1,1,50.0,P-COC-001,1,ช็อคโกแลต (เย็น)
G50217,ผู้มาเยือน (ซื้อครั้งเดียว),2022-09-06,2022-09-06,1,1,55.0,P-SMT-014,1,น้ำส้ม (ปั่น)
G50218,ผู้มาเยือน (ซื้อครั้งเดียว),2022-09-06,2022-09-06,1,2,79.0,P-BAK-010,2,ขนมปังกรอบ
G50219,ผู้มาเยือน (ซื้อครั้งเดียว),2022-09-06,2022-09-06,1,1,45.0,P-COF-002,1,ลาเต้ (เย็น)
G50220,ผู้มาเยือน (ซื้อครั้งเดียว),2022-09-06,2022-09-06,1,1,55.0,P-COC-010,1,นมสด (ปั่น)
G50221,ผู้มาเยือน (ซื้อครั้งเดียว),2022-09-06,2022-09-06,1,1,45.0,P-COF-002,1,ลาเต้ (เย็น)
G50222,ผู้มาเยือน (ซื้อครั้งเดียว),2022-09-06,2022-09-06,1,1,45.0,P-COF-002,1,ลาเต้ (เย็น)
G50223,ผู้มาเยือน (ซื้อครั้งเดียว),2022-09-06,2022-09-06,1,3,135.0,P-SOD-002,3,เลม่อนผสมน้ำผึ้ง
G50224,ผู้มาเยือน (ซื้อครั้งเดียว),2022-09-06,2022-09-06,1,2,40.0,P-BAK-001,1,ขนมซอง
G50225,ผู้มาเยือน (ซื้อครั้งเดียว),2022-09-07,2022-09-07,1,1,10.0,P-SOU-001,1,น้ำเปล่า
G50226,ผู้มาเยือน (ซื้อครั้งเดียว),2022-09-07,2022-09-07,1,1,45.0,P-TEA-012,1,ชามะนาว
G50227,ผู้มาเยือน (ซื้อครั้งเดียว),2022-09-07,2022-09-07,1,1,50.0,P-COC-005,1,นมสดคาราเมล (เย็น)
G50228,ผู้มาเยือน (ซื้อครั้งเดียว),2022-09-07,2022-09-07,1,1,50.0,P-COC-001,1,ช็อคโกแลต (เย็น)
G50229,ผู้มาเยือน (ซื้อครั้งเดียว),2022-09-07,2022-09-07,1,2,124.0,P-BAK-003,2,เค้ก
G50230,ผู้มาเยือน (ซื้อครั้งเดียว),2022-09-07,2022-09-07,1,1,10.0,P-SOU-001,1,น้ำเปล่า
G50231,ผู้มาเยือน (ซื้อครั้งเดียว),2022-09-07,2022-09-07,1,2,95.0,P-TEA-020,2,ชากุหลาบน้ำผึ้งมะนาว
G50232,ผู้มาเยือน (ซื้อครั้งเดียว),2022-09-08,2022-09-08,1,2,30.0,P-NDL-001,2,มาม่า
G50233,ผู้มาเยือน (ซื้อครั้งเดียว),2022-09-08,2022-09-08,1,1,55.0,P-SMT-001,1,สมูตตี้ สตรอเบอรี่
G50234,ผู้มาเยือน (ซื้อครั้งเดียว),2022-09-08,2022-09-08,1,1,50.0,P-COC-002,1,โกโก้ (เย็น)
G50235,ผู้มาเยือน (ซื้อครั้งเดียว),2022-09-08,2022-09-08,1,1,45.0,P-COF-003,1,คาปูชิโน่ (เย็น)
G50236,ผู้มาเยือน (ซื้อครั้งเดียว),2022-09-09,2022-09-09,1,1,10.0,P-SOU-001,1,น้ำเปล่า
G50237,ผู้มาเยือน (ซื้อครั้งเดียว),2022-09-09,2022-09-09,1,2,95.0,P-TEA-001,2,ชาเขียว (เย็น)
G50238,ผู้มาเยือน (ซื้อครั้งเดียว),2022-09-10,2022-09-10,1,3,115.0,P-SNK-002,3,ป็อกกี้
G50239,ผู้มาเยือน (ซื้อครั้งเดียว),2022-09-11,2022-09-11,1,2,20.0,P-SOU-001,1,น้ำเปล่า
G50240,ผู้มาเยือน (ซื้อครั้งเดียว),2022-09-11,2022-09-11,1,1,50.0,P-COF-004,1,อเมริกาโน่ส้ม
G50241,ผู้มาเยือน (ซื้อครั้งเดียว),2022-09-12,2022-09-12,1,2,35.0,P-OTH-008,2,โจ๊กข้าวกล้อง
G50242,ผู้มาเยือน (ซื้อครั้งเดียว),2022-09-12,2022-09-12,1,1,50.0,P-COC-002,1,โกโก้ (เย็น)
G50243,ผู้มาเยือน (ซื้อครั้งเดียว),2022-09-12,2022-09-12,1,2,90.0,P-TEA-001,1,ชาเขียว (เย็น)
G50244,ผู้มาเยือน (ซื้อครั้งเดียว),2022-09-12,2022-09-12,1,1,40.0,P-COF-008,1,อเมริกาโน่ (ร้อน)
G50245,ผู้มาเยือน (ซื้อครั้งเดียว),2022-09-12,2022-09-12,1,2,90.0,P-COF-002,2,ลาเต้ (เย็น)
G50246,ผู้มาเยือน (ซื้อครั้งเดียว),2022-09-12,2022-09-12,1,1,20.0,P-BAK-001,1,ขนมซอง
G50247,ผู้มาเยือน (ซื้อครั้งเดียว),2022-09-12,2022-09-12,1,1,20.0,P-NDL-001,1,มาม่า
G50248,ผู้มาเยือน (ซื้อครั้งเดียว),2022-09-12,2022-09-12,1,1,45.0,P-SOD-006,1,กีวี่
G50249,ผู้มาเยือน (ซื้อครั้งเดียว),2022-09-13,2022-09-13,1,2,105.0,P-COC-001,2,ช็อคโกแลต (เย็น)
G50250,ผู้มาเยือน (ซื้อครั้งเดียว),2022-09-13,2022-09-13,1,1,55.0,P-TEA-003,1,ชาเขียว (ปั่น)
G50251,ผู้มาเยือน (ซื้อครั้งเดียว),2022-09-13,2022-09-13,1,1,50.0,P-COC-005,1,นมสดคาราเมล (เย็น)
G50252,ผู้มาเยือน (ซื้อครั้งเดียว),2022-09-13,2022-09-13,1,2,85.0,P-COF-003,2,คาปูชิโน่ (เย็น)
G50253,ผู้มาเยือน (ซื้อครั้งเดียว),2022-09-13,2022-09-13,1,1,45.0,P-COF-002,1,ลาเต้ (เย็น)
G50254,ผู้มาเยือน (ซื้อครั้งเดียว),2022-09-13,2022-09-13,1,1,55.0,P-COC-003,1,ช็อคโกแลต (ปั่น)
G50255,ผู้มาเยือน (ซื้อครั้งเดียว),2022-09-13,2022-09-13,1,2,79.0,P-BAK-010,2,ขนมปังกรอบ
G50256,ผู้มาเยือน (ซื้อครั้งเดียว),2022-09-13,2022-09-13,1,2,75.0,P-NDL-001,2,มาม่า
G50257,ผู้มาเยือน (ซื้อครั้งเดียว),2022-09-13,2022-09-13,1,2,40.0,P-BAK-001,1,ขนมซอง
G50258,ผู้มาเยือน (ซื้อครั้งเดียว),2022-09-14,2022-09-14,1,2,75.0,P-BAK-001,2,ขนมซอง
G50259,ผู้มาเยือน (ซื้อครั้งเดียว),2022-09-14,2022-09-14,1,2,100.0,P-COC-002,1,โกโก้ (เย็น)
G50260,ผู้มาเยือน (ซื้อครั้งเดียว),2022-09-14,2022-09-14,1,2,120.0,P-BAK-018,2,คอนเฟรก
G50261,ผู้มาเยือน (ซื้อครั้งเดียว),2022-09-14,2022-09-14,1,7,403.0,P-BAK-018,5,คอนเฟรก
G50262,ผู้มาเยือน (ซื้อครั้งเดียว),2022-09-14,2022-09-14,1,1,55.0,P-TEA-003,1,ชาเขียว (ปั่น)
G50263,ผู้มาเยือน (ซื้อครั้งเดียว),2022-09-14,2022-09-14,1,1,45.0,P-COF-001,1,อเมริกาโน่ (เย็น)
G50264,ผู้มาเยือน (ซื้อครั้งเดียว),2022-09-15,2022-09-15,1,2,129.0,P-TEA-009,2,ชากุหลาบนมสด
G50265,ผู้มาเยือน (ซื้อครั้งเดียว),2022-09-15,2022-09-15,1,2,110.0,P-BAK-018,2,คอนเฟรก
G50266,ผู้มาเยือน (ซื้อครั้งเดียว),2022-09-15,2022-09-15,1,2,110.0,P-SMT-001,1,สมูตตี้ สตรอเบอรี่
G50267,ผู้มาเยือน (ซื้อครั้งเดียว),2022-09-16,2022-09-16,1,1,40.0,P-TEA-030,1,ชามัทฉะ (ร้อน)
G50268,ผู้มาเยือน (ซื้อครั้งเดียว),2022-09-16,2022-09-16,1,6,275.0,P-TEA-001,5,ชาเขียว (เย็น)
G50269,ผู้มาเยือน (ซื้อครั้งเดียว),2022-09-16,2022-09-16,1,1,45.0,P-COC-004,1,นมสด (เย็น)
G50270,ผู้มาเยือน (ซื้อครั้งเดียว),2022-09-16,2022-09-16,1,1,45.0,P-SOD-009,1,มะม่วง
G50271,ผู้มาเยือน (ซื้อครั้งเดียว),2022-09-17,2022-09-17,1,1,45.0,P-COF-001,1,อเมริกาโน่ (เย็น)
G50272,ผู้มาเยือน (ซื้อครั้งเดียว),2022-09-17,2022-09-17,1,1,50.0,P-COC-001,1,ช็อคโกแลต (เย็น)
G50273,ผู้มาเยือน (ซื้อครั้งเดียว),2022-09-17,2022-09-17,1,1,55.0,P-COC-003,1,ช็อคโกแลต (ปั่น)
G50274,ผู้มาเยือน (ซื้อครั้งเดียว),2022-09-17,2022-09-17,1,2,95.0,P-COF-001,2,อเมริกาโน่ (เย็น)
G50275,ผู้มาเยือน (ซื้อครั้งเดียว),2022-09-17,2022-09-17,1,1,55.0,P-COC-003,1,ช็อคโกแลต (ปั่น)
G50276,ผู้มาเยือน (ซื้อครั้งเดียว),2022-09-18,2022-09-18,1,1,20.0,P-SNK-002,1,ป็อกกี้
G50277,ผู้มาเยือน (ซื้อครั้งเดียว),2022-09-19,2022-09-19,1,1,20.0,P-NDL-001,1,มาม่า
G50278,ผู้มาเยือน (ซื้อครั้งเดียว),2022-09-19,2022-09-19,1,1,45.0,P-COF-002,1,ลาเต้ (เย็น)
G50279,ผู้มาเยือน (ซื้อครั้งเดียว),2022-09-20,2022-09-20,1,1,45.0,P-SOD-002,1,เลม่อนผสมน้ำผึ้ง
G50280,ผู้มาเยือน (ซื้อครั้งเดียว),2022-09-20,2022-09-20,1,1,50.0,P-COF-011,1,คาราเมลมัคคีอาโต้
G50281,ผู้มาเยือน (ซื้อครั้งเดียว),2022-09-21,2022-09-21,1,2,90.0,P-COF-002,2,ลาเต้ (เย็น)
G50282,ผู้มาเยือน (ซื้อครั้งเดียว),2022-09-21,2022-09-21,1,2,110.0,P-TEA-003,1,ชาเขียว (ปั่น)
G50283,ผู้มาเยือน (ซื้อครั้งเดียว),2022-09-21,2022-09-21,1,4,200.0,P-SOU-002,2,น้ำแข็ง
G50284,ผู้มาเยือน (ซื้อครั้งเดียว),2022-09-21,2022-09-21,1,1,50.0,P-COF-004,1,อเมริกาโน่ส้ม
G50285,ผู้มาเยือน (ซื้อครั้งเดียว),2022-09-21,2022-09-21,1,2,110.0,P-SMT-005,1,สมูตตี้ บลูเบอรี่
G50286,ผู้มาเยือน (ซื้อครั้งเดียว),2022-09-21,2022-09-21,1,2,85.0,P-BAK-018,2,คอนเฟรก
G50287,ผู้มาเยือน (ซื้อครั้งเดียว),2022-09-22,2022-09-22,1,3,140.0,P-COF-004,3,อเมริกาโน่ส้ม
G50288,ผู้มาเยือน (ซื้อครั้งเดียว),2022-09-22,2022-09-22,1,1,5.0,P-BAK-009,1,ขนม
G50289,ผู้มาเยือน (ซื้อครั้งเดียว),2022-09-22,2022-09-22,1,1,50.0,P-COF-006,1,อเมริกาโน่ช่อมะพร้าว
G50290,ผู้มาเยือน (ซื้อครั้งเดียว),2022-09-22,2022-09-22,1,5,40.0,P-NDL-001,2,มาม่า
G50291,ผู้มาเยือน (ซื้อครั้งเดียว),2022-09-22,2022-09-22,1,2,95.0,P-COC-001,2,ช็อคโกแลต (เย็น)
G50292,ผู้มาเยือน (ซื้อครั้งเดียว),2022-09-22,2022-09-22,1,2,95.0,P-TEA-001,2,ชาเขียว (เย็น)
G50293,ผู้มาเยือน (ซื้อครั้งเดียว),2022-09-22,2022-09-22,1,1,45.0,P-TEA-012,1,ชามะนาว
G50294,ผู้มาเยือน (ซื้อครั้งเดียว),2022-09-23,2022-09-23,1,2,124.0,P-BAK-034,2,เปี๊ยะไข่เค็ม
G50295,ผู้มาเยือน (ซื้อครั้งเดียว),2022-09-23,2022-09-23,1,1,45.0,P-COF-001,1,อเมริกาโน่ (เย็น)
G50296,ผู้มาเยือน (ซื้อครั้งเดียว),2022-09-23,2022-09-23,1,1,45.0,P-SOD-009,1,มะม่วง
G50297,ผู้มาเยือน (ซื้อครั้งเดียว),2022-09-24,2022-09-24,1,1,50.0,P-COF-011,1,คาราเมลมัคคีอาโต้
G50298,ผู้มาเยือน (ซื้อครั้งเดียว),2022-09-24,2022-09-24,1,1,10.0,P-SOU-001,1,น้ำเปล่า
G50299,ผู้มาเยือน (ซื้อครั้งเดียว),2022-09-24,2022-09-24,1,1,50.0,P-COC-001,1,ช็อคโกแลต (เย็น)
G50300,ผู้มาเยือน (ซื้อครั้งเดียว),2022-09-24,2022-09-24,1,2,40.0,P-BAK-019,2,โคอะลา มาร์ช
G50301,ผู้มาเยือน (ซื้อครั้งเดียว),2022-09-25,2022-09-25,1,5,275.0,P-COC-007,3,นมสดคาราเมล (ปั่น)
G50302,ผู้มาเยือน (ซื้อครั้งเดียว),2022-09-26,2022-09-26,1,1,45.0,P-TEA-006,1,ชาน้ำผึ้งมะนาว (เย็น)
G50303,ผู้มาเยือน (ซื้อครั้งเดียว),2022-09-26,2022-09-26,1,6,135.0,P-BAK-001,4,ขนมซอง
G50304,ผู้มาเยือน (ซื้อครั้งเดียว),2022-09-26,2022-09-26,1,1,45.0,P-COF-001,1,อเมริกาโน่ (เย็น)
G50305,ผู้มาเยือน (ซื้อครั้งเดียว),2022-09-26,2022-09-26,1,3,140.0,P-TEA-012,3,ชามะนาว
G50306,ผู้มาเยือน (ซื้อครั้งเดียว),2022-09-26,2022-09-26,1,2,95.0,P-COF-005,2,เอสเปรสโซ่ (เย็น)
G50307,ผู้มาเยือน (ซื้อครั้งเดียว),2022-09-26,2022-09-26,1,2,100.0,P-COF-004,2,อเมริกาโน่ส้ม
G50308,ผู้มาเยือน (ซื้อครั้งเดียว),2022-09-26,2022-09-26,1,1,45.0,P-SOD-005,1,แดงมะนาว
G50309,ผู้มาเยือน (ซื้อครั้งเดียว),2022-09-26,2022-09-26,1,1,50.0,P-COF-009,1,มอคค่า (เย็น)
G50310,ผู้มาเยือน (ซื้อครั้งเดียว),2022-09-26,2022-09-26,1,2,120.0,P-BAK-018,2,คอนเฟรก
G50311,ผู้มาเยือน (ซื้อครั้งเดียว),2022-09-27,2022-09-27,1,2,90.0,P-COF-002,1,ลาเต้ (เย็น)
G50312,ผู้มาเยือน (ซื้อครั้งเดียว),2022-09-27,2022-09-27,1,2,95.0,P-COC-001,2,ช็อคโกแลต (เย็น)
G50313,ผู้มาเยือน (ซื้อครั้งเดียว),2022-09-27,2022-09-27,1,1,55.0,P-SMT-002,1,แตงโม (ปั่น)
G50314,ผู้มาเยือน (ซื้อครั้งเดียว),2022-09-28,2022-09-28,1,1,55.0,P-COF-021,1,เอสเปรสโซ่ (ปั่น)
G50315,ผู้มาเยือน (ซื้อครั้งเดียว),2022-09-28,2022-09-28,1,1,45.0,P-TEA-001,1,ชาเขียว (เย็น)
G50316,ผู้มาเยือน (ซื้อครั้งเดียว),2022-09-28,2022-09-28,1,1,45.0,P-COF-010,1,อเมริกาโน่น้ำผึ้ง (เย็น)
G50317,ผู้มาเยือน (ซื้อครั้งเดียว),2022-09-28,2022-09-28,1,1,45.0,P-COC-004,1,นมสด (เย็น)
G50318,ผู้มาเยือน (ซื้อครั้งเดียว),2022-09-28,2022-09-28,1,1,50.0,P-COF-007,1,อเมริกาโน่น้ำผึ้งมะนาว
G50319,ผู้มาเยือน (ซื้อครั้งเดียว),2022-09-29,2022-09-29,1,1,20.0,P-NDL-004,1,โจ๊ก
G50320,ผู้มาเยือน (ซื้อครั้งเดียว),2022-09-29,2022-09-29,1,3,105.0,P-BAK-009,3,ขนม
G50321,ผู้มาเยือน (ซื้อครั้งเดียว),2022-09-29,2022-09-29,1,1,45.0,P-COF-002,1,ลาเต้ (เย็น)
G50322,ผู้มาเยือน (ซื้อครั้งเดียว),2022-09-29,2022-09-29,1,1,10.0,P-SOU-001,1,น้ำเปล่า
G50323,ผู้มาเยือน (ซื้อครั้งเดียว),2022-09-29,2022-09-29,1,2,15.0,P-BAK-009,2,ขนม
G50324,ผู้มาเยือน (ซื้อครั้งเดียว),2022-09-29,2022-09-29,1,1,45.0,P-COF-002,1,ลาเต้ (เย็น)
G50325,ผู้มาเยือน (ซื้อครั้งเดียว),2022-09-29,2022-09-29,1,1,45.0,P-COF-002,1,ลาเต้ (เย็น)
G50326,ผู้มาเยือน (ซื้อครั้งเดียว),2022-09-29,2022-09-29,1,2,30.0,P-BAK-001,2,ขนมซอง
G50327,ผู้มาเยือน (ซื้อครั้งเดียว),2022-09-29,2022-09-29,1,4,80.0,P-BAK-001,2,ขนมซอง
G50328,ผู้มาเยือน (ซื้อครั้งเดียว),2022-09-30,2022-09-30,1,2,100.0,P-COC-001,2,ช็อคโกแลต (เย็น)
G50329,ผู้มาเยือน (ซื้อครั้งเดียว),2022-09-30,2022-09-30,1,2,25.0,P-BAK-009,2,ขนม
G50330,ผู้มาเยือน (ซื้อครั้งเดียว),2022-09-30,2022-09-30,1,2,30.0,P-OTH-001,2,น้ำอัดลม
G50331,ผู้มาเยือน (ซื้อครั้งเดียว),2022-09-30,2022-09-30,1,1,35.0,P-OTH-002,1,น้ำส้มสด
G50332,ผู้มาเยือน (ซื้อครั้งเดียว),2022-09-30,2022-09-30,1,1,45.0,P-COF-001,1,อเมริกาโน่ (เย็น)
G50333,ผู้มาเยือน (ซื้อครั้งเดียว),2022-09-30,2022-09-30,1,1,20.0,P-NDL-001,1,มาม่า
G50334,ผู้มาเยือน (ซื้อครั้งเดียว),2022-09-30,2022-09-30,1,2,100.0,P-COF-002,2,ลาเต้ (เย็น)
G50335,ผู้มาเยือน (ซื้อครั้งเดียว),2022-10-01,2022-10-01,1,1,50.0,P-COF-007,1,อเมริกาโน่น้ำผึ้งมะนาว
G50336,ผู้มาเยือน (ซื้อครั้งเดียว),2022-10-01,2022-10-01,1,1,50.0,P-COF-005,1,เอสเปรสโซ่ (เย็น)
G50337,ผู้มาเยือน (ซื้อครั้งเดียว),2022-10-01,2022-10-01,1,2,100.0,P-TEA-003,2,ชาเขียว (ปั่น)
G50338,ผู้มาเยือน (ซื้อครั้งเดียว),2022-10-01,2022-10-01,1,1,50.0,P-COF-006,1,อเมริกาโน่ช่อมะพร้าว
G50339,ผู้มาเยือน (ซื้อครั้งเดียว),2022-10-01,2022-10-01,1,1,50.0,P-COF-005,1,เอสเปรสโซ่ (เย็น)
G50340,ผู้มาเยือน (ซื้อครั้งเดียว),2022-10-01,2022-10-01,1,1,20.0,P-BAK-001,1,ขนมซอง
G50341,ผู้มาเยือน (ซื้อครั้งเดียว),2022-10-02,2022-10-02,1,1,50.0,P-COF-006,1,อเมริกาโน่ช่อมะพร้าว
G50342,ผู้มาเยือน (ซื้อครั้งเดียว),2022-10-02,2022-10-02,1,1,55.0,P-COF-022,1,ลาเต้ (ปั่น)
G50343,ผู้มาเยือน (ซื้อครั้งเดียว),2022-10-03,2022-10-03,1,1,50.0,P-COF-004,1,อเมริกาโน่ส้ม
G50344,ผู้มาเยือน (ซื้อครั้งเดียว),2022-10-03,2022-10-03,1,2,40.0,P-SNK-002,1,ป็อกกี้
G50345,ผู้มาเยือน (ซื้อครั้งเดียว),2022-10-03,2022-10-03,1,2,95.0,P-COF-001,2,อเมริกาโน่ (เย็น)
G50346,ผู้มาเยือน (ซื้อครั้งเดียว),2022-10-03,2022-10-03,1,1,50.0,P-COF-006,1,อเมริกาโน่ช่อมะพร้าว
G50347,ผู้มาเยือน (ซื้อครั้งเดียว),2022-10-04,2022-10-04,1,1,50.0,P-COC-001,1,ช็อคโกแลต (เย็น)
G50348,ผู้มาเยือน (ซื้อครั้งเดียว),2022-10-04,2022-10-04,1,1,10.0,P-SOU-001,1,น้ำเปล่า
G50349,ผู้มาเยือน (ซื้อครั้งเดียว),2022-10-04,2022-10-04,1,1,45.0,P-SOD-002,1,เลม่อนผสมน้ำผึ้ง
G50350,ผู้มาเยือน (ซื้อครั้งเดียว),2022-10-04,2022-10-04,1,1,65.0,P-SOU-003,1,น้ำช่อดอกมะพร้าว
G50351,ผู้มาเยือน (ซื้อครั้งเดียว),2022-10-04,2022-10-04,1,5,235.0,P-COC-001,4,ช็อคโกแลต (เย็น)
G50352,ผู้มาเยือน (ซื้อครั้งเดียว),2022-10-04,2022-10-04,1,2,99.0,P-BAK-003,2,เค้ก
G50353,ผู้มาเยือน (ซื้อครั้งเดียว),2022-10-04,2022-10-04,1,1,79.0,P-BAK-003,1,เค้ก
G50354,ผู้มาเยือน (ซื้อครั้งเดียว),2022-10-04,2022-10-04,1,1,45.0,P-TEA-001,1,ชาเขียว (เย็น)
G50355,ผู้มาเยือน (ซื้อครั้งเดียว),2022-10-05,2022-10-05,1,2,95.0,P-COF-011,2,คาราเมลมัคคีอาโต้
G50356,ผู้มาเยือน (ซื้อครั้งเดียว),2022-10-05,2022-10-05,1,3,90.0,P-BAK-001,3,ขนมซอง
G50357,ผู้มาเยือน (ซื้อครั้งเดียว),2022-10-05,2022-10-05,1,2,90.0,P-TEA-001,2,ชาเขียว (เย็น)
G50358,ผู้มาเยือน (ซื้อครั้งเดียว),2022-10-05,2022-10-05,1,1,50.0,P-COF-007,1,อเมริกาโน่น้ำผึ้งมะนาว
G50359,ผู้มาเยือน (ซื้อครั้งเดียว),2022-10-05,2022-10-05,1,2,50.0,P-COC-004,2,นมสด (เย็น)
G50360,ผู้มาเยือน (ซื้อครั้งเดียว),2022-10-05,2022-10-05,1,4,25.0,P-BAK-009,2,ขนม
G50361,ผู้มาเยือน (ซื้อครั้งเดียว),2022-10-06,2022-10-06,1,1,10.0,P-SOU-001,1,น้ำเปล่า
G50362,ผู้มาเยือน (ซื้อครั้งเดียว),2022-10-06,2022-10-06,1,1,45.0,P-SOD-006,1,กีวี่
G50363,ผู้มาเยือน (ซื้อครั้งเดียว),2022-10-06,2022-10-06,1,1,50.0,P-TEA-020,1,ชากุหลาบน้ำผึ้งมะนาว
G50364,ผู้มาเยือน (ซื้อครั้งเดียว),2022-10-06,2022-10-06,1,1,45.0,P-COF-003,1,คาปูชิโน่ (เย็น)
G50365,ผู้มาเยือน (ซื้อครั้งเดียว),2022-10-07,2022-10-07,1,1,45.0,P-COF-010,1,อเมริกาโน่น้ำผึ้ง (เย็น)
G50366,ผู้มาเยือน (ซื้อครั้งเดียว),2022-10-07,2022-10-07,1,1,45.0,P-TEA-002,1,ชาซีลอน (เย็น)
G50367,ผู้มาเยือน (ซื้อครั้งเดียว),2022-10-07,2022-10-07,1,2,65.0,P-TEA-001,2,ชาเขียว (เย็น)
G50368,ผู้มาเยือน (ซื้อครั้งเดียว),2022-10-07,2022-10-07,1,2,100.0,P-COC-007,2,นมสดคาราเมล (ปั่น)
G50369,ผู้มาเยือน (ซื้อครั้งเดียว),2022-10-07,2022-10-07,1,1,55.0,P-COC-003,1,ช็อคโกแลต (ปั่น)
G50370,ผู้มาเยือน (ซื้อครั้งเดียว),2022-10-07,2022-10-07,1,2,40.0,P-OTH-002,2,น้ำส้มสด
G50371,ผู้มาเยือน (ซื้อครั้งเดียว),2022-10-07,2022-10-07,1,2,40.0,P-NDL-001,1,มาม่า
G50372,ผู้มาเยือน (ซื้อครั้งเดียว),2022-10-08,2022-10-08,1,1,40.0,P-COF-008,1,อเมริกาโน่ (ร้อน)
G50373,ผู้มาเยือน (ซื้อครั้งเดียว),2022-10-08,2022-10-08,1,1,50.0,P-TEA-004,1,ชามัทฉะ (เย็น)
G50374,ผู้มาเยือน (ซื้อครั้งเดียว),2022-10-08,2022-10-08,1,1,50.0,P-COF-009,1,มอคค่า (เย็น)
G50375,ผู้มาเยือน (ซื้อครั้งเดียว),2022-10-08,2022-10-08,1,2,70.0,P-COC-001,2,ช็อคโกแลต (เย็น)
G50376,ผู้มาเยือน (ซื้อครั้งเดียว),2022-10-08,2022-10-08,1,1,45.0,P-COF-010,1,อเมริกาโน่น้ำผึ้ง (เย็น)
G50377,ผู้มาเยือน (ซื้อครั้งเดียว),2022-10-08,2022-10-08,1,1,50.0,P-COC-002,1,โกโก้ (เย็น)
G50378,ผู้มาเยือน (ซื้อครั้งเดียว),2022-10-08,2022-10-08,1,1,20.0,P-NDL-001,1,มาม่า
G50379,ผู้มาเยือน (ซื้อครั้งเดียว),2022-10-09,2022-10-09,1,2,70.0,P-NDL-001,2,มาม่า
G50380,ผู้มาเยือน (ซื้อครั้งเดียว),2022-10-10,2022-10-10,1,1,45.0,P-COC-004,1,นมสด (เย็น)
G50381,ผู้มาเยือน (ซื้อครั้งเดียว),2022-10-11,2022-10-11,1,1,50.0,P-COC-001,1,ช็อคโกแลต (เย็น)
G50382,ผู้มาเยือน (ซื้อครั้งเดียว),2022-10-12,2022-10-12,1,4,200.0,P-TEA-023,4,ชาสตรอเบอรี่
G50383,ผู้มาเยือน (ซื้อครั้งเดียว),2022-10-13,2022-10-13,1,1,40.0,P-COF-008,1,อเมริกาโน่ (ร้อน)
G50384,ผู้มาเยือน (ซื้อครั้งเดียว),2022-10-13,2022-10-13,1,1,55.0,P-SMT-008,1,สมูตตี้ มะม่วง
G50385,ผู้มาเยือน (ซื้อครั้งเดียว),2022-10-14,2022-10-14,1,1,45.0,P-COF-001,1,อเมริกาโน่ (เย็น)
G50386,ผู้มาเยือน (ซื้อครั้งเดียว),2022-10-15,2022-10-15,1,1,50.0,P-COF-007,1,อเมริกาโน่น้ำผึ้งมะนาว
G50387,ผู้มาเยือน (ซื้อครั้งเดียว),2022-10-16,2022-10-16,1,2,90.0,P-COF-003,2,คาปูชิโน่ (เย็น)
G50388,ผู้มาเยือน (ซื้อครั้งเดียว),2022-10-17,2022-10-17,1,1,50.0,P-COF-011,1,คาราเมลมัคคีอาโต้
G50389,ผู้มาเยือน (ซื้อครั้งเดียว),2022-10-17,2022-10-17,1,1,10.0,P-SOU-001,1,น้ำเปล่า
G50390,ผู้มาเยือน (ซื้อครั้งเดียว),2022-10-17,2022-10-17,1,1,55.0,P-COC-006,1,โกโก้ (ปั่น)
G50391,ผู้มาเยือน (ซื้อครั้งเดียว),2022-10-17,2022-10-17,1,1,20.0,P-NDL-001,1,มาม่า
G50392,ผู้มาเยือน (ซื้อครั้งเดียว),2022-10-17,2022-10-17,1,1,20.0,P-NDL-001,1,มาม่า
G50393,ผู้มาเยือน (ซื้อครั้งเดียว),2022-10-17,2022-10-17,1,1,50.0,P-COF-004,1,อเมริกาโน่ส้ม
G50394,ผู้มาเยือน (ซื้อครั้งเดียว),2022-10-17,2022-10-17,1,2,55.0,P-COF-002,2,ลาเต้ (เย็น)
G50395,ผู้มาเยือน (ซื้อครั้งเดียว),2022-10-17,2022-10-17,1,2,90.0,P-COF-001,2,อเมริกาโน่ (เย็น)
G50396,ผู้มาเยือน (ซื้อครั้งเดียว),2022-10-17,2022-10-17,1,1,50.0,P-TEA-009,1,ชากุหลาบนมสด
G50397,ผู้มาเยือน (ซื้อครั้งเดียว),2022-10-17,2022-10-17,1,1,55.0,P-COC-007,1,นมสดคาราเมล (ปั่น)
G50398,ผู้มาเยือน (ซื้อครั้งเดียว),2022-10-17,2022-10-17,1,1,10.0,P-SOU-001,1,น้ำเปล่า
G50399,ผู้มาเยือน (ซื้อครั้งเดียว),2022-10-17,2022-10-17,1,2,10.0,P-BAK-009,1,ขนม
G50400,ผู้มาเยือน (ซื้อครั้งเดียว),2022-10-18,2022-10-18,1,1,50.0,P-COF-005,1,เอสเปรสโซ่ (เย็น)
G50401,ผู้มาเยือน (ซื้อครั้งเดียว),2022-10-18,2022-10-18,1,2,124.0,P-BAK-003,2,เค้ก
G50402,ผู้มาเยือน (ซื้อครั้งเดียว),2022-10-18,2022-10-18,1,2,100.0,P-COC-005,1,นมสดคาราเมล (เย็น)
G50403,ผู้มาเยือน (ซื้อครั้งเดียว),2022-10-18,2022-10-18,1,1,45.0,P-COF-003,1,คาปูชิโน่ (เย็น)
G50404,ผู้มาเยือน (ซื้อครั้งเดียว),2022-10-18,2022-10-18,1,3,144.0,P-BAK-001,3,ขนมซอง
G50405,ผู้มาเยือน (ซื้อครั้งเดียว),2022-10-18,2022-10-18,1,6,285.0,P-TEA-009,4,ชากุหลาบนมสด
G50406,ผู้มาเยือน (ซื้อครั้งเดียว),2022-10-18,2022-10-18,1,2,10.0,P-BAK-009,1,ขนม
G50407,ผู้มาเยือน (ซื้อครั้งเดียว),2022-10-19,2022-10-19,1,1,55.0,P-COC-003,1,ช็อคโกแลต (ปั่น)
G50408,ผู้มาเยือน (ซื้อครั้งเดียว),2022-10-19,2022-10-19,1,3,50.0,P-BAK-001,2,ขนมซอง
G50409,ผู้มาเยือน (ซื้อครั้งเดียว),2022-10-19,2022-10-19,1,1,45.0,P-TEA-002,1,ชาซีลอน (เย็น)
G50410,ผู้มาเยือน (ซื้อครั้งเดียว),2022-10-19,2022-10-19,1,3,120.0,P-COF-012,1,คาปูชิโน่ (ร้อน)
G50411,ผู้มาเยือน (ซื้อครั้งเดียว),2022-10-20,2022-10-20,1,1,45.0,P-COF-001,1,อเมริกาโน่ (เย็น)
G50412,ผู้มาเยือน (ซื้อครั้งเดียว),2022-10-20,2022-10-20,1,3,184.0,P-SMT-002,3,แตงโม (ปั่น)
G50413,ผู้มาเยือน (ซื้อครั้งเดียว),2022-10-20,2022-10-20,1,1,50.0,P-COC-013,1,สตรอเบอรี่นมสด
G50414,ผู้มาเยือน (ซื้อครั้งเดียว),2022-10-20,2022-10-20,1,1,20.0,P-NDL-001,1,มาม่า
G50415,ผู้มาเยือน (ซื้อครั้งเดียว),2022-10-20,2022-10-20,1,2,74.0,P-BAK-010,2,ขนมปังกรอบ
G50416,ผู้มาเยือน (ซื้อครั้งเดียว),2022-10-20,2022-10-20,1,3,135.0,P-COC-009,3,นมชมพู(นมเย็น)
G50417,ผู้มาเยือน (ซื้อครั้งเดียว),2022-10-20,2022-10-20,1,1,40.0,P-COF-013,1,เอสเปรสโซ่ (ร้อน)
G50418,ผู้มาเยือน (ซื้อครั้งเดียว),2022-10-20,2022-10-20,1,1,45.0,P-TEA-002,1,ชาซีลอน (เย็น)
G50419,ผู้มาเยือน (ซื้อครั้งเดียว),2022-10-20,2022-10-20,1,1,20.0,P-NDL-001,1,มาม่า
G50420,ผู้มาเยือน (ซื้อครั้งเดียว),2022-10-20,2022-10-20,1,1,50.0,P-COC-001,1,ช็อคโกแลต (เย็น)
G50421,ผู้มาเยือน (ซื้อครั้งเดียว),2022-10-21,2022-10-21,1,1,45.0,P-COF-010,1,อเมริกาโน่น้ำผึ้ง (เย็น)
G50422,ผู้มาเยือน (ซื้อครั้งเดียว),2022-10-21,2022-10-21,1,1,45.0,P-TEA-001,1,ชาเขียว (เย็น)
G50423,ผู้มาเยือน (ซื้อครั้งเดียว),2022-10-21,2022-10-21,1,1,45.0,P-SOD-001,1,สตรอเบอรี่
G50424,ผู้มาเยือน (ซื้อครั้งเดียว),2022-10-21,2022-10-21,1,1,45.0,P-SOD-002,1,เลม่อนผสมน้ำผึ้ง
G50425,ผู้มาเยือน (ซื้อครั้งเดียว),2022-10-21,2022-10-21,1,1,50.0,P-TEA-023,1,ชาสตรอเบอรี่
G50426,ผู้มาเยือน (ซื้อครั้งเดียว),2022-10-21,2022-10-21,1,1,50.0,P-COC-001,1,ช็อคโกแลต (เย็น)
G50427,ผู้มาเยือน (ซื้อครั้งเดียว),2022-10-22,2022-10-22,1,1,50.0,P-COF-007,1,อเมริกาโน่น้ำผึ้งมะนาว
G50428,ผู้มาเยือน (ซื้อครั้งเดียว),2022-10-22,2022-10-22,1,2,105.0,P-COC-005,2,นมสดคาราเมล (เย็น)
G50429,ผู้มาเยือน (ซื้อครั้งเดียว),2022-10-22,2022-10-22,1,4,214.0,P-COC-004,4,นมสด (เย็น)
G50430,ผู้มาเยือน (ซื้อครั้งเดียว),2022-10-22,2022-10-22,1,1,40.0,P-COF-013,1,เอสเปรสโซ่ (ร้อน)
G50431,ผู้มาเยือน (ซื้อครั้งเดียว),2022-10-23,2022-10-23,1,1,45.0,P-TEA-001,1,ชาเขียว (เย็น)
G50432,ผู้มาเยือน (ซื้อครั้งเดียว),2022-10-23,2022-10-23,1,1,45.0,P-SOD-002,1,เลม่อนผสมน้ำผึ้ง
G50433,ผู้มาเยือน (ซื้อครั้งเดียว),2022-10-24,2022-10-24,1,1,50.0,P-TEA-020,1,ชากุหลาบน้ำผึ้งมะนาว
G50434,ผู้มาเยือน (ซื้อครั้งเดียว),2022-10-24,2022-10-24,1,1,55.0,P-SMT-003,1,โอริโอ้ (ปั่น)
G50435,ผู้มาเยือน (ซื้อครั้งเดียว),2022-10-25,2022-10-25,1,1,45.0,P-TEA-001,1,ชาเขียว (เย็น)
G50436,ผู้มาเยือน (ซื้อครั้งเดียว),2022-10-25,2022-10-25,1,1,45.0,P-COF-001,1,อเมริกาโน่ (เย็น)
G50437,ผู้มาเยือน (ซื้อครั้งเดียว),2022-10-26,2022-10-26,1,2,74.0,P-BAK-010,2,ขนมปังกรอบ
G50438,ผู้มาเยือน (ซื้อครั้งเดียว),2022-10-26,2022-10-26,1,1,45.0,P-COF-003,1,คาปูชิโน่ (เย็น)
G50439,ผู้มาเยือน (ซื้อครั้งเดียว),2022-10-26,2022-10-26,1,5,160.0,P-COF-007,3,อเมริกาโน่น้ำผึ้งมะนาว
G50440,ผู้มาเยือน (ซื้อครั้งเดียว),2022-10-26,2022-10-26,1,2,45.0,P-BAK-002,2,บราวนี่
G50441,ผู้มาเยือน (ซื้อครั้งเดียว),2022-10-26,2022-10-26,1,1,55.0,P-COF-015,1,คาปูชิโน่ (ปั่น)
G50442,ผู้มาเยือน (ซื้อครั้งเดียว),2022-10-26,2022-10-26,1,1,45.0,P-TEA-002,1,ชาซีลอน (เย็น)
G50443,ผู้มาเยือน (ซื้อครั้งเดียว),2022-10-27,2022-10-27,1,2,100.0,P-COF-002,2,ลาเต้ (เย็น)
G50444,ผู้มาเยือน (ซื้อครั้งเดียว),2022-10-27,2022-10-27,1,1,40.0,P-COC-011,1,โกโก้ (ร้อน)
G50445,ผู้มาเยือน (ซื้อครั้งเดียว),2022-10-27,2022-10-27,1,4,179.0,P-OTH-003,3,ขนมทองม้วน
G50446,ผู้มาเยือน (ซื้อครั้งเดียว),2022-10-28,2022-10-28,1,1,45.0,P-TEA-002,1,ชาซีลอน (เย็น)
G50447,ผู้มาเยือน (ซื้อครั้งเดียว),2022-10-28,2022-10-28,1,1,45.0,P-COF-001,1,อเมริกาโน่ (เย็น)
G50448,ผู้มาเยือน (ซื้อครั้งเดียว),2022-10-28,2022-10-28,1,1,10.0,P-SOU-001,1,น้ำเปล่า
G50449,ผู้มาเยือน (ซื้อครั้งเดียว),2022-10-28,2022-10-28,1,1,45.0,P-COF-001,1,อเมริกาโน่ (เย็น)
G50450,ผู้มาเยือน (ซื้อครั้งเดียว),2022-10-28,2022-10-28,1,2,40.0,P-NDL-001,1,มาม่า
G50451,ผู้มาเยือน (ซื้อครั้งเดียว),2022-10-28,2022-10-28,1,1,40.0,P-COF-012,1,คาปูชิโน่ (ร้อน)
G50452,ผู้มาเยือน (ซื้อครั้งเดียว),2022-10-29,2022-10-29,1,2,75.0,P-NDL-001,2,มาม่า
G50453,ผู้มาเยือน (ซื้อครั้งเดียว),2022-10-29,2022-10-29,1,2,110.0,P-TEA-016,1,ชามัทฉะ (ปั่น)
G50454,ผู้มาเยือน (ซื้อครั้งเดียว),2022-10-30,2022-10-30,1,2,95.0,P-TEA-001,2,ชาเขียว (เย็น)
G50455,ผู้มาเยือน (ซื้อครั้งเดียว),2022-10-30,2022-10-30,1,2,100.0,P-COC-004,2,นมสด (เย็น)
G50456,ผู้มาเยือน (ซื้อครั้งเดียว),2022-10-31,2022-10-31,1,1,50.0,P-COF-011,1,คาราเมลมัคคีอาโต้
G50457,ผู้มาเยือน (ซื้อครั้งเดียว),2022-10-31,2022-10-31,1,1,55.0,P-COC-003,1,ช็อคโกแลต (ปั่น)
G50458,ผู้มาเยือน (ซื้อครั้งเดียว),2022-10-31,2022-10-31,1,1,45.0,P-COF-010,1,อเมริกาโน่น้ำผึ้ง (เย็น)
G50459,ผู้มาเยือน (ซื้อครั้งเดียว),2022-10-31,2022-10-31,1,1,45.0,P-COF-003,1,คาปูชิโน่ (เย็น)
G50460,ผู้มาเยือน (ซื้อครั้งเดียว),2022-10-31,2022-10-31,1,5,50.0,P-SOU-001,1,น้ำเปล่า
G50461,ผู้มาเยือน (ซื้อครั้งเดียว),2022-10-31,2022-10-31,1,1,45.0,P-COF-010,1,อเมริกาโน่น้ำผึ้ง (เย็น)
G50462,ผู้มาเยือน (ซื้อครั้งเดียว),2022-10-31,2022-10-31,1,1,45.0,P-TEA-008,1,ชาแอปเปิ้ล (เย็น)
G50463,ผู้มาเยือน (ซื้อครั้งเดียว),2022-10-31,2022-10-31,1,2,110.0,P-COC-007,2,นมสดคาราเมล (ปั่น)
G50464,ผู้มาเยือน (ซื้อครั้งเดียว),2022-10-31,2022-10-31,1,1,50.0,P-COC-001,1,ช็อคโกแลต (เย็น)
G50465,ผู้มาเยือน (ซื้อครั้งเดียว),2022-11-01,2022-11-01,1,2,80.0,P-COF-008,1,อเมริกาโน่ (ร้อน)
G50466,ผู้มาเยือน (ซื้อครั้งเดียว),2022-11-01,2022-11-01,1,2,25.0,P-OTH-001,2,น้ำอัดลม
G50467,ผู้มาเยือน (ซื้อครั้งเดียว),2022-11-01,2022-11-01,1,2,58.0,P-BAK-010,1,ขนมปังกรอบ
G50468,ผู้มาเยือน (ซื้อครั้งเดียว),2022-11-02,2022-11-02,1,1,50.0,P-COC-002,1,โกโก้ (เย็น)
G50469,ผู้มาเยือน (ซื้อครั้งเดียว),2022-11-02,2022-11-02,1,1,50.0,P-COF-004,1,อเมริกาโน่ส้ม
G50470,ผู้มาเยือน (ซื้อครั้งเดียว),2022-11-02,2022-11-02,1,1,45.0,P-SOD-006,1,กีวี่
G50471,ผู้มาเยือน (ซื้อครั้งเดียว),2022-11-02,2022-11-02,1,1,50.0,P-COC-001,1,ช็อคโกแลต (เย็น)
G50472,ผู้มาเยือน (ซื้อครั้งเดียว),2022-11-02,2022-11-02,1,1,20.0,P-NDL-001,1,มาม่า
G50473,ผู้มาเยือน (ซื้อครั้งเดียว),2022-11-03,2022-11-03,1,2,105.0,P-COF-003,2,คาปูชิโน่ (เย็น)
G50474,ผู้มาเยือน (ซื้อครั้งเดียว),2022-11-03,2022-11-03,1,1,20.0,P-NDL-001,1,มาม่า
G50475,ผู้มาเยือน (ซื้อครั้งเดียว),2022-11-03,2022-11-03,1,2,110.0,P-SMT-001,2,สมูตตี้ สตรอเบอรี่
G50476,ผู้มาเยือน (ซื้อครั้งเดียว),2022-11-04,2022-11-04,1,2,70.0,P-SOU-003,2,น้ำช่อดอกมะพร้าว
G50477,ผู้มาเยือน (ซื้อครั้งเดียว),2022-11-04,2022-11-04,1,1,50.0,P-COC-002,1,โกโก้ (เย็น)
G50478,ผู้มาเยือน (ซื้อครั้งเดียว),2022-11-04,2022-11-04,1,1,50.0,P-COC-001,1,ช็อคโกแลต (เย็น)
G50479,ผู้มาเยือน (ซื้อครั้งเดียว),2022-11-07,2022-11-07,1,2,55.0,P-COF-002,2,ลาเต้ (เย็น)
G50480,ผู้มาเยือน (ซื้อครั้งเดียว),2022-11-07,2022-11-07,1,3,85.0,P-COF-001,3,อเมริกาโน่ (เย็น)
G50481,ผู้มาเยือน (ซื้อครั้งเดียว),2022-11-07,2022-11-07,1,1,50.0,P-COF-005,1,เอสเปรสโซ่ (เย็น)
G50482,ผู้มาเยือน (ซื้อครั้งเดียว),2022-11-07,2022-11-07,1,1,50.0,P-COC-001,1,ช็อคโกแลต (เย็น)
G50483,ผู้มาเยือน (ซื้อครั้งเดียว),2022-11-07,2022-11-07,1,1,20.0,P-NDL-004,1,โจ๊ก
G50484,ผู้มาเยือน (ซื้อครั้งเดียว),2022-11-07,2022-11-07,1,2,65.0,P-BAK-001,2,ขนมซอง
G50485,ผู้มาเยือน (ซื้อครั้งเดียว),2022-11-07,2022-11-07,1,1,45.0,P-TEA-001,1,ชาเขียว (เย็น)
G50486,ผู้มาเยือน (ซื้อครั้งเดียว),2022-11-07,2022-11-07,1,1,50.0,P-COC-001,1,ช็อคโกแลต (เย็น)
G50487,ผู้มาเยือน (ซื้อครั้งเดียว),2022-11-08,2022-11-08,1,2,75.0,P-SFT-002,2,สิงห์เลม่อนโซดา
G50488,ผู้มาเยือน (ซื้อครั้งเดียว),2022-11-08,2022-11-08,1,1,45.0,P-COF-002,1,ลาเต้ (เย็น)
G50489,ผู้มาเยือน (ซื้อครั้งเดียว),2022-11-08,2022-11-08,1,1,40.0,P-COC-014,1,นมสด (ร้อน)
G50490,ผู้มาเยือน (ซื้อครั้งเดียว),2022-11-08,2022-11-08,1,1,45.0,P-SOD-002,1,เลม่อนผสมน้ำผึ้ง
G50491,ผู้มาเยือน (ซื้อครั้งเดียว),2022-11-08,2022-11-08,1,2,30.0,P-NDL-001,2,มาม่า
G50492,ผู้มาเยือน (ซื้อครั้งเดียว),2022-11-09,2022-11-09,1,3,145.0,P-SOD-004,3,พีช
G50493,ผู้มาเยือน (ซื้อครั้งเดียว),2022-11-09,2022-11-09,1,2,90.0,P-COF-001,2,อเมริกาโน่ (เย็น)
G50494,ผู้มาเยือน (ซื้อครั้งเดียว),2022-11-09,2022-11-09,1,1,50.0,P-COC-001,1,ช็อคโกแลต (เย็น)
G50495,ผู้มาเยือน (ซื้อครั้งเดียว),2022-11-09,2022-11-09,1,1,55.0,P-COC-007,1,นมสดคาราเมล (ปั่น)
G50496,ผู้มาเยือน (ซื้อครั้งเดียว),2022-11-09,2022-11-09,1,1,55.0,P-TEA-003,1,ชาเขียว (ปั่น)
G50497,ผู้มาเยือน (ซื้อครั้งเดียว),2022-11-09,2022-11-09,1,1,79.0,P-BAK-003,1,เค้ก
G50498,ผู้มาเยือน (ซื้อครั้งเดียว),2022-11-09,2022-11-09,1,1,50.0,P-COC-002,1,โกโก้ (เย็น)
G50499,ผู้มาเยือน (ซื้อครั้งเดียว),2022-11-09,2022-11-09,1,1,55.0,P-TEA-003,1,ชาเขียว (ปั่น)
G50500,ผู้มาเยือน (ซื้อครั้งเดียว),2022-11-10,2022-11-10,1,1,55.0,P-COF-003,1,คาปูชิโน่ (เย็น)
G50501,ผู้มาเยือน (ซื้อครั้งเดียว),2022-11-10,2022-11-10,1,1,45.0,P-COF-001,1,อเมริกาโน่ (เย็น)
G50502,ผู้มาเยือน (ซื้อครั้งเดียว),2022-11-10,2022-11-10,1,2,65.0,P-BAK-025,2,แซนวิชไก่หยอง
G50503,ผู้มาเยือน (ซื้อครั้งเดียว),2022-11-10,2022-11-10,1,1,40.0,P-COC-012,1,ช็อคโกแลต (ร้อน)
G50504,ผู้มาเยือน (ซื้อครั้งเดียว),2022-11-10,2022-11-10,1,1,50.0,P-COF-005,1,เอสเปรสโซ่ (เย็น)
G50505,ผู้มาเยือน (ซื้อครั้งเดียว),2022-11-10,2022-11-10,1,1,50.0,P-TEA-004,1,ชามัทฉะ (เย็น)
G50506,ผู้มาเยือน (ซื้อครั้งเดียว),2022-11-10,2022-11-10,1,1,40.0,P-COC-012,1,ช็อคโกแลต (ร้อน)
G50507,ผู้มาเยือน (ซื้อครั้งเดียว),2022-11-10,2022-11-10,1,1,55.0,P-SMT-003,1,โอริโอ้ (ปั่น)
G50508,ผู้มาเยือน (ซื้อครั้งเดียว),2022-11-10,2022-11-10,1,2,90.0,P-COF-002,2,ลาเต้ (เย็น)
G50509,ผู้มาเยือน (ซื้อครั้งเดียว),2022-11-10,2022-11-10,1,2,25.0,P-BAK-001,2,ขนมซอง
G50510,ผู้มาเยือน (ซื้อครั้งเดียว),2022-11-11,2022-11-11,1,1,50.0,P-TEA-004,1,ชามัทฉะ (เย็น)
G50511,ผู้มาเยือน (ซื้อครั้งเดียว),2022-11-11,2022-11-11,1,3,165.0,P-COC-007,3,นมสดคาราเมล (ปั่น)
G50512,ผู้มาเยือน (ซื้อครั้งเดียว),2022-11-12,2022-11-12,1,1,40.0,P-COF-008,1,อเมริกาโน่ (ร้อน)
G50513,ผู้มาเยือน (ซื้อครั้งเดียว),2022-11-12,2022-11-12,1,3,120.0,P-BAK-025,3,แซนวิชไก่หยอง
G50514,ผู้มาเยือน (ซื้อครั้งเดียว),2022-11-13,2022-11-13,1,1,45.0,P-TEA-001,1,ชาเขียว (เย็น)
G50515,ผู้มาเยือน (ซื้อครั้งเดียว),2022-11-13,2022-11-13,1,2,30.0,P-SOU-001,2,น้ำเปล่า
G50516,ผู้มาเยือน (ซื้อครั้งเดียว),2022-11-14,2022-11-14,1,4,180.0,P-TEA-002,2,ชาซีลอน (เย็น)
G50517,ผู้มาเยือน (ซื้อครั้งเดียว),2022-11-15,2022-11-15,1,1,55.0,P-COC-003,1,ช็อคโกแลต (ปั่น)
G50518,ผู้มาเยือน (ซื้อครั้งเดียว),2022-11-15,2022-11-15,1,1,40.0,P-COC-012,1,ช็อคโกแลต (ร้อน)
G50519,ผู้มาเยือน (ซื้อครั้งเดียว),2022-11-16,2022-11-16,1,1,45.0,P-SOD-004,1,พีช
G50520,ผู้มาเยือน (ซื้อครั้งเดียว),2022-11-16,2022-11-16,1,1,45.0,P-TEA-002,1,ชาซีลอน (เย็น)
G50521,ผู้มาเยือน (ซื้อครั้งเดียว),2022-11-16,2022-11-16,1,1,50.0,P-COF-004,1,อเมริกาโน่ส้ม
G50522,ผู้มาเยือน (ซื้อครั้งเดียว),2022-11-16,2022-11-16,1,1,10.0,P-SOU-001,1,น้ำเปล่า
G50523,ผู้มาเยือน (ซื้อครั้งเดียว),2022-11-16,2022-11-16,1,4,90.0,P-BAK-056,3,แซนวิช
G50524,ผู้มาเยือน (ซื้อครั้งเดียว),2022-11-16,2022-11-16,1,1,50.0,P-TEA-004,1,ชามัทฉะ (เย็น)
G50525,ผู้มาเยือน (ซื้อครั้งเดียว),2022-11-16,2022-11-16,1,6,215.0,P-SOU-002,5,น้ำแข็ง
G50526,ผู้มาเยือน (ซื้อครั้งเดียว),2022-11-16,2022-11-16,1,2,65.0,P-NDL-001,2,มาม่า
G50527,ผู้มาเยือน (ซื้อครั้งเดียว),2022-11-17,2022-11-17,1,1,50.0,P-TEA-004,1,ชามัทฉะ (เย็น)
G50528,ผู้มาเยือน (ซื้อครั้งเดียว),2022-11-17,2022-11-17,1,1,50.0,P-COF-011,1,คาราเมลมัคคีอาโต้
G50529,ผู้มาเยือน (ซื้อครั้งเดียว),2022-11-17,2022-11-17,1,4,195.0,P-COC-003,3,ช็อคโกแลต (ปั่น)
G50530,ผู้มาเยือน (ซื้อครั้งเดียว),2022-11-18,2022-11-18,1,5,100.0,P-SFT-002,3,สิงห์เลม่อนโซดา
G50531,ผู้มาเยือน (ซื้อครั้งเดียว),2022-11-18,2022-11-18,1,1,20.0,P-SFT-004,1,โค้ก zero
G50532,ผู้มาเยือน (ซื้อครั้งเดียว),2022-11-19,2022-11-19,1,1,50.0,P-COF-006,1,อเมริกาโน่ช่อมะพร้าว
G50533,ผู้มาเยือน (ซื้อครั้งเดียว),2022-11-21,2022-11-21,1,1,45.0,P-SOD-006,1,กีวี่
G50534,ผู้มาเยือน (ซื้อครั้งเดียว),2022-11-21,2022-11-21,1,1,40.0,P-COF-013,1,เอสเปรสโซ่ (ร้อน)
G50535,ผู้มาเยือน (ซื้อครั้งเดียว),2022-11-21,2022-11-21,1,3,100.0,P-BAK-001,3,ขนมซอง
G50536,ผู้มาเยือน (ซื้อครั้งเดียว),2022-11-22,2022-11-22,1,1,50.0,P-COF-011,1,คาราเมลมัคคีอาโต้
G50537,ผู้มาเยือน (ซื้อครั้งเดียว),2022-11-22,2022-11-22,1,1,45.0,P-TEA-001,1,ชาเขียว (เย็น)
G50538,ผู้มาเยือน (ซื้อครั้งเดียว),2022-11-25,2022-11-25,1,1,50.0,P-COC-002,1,โกโก้ (เย็น)
G50539,ผู้มาเยือน (ซื้อครั้งเดียว),2022-11-26,2022-11-26,1,3,105.0,P-TOP-001,3,วุ้นบุก
G50540,ผู้มาเยือน (ซื้อครั้งเดียว),2022-11-26,2022-11-26,1,1,40.0,P-COF-013,1,เอสเปรสโซ่ (ร้อน)
G50541,ผู้มาเยือน (ซื้อครั้งเดียว),2022-11-28,2022-11-28,1,1,10.0,P-SOU-001,1,น้ำเปล่า
G50542,ผู้มาเยือน (ซื้อครั้งเดียว),2022-11-28,2022-11-28,1,1,45.0,P-COF-010,1,อเมริกาโน่น้ำผึ้ง (เย็น)
G50543,ผู้มาเยือน (ซื้อครั้งเดียว),2022-11-28,2022-11-28,1,3,80.0,P-COC-001,3,ช็อคโกแลต (เย็น)
G50544,ผู้มาเยือน (ซื้อครั้งเดียว),2022-11-28,2022-11-28,1,2,90.0,P-COF-010,2,อเมริกาโน่น้ำผึ้ง (เย็น)
G50545,ผู้มาเยือน (ซื้อครั้งเดียว),2022-11-28,2022-11-28,1,2,65.0,P-COF-002,2,ลาเต้ (เย็น)
G50546,ผู้มาเยือน (ซื้อครั้งเดียว),2022-11-28,2022-11-28,1,1,45.0,P-TEA-001,1,ชาเขียว (เย็น)
G50547,ผู้มาเยือน (ซื้อครั้งเดียว),2022-11-29,2022-11-29,1,1,55.0,P-TEA-003,1,ชาเขียว (ปั่น)
G50548,ผู้มาเยือน (ซื้อครั้งเดียว),2022-11-29,2022-11-29,1,1,10.0,P-SOU-001,1,น้ำเปล่า
G50549,ผู้มาเยือน (ซื้อครั้งเดียว),2022-11-29,2022-11-29,1,1,45.0,P-TEA-005,1,ชาพีช (เย็น)
G50550,ผู้มาเยือน (ซื้อครั้งเดียว),2022-11-30,2022-11-30,1,1,50.0,P-COF-005,1,เอสเปรสโซ่ (เย็น)
G50551,ผู้มาเยือน (ซื้อครั้งเดียว),2022-11-30,2022-11-30,1,1,55.0,P-SMT-003,1,โอริโอ้ (ปั่น)
G50552,ผู้มาเยือน (ซื้อครั้งเดียว),2022-11-30,2022-11-30,1,1,45.0,P-SOD-005,1,แดงมะนาว
G50553,ผู้มาเยือน (ซื้อครั้งเดียว),2022-11-30,2022-11-30,1,1,50.0,P-COF-009,1,มอคค่า (เย็น)
G50554,ผู้มาเยือน (ซื้อครั้งเดียว),2022-11-30,2022-11-30,1,2,90.0,P-TEA-001,2,ชาเขียว (เย็น)
G50555,ผู้มาเยือน (ซื้อครั้งเดียว),2022-11-30,2022-11-30,1,2,100.0,P-COF-006,1,อเมริกาโน่ช่อมะพร้าว
G50556,ผู้มาเยือน (ซื้อครั้งเดียว),2022-11-30,2022-11-30,1,2,30.0,P-BAK-001,2,ขนมซอง
G50557,ผู้มาเยือน (ซื้อครั้งเดียว),2022-12-01,2022-12-01,1,1,50.0,P-COC-001,1,ช็อคโกแลต (เย็น)
G50558,ผู้มาเยือน (ซื้อครั้งเดียว),2022-12-01,2022-12-01,1,1,20.0,P-NDL-004,1,โจ๊ก
G50559,ผู้มาเยือน (ซื้อครั้งเดียว),2022-12-02,2022-12-02,1,1,55.0,P-SMT-002,1,แตงโม (ปั่น)
G50560,ผู้มาเยือน (ซื้อครั้งเดียว),2022-12-02,2022-12-02,1,1,45.0,P-COF-002,1,ลาเต้ (เย็น)
G50561,ผู้มาเยือน (ซื้อครั้งเดียว),2022-12-04,2022-12-04,1,1,55.0,P-COC-007,1,นมสดคาราเมล (ปั่น)
G50562,ผู้มาเยือน (ซื้อครั้งเดียว),2022-12-04,2022-12-04,1,3,144.0,P-BAK-003,3,เค้ก
G50563,ผู้มาเยือน (ซื้อครั้งเดียว),2022-12-04,2022-12-04,1,2,65.0,P-NDL-008,2,คนอร์คัพโจ๊ก ไก่
G50564,ผู้มาเยือน (ซื้อครั้งเดียว),2022-12-05,2022-12-05,1,1,55.0,P-SMT-007,1,แอปเปิ้ล (ปั่น)
G50565,ผู้มาเยือน (ซื้อครั้งเดียว),2022-12-06,2022-12-06,1,2,90.0,P-SOD-005,2,แดงมะนาว
G50566,ผู้มาเยือน (ซื้อครั้งเดียว),2022-12-06,2022-12-06,1,1,45.0,P-COF-010,1,อเมริกาโน่น้ำผึ้ง (เย็น)
G50567,ผู้มาเยือน (ซื้อครั้งเดียว),2022-12-06,2022-12-06,1,2,100.0,P-COF-001,2,อเมริกาโน่ (เย็น)
G50568,ผู้มาเยือน (ซื้อครั้งเดียว),2022-12-06,2022-12-06,1,1,45.0,P-SOD-003,1,ลิ้นจี่
G50569,ผู้มาเยือน (ซื้อครั้งเดียว),2022-12-06,2022-12-06,1,2,95.0,P-COF-007,2,อเมริกาโน่น้ำผึ้งมะนาว
G50570,ผู้มาเยือน (ซื้อครั้งเดียว),2022-12-06,2022-12-06,1,2,60.0,P-COC-013,2,สตรอเบอรี่นมสด
G50571,ผู้มาเยือน (ซื้อครั้งเดียว),2022-12-06,2022-12-06,1,1,55.0,P-TEA-003,1,ชาเขียว (ปั่น)
G50572,ผู้มาเยือน (ซื้อครั้งเดียว),2022-12-06,2022-12-06,1,1,10.0,P-SOU-001,1,น้ำเปล่า
G50573,ผู้มาเยือน (ซื้อครั้งเดียว),2022-12-06,2022-12-06,1,1,45.0,P-TEA-001,1,ชาเขียว (เย็น)
G50574,ผู้มาเยือน (ซื้อครั้งเดียว),2022-12-06,2022-12-06,1,1,45.0,P-SOD-003,1,ลิ้นจี่
G50575,ผู้มาเยือน (ซื้อครั้งเดียว),2022-12-07,2022-12-07,1,1,55.0,P-COC-003,1,ช็อคโกแลต (ปั่น)
G50576,ผู้มาเยือน (ซื้อครั้งเดียว),2022-12-07,2022-12-07,1,1,45.0,P-COF-001,1,อเมริกาโน่ (เย็น)
G50577,ผู้มาเยือน (ซื้อครั้งเดียว),2022-12-07,2022-12-07,1,1,49.0,P-BAK-054,1,เค้าคั่วกรอบ
G50578,ผู้มาเยือน (ซื้อครั้งเดียว),2022-12-07,2022-12-07,1,1,45.0,P-COF-010,1,อเมริกาโน่น้ำผึ้ง (เย็น)
G50579,ผู้มาเยือน (ซื้อครั้งเดียว),2022-12-07,2022-12-07,1,1,45.0,P-COC-004,1,นมสด (เย็น)
G50580,ผู้มาเยือน (ซื้อครั้งเดียว),2022-12-08,2022-12-08,1,1,10.0,P-SOU-001,1,น้ำเปล่า
G50581,ผู้มาเยือน (ซื้อครั้งเดียว),2022-12-08,2022-12-08,1,5,230.0,P-COF-001,3,อเมริกาโน่ (เย็น)
G50582,ผู้มาเยือน (ซื้อครั้งเดียว),2022-12-08,2022-12-08,1,3,100.0,P-BAK-040,3,ปั้นขลิบไส้ปลา กระปุก
G50583,ผู้มาเยือน (ซื้อครั้งเดียว),2022-12-08,2022-12-08,1,2,80.0,P-COF-008,1,อเมริกาโน่ (ร้อน)
G50584,ผู้มาเยือน (ซื้อครั้งเดียว),2022-12-09,2022-12-09,1,2,75.0,P-COF-014,2,ลาเต้ (ร้อน)
G50585,ผู้มาเยือน (ซื้อครั้งเดียว),2022-12-09,2022-12-09,1,1,45.0,P-TEA-002,1,ชาซีลอน (เย็น)
G50586,ผู้มาเยือน (ซื้อครั้งเดียว),2022-12-09,2022-12-09,1,3,145.0,P-COC-005,2,นมสดคาราเมล (เย็น)
G50587,ผู้มาเยือน (ซื้อครั้งเดียว),2022-12-09,2022-12-09,1,1,20.0,P-BAK-001,1,ขนมซอง
G50588,ผู้มาเยือน (ซื้อครั้งเดียว),2022-12-11,2022-12-11,1,1,20.0,P-BAK-025,1,แซนวิชไก่หยอง
G50589,ผู้มาเยือน (ซื้อครั้งเดียว),2022-12-11,2022-12-11,1,1,50.0,P-COF-011,1,คาราเมลมัคคีอาโต้
G50590,ผู้มาเยือน (ซื้อครั้งเดียว),2022-12-11,2022-12-11,1,4,190.0,P-COF-002,3,ลาเต้ (เย็น)
G50591,ผู้มาเยือน (ซื้อครั้งเดียว),2022-12-12,2022-12-12,1,6,110.0,P-SOU-002,3,น้ำแข็ง
G50592,ผู้มาเยือน (ซื้อครั้งเดียว),2022-12-13,2022-12-13,1,1,45.0,P-TEA-001,1,ชาเขียว (เย็น)
G50593,ผู้มาเยือน (ซื้อครั้งเดียว),2022-12-13,2022-12-13,1,1,50.0,P-COF-004,1,อเมริกาโน่ส้ม
G50594,ผู้มาเยือน (ซื้อครั้งเดียว),2022-12-13,2022-12-13,1,2,40.0,P-BAK-001,1,ขนมซอง
G50595,ผู้มาเยือน (ซื้อครั้งเดียว),2022-12-14,2022-12-14,1,1,10.0,P-SOU-001,1,น้ำเปล่า
G50596,ผู้มาเยือน (ซื้อครั้งเดียว),2022-12-14,2022-12-14,1,2,75.0,P-BAK-001,2,ขนมซอง
G50597,ผู้มาเยือน (ซื้อครั้งเดียว),2022-12-15,2022-12-15,1,2,30.0,P-SNK-002,2,ป็อกกี้
G50598,ผู้มาเยือน (ซื้อครั้งเดียว),2022-12-15,2022-12-15,1,2,100.0,P-COC-003,2,ช็อคโกแลต (ปั่น)
G50599,ผู้มาเยือน (ซื้อครั้งเดียว),2022-12-15,2022-12-15,1,1,35.0,P-OTH-004,1,กล้วยเส้นคละรส
G50600,ผู้มาเยือน (ซื้อครั้งเดียว),2022-12-16,2022-12-16,1,2,80.0,P-TEA-021,1,ชาซีลอน (ร้อน)
G50601,ผู้มาเยือน (ซื้อครั้งเดียว),2022-12-16,2022-12-16,1,2,100.0,P-COC-001,1,ช็อคโกแลต (เย็น)
G50602,ผู้มาเยือน (ซื้อครั้งเดียว),2022-12-16,2022-12-16,1,1,45.0,P-COC-004,1,นมสด (เย็น)
G50603,ผู้มาเยือน (ซื้อครั้งเดียว),2022-12-17,2022-12-17,1,2,90.0,P-COF-010,1,อเมริกาโน่น้ำผึ้ง (เย็น)
G50604,ผู้มาเยือน (ซื้อครั้งเดียว),2022-12-17,2022-12-17,1,1,50.0,P-TEA-004,1,ชามัทฉะ (เย็น)
G50605,ผู้มาเยือน (ซื้อครั้งเดียว),2022-12-17,2022-12-17,1,1,45.0,P-COF-010,1,อเมริกาโน่น้ำผึ้ง (เย็น)
G50606,ผู้มาเยือน (ซื้อครั้งเดียว),2022-12-20,2022-12-20,1,3,135.0,P-COF-002,3,ลาเต้ (เย็น)
G50607,ผู้มาเยือน (ซื้อครั้งเดียว),2022-12-20,2022-12-20,1,1,45.0,P-TEA-001,1,ชาเขียว (เย็น)
G50608,ผู้มาเยือน (ซื้อครั้งเดียว),2022-12-22,2022-12-22,1,1,50.0,P-COC-002,1,โกโก้ (เย็น)
G50609,ผู้มาเยือน (ซื้อครั้งเดียว),2022-12-22,2022-12-22,1,2,90.0,P-COF-001,2,อเมริกาโน่ (เย็น)
G50610,ผู้มาเยือน (ซื้อครั้งเดียว),2022-12-22,2022-12-22,1,1,40.0,P-COF-014,1,ลาเต้ (ร้อน)
G50611,ผู้มาเยือน (ซื้อครั้งเดียว),2022-12-22,2022-12-22,1,2,30.0,P-NDL-001,2,มาม่า
G50612,ผู้มาเยือน (ซื้อครั้งเดียว),2022-12-22,2022-12-22,1,1,55.0,P-COC-003,1,ช็อคโกแลต (ปั่น)
G50613,ผู้มาเยือน (ซื้อครั้งเดียว),2022-12-23,2022-12-23,1,2,90.0,P-COF-004,2,อเมริกาโน่ส้ม
G50614,ผู้มาเยือน (ซื้อครั้งเดียว),2022-12-23,2022-12-23,1,1,55.0,P-COF-018,1,มอคค่า (ปั่น)
G50615,ผู้มาเยือน (ซื้อครั้งเดียว),2022-12-23,2022-12-23,1,1,45.0,P-TEA-001,1,ชาเขียว (เย็น)
G50616,ผู้มาเยือน (ซื้อครั้งเดียว),2022-12-24,2022-12-24,1,2,60.0,P-BAK-001,2,ขนมซอง
G50617,ผู้มาเยือน (ซื้อครั้งเดียว),2022-12-24,2022-12-24,1,2,124.0,P-BAK-003,2,เค้ก
G50618,ผู้มาเยือน (ซื้อครั้งเดียว),2022-12-24,2022-12-24,1,2,90.0,P-COF-002,2,ลาเต้ (เย็น)
G50619,ผู้มาเยือน (ซื้อครั้งเดียว),2022-12-24,2022-12-24,1,1,45.0,P-TEA-001,1,ชาเขียว (เย็น)
G50620,ผู้มาเยือน (ซื้อครั้งเดียว),2022-12-24,2022-12-24,1,1,10.0,P-SOU-001,1,น้ำเปล่า
G50621,ผู้มาเยือน (ซื้อครั้งเดียว),2022-12-24,2022-12-24,1,1,45.0,P-TEA-007,1,ชามะนาว (เย็น)
G50622,ผู้มาเยือน (ซื้อครั้งเดียว),2022-12-24,2022-12-24,1,2,20.0,P-SOU-001,1,น้ำเปล่า
G50623,ผู้มาเยือน (ซื้อครั้งเดียว),2022-12-24,2022-12-24,1,2,40.0,P-BAK-019,1,โคอะลา มาร์ช
G50624,ผู้มาเยือน (ซื้อครั้งเดียว),2022-12-24,2022-12-24,1,1,20.0,P-BAK-001,1,ขนมซอง
G50625,ผู้มาเยือน (ซื้อครั้งเดียว),2022-12-24,2022-12-24,1,4,130.0,P-NDL-001,2,มาม่า
G50626,ผู้มาเยือน (ซื้อครั้งเดียว),2022-12-25,2022-12-25,1,1,10.0,P-SOU-001,1,น้ำเปล่า
G50627,ผู้มาเยือน (ซื้อครั้งเดียว),2022-12-25,2022-12-25,1,1,45.0,P-COF-010,1,อเมริกาโน่น้ำผึ้ง (เย็น)
G50628,ผู้มาเยือน (ซื้อครั้งเดียว),2022-12-25,2022-12-25,1,1,45.0,P-TEA-001,1,ชาเขียว (เย็น)
G50629,ผู้มาเยือน (ซื้อครั้งเดียว),2022-12-25,2022-12-25,1,1,50.0,P-COF-005,1,เอสเปรสโซ่ (เย็น)
G50630,ผู้มาเยือน (ซื้อครั้งเดียว),2022-12-25,2022-12-25,1,2,75.0,P-NDL-001,2,มาม่า
G50631,ผู้มาเยือน (ซื้อครั้งเดียว),2022-12-25,2022-12-25,1,2,90.0,P-COF-010,2,อเมริกาโน่น้ำผึ้ง (เย็น)
G50632,ผู้มาเยือน (ซื้อครั้งเดียว),2022-12-26,2022-12-26,1,1,45.0,P-TEA-001,1,ชาเขียว (เย็น)
G50633,ผู้มาเยือน (ซื้อครั้งเดียว),2022-12-26,2022-12-26,1,1,45.0,P-TEA-001,1,ชาเขียว (เย็น)
G50634,ผู้มาเยือน (ซื้อครั้งเดียว),2022-12-27,2022-12-27,1,1,40.0,P-COF-014,1,ลาเต้ (ร้อน)
G50635,ผู้มาเยือน (ซื้อครั้งเดียว),2022-12-27,2022-12-27,1,1,40.0,P-COF-008,1,อเมริกาโน่ (ร้อน)
G50636,ผู้มาเยือน (ซื้อครั้งเดียว),2022-12-27,2022-12-27,1,1,45.0,P-COF-010,1,อเมริกาโน่น้ำผึ้ง (เย็น)
G50637,ผู้มาเยือน (ซื้อครั้งเดียว),2022-12-27,2022-12-27,1,2,70.0,P-NDL-001,2,มาม่า
G50638,ผู้มาเยือน (ซื้อครั้งเดียว),2022-12-28,2022-12-28,1,2,70.0,P-NDL-001,2,มาม่า
G50639,ผู้มาเยือน (ซื้อครั้งเดียว),2022-12-28,2022-12-28,1,1,45.0,P-COF-010,1,อเมริกาโน่น้ำผึ้ง (เย็น)
G50640,ผู้มาเยือน (ซื้อครั้งเดียว),2022-12-28,2022-12-28,1,1,20.0,P-NDL-001,1,มาม่า
G50641,ผู้มาเยือน (ซื้อครั้งเดียว),2022-12-29,2022-12-29,1,2,80.0,P-COF-014,1,ลาเต้ (ร้อน)
G50642,ผู้มาเยือน (ซื้อครั้งเดียว),2022-12-29,2022-12-29,1,3,104.0,P-BAK-003,3,เค้ก
G50643,ผู้มาเยือน (ซื้อครั้งเดียว),2022-12-29,2022-12-29,1,1,45.0,P-TEA-001,1,ชาเขียว (เย็น)
G50644,ผู้มาเยือน (ซื้อครั้งเดียว),2023-01-03,2023-01-03,1,1,50.0,P-COF-005,1,เอสเปรสโซ่ (เย็น)
G50645,ผู้มาเยือน (ซื้อครั้งเดียว),2023-01-03,2023-01-03,1,1,20.0,P-NDL-001,1,มาม่า
G50646,ผู้มาเยือน (ซื้อครั้งเดียว),2023-01-04,2023-01-04,1,1,45.0,P-TEA-008,1,ชาแอปเปิ้ล (เย็น)
G50647,ผู้มาเยือน (ซื้อครั้งเดียว),2023-01-04,2023-01-04,1,1,55.0,P-COC-003,1,ช็อคโกแลต (ปั่น)
G50648,ผู้มาเยือน (ซื้อครั้งเดียว),2023-01-04,2023-01-04,1,1,45.0,P-COF-002,1,ลาเต้ (เย็น)
G50649,ผู้มาเยือน (ซื้อครั้งเดียว),2023-01-05,2023-01-05,1,2,85.0,P-COF-001,2,อเมริกาโน่ (เย็น)
G50650,ผู้มาเยือน (ซื้อครั้งเดียว),2023-01-05,2023-01-05,1,1,10.0,P-SOU-001,1,น้ำเปล่า
G50651,ผู้มาเยือน (ซื้อครั้งเดียว),2023-01-05,2023-01-05,1,1,40.0,P-COF-013,1,เอสเปรสโซ่ (ร้อน)
G50652,ผู้มาเยือน (ซื้อครั้งเดียว),2023-01-05,2023-01-05,1,2,70.0,P-COC-005,2,นมสดคาราเมล (เย็น)
G50653,ผู้มาเยือน (ซื้อครั้งเดียว),2023-01-05,2023-01-05,1,2,95.0,P-COC-002,2,โกโก้ (เย็น)
G50654,ผู้มาเยือน (ซื้อครั้งเดียว),2023-01-06,2023-01-06,1,1,40.0,P-COF-013,1,เอสเปรสโซ่ (ร้อน)
G50655,ผู้มาเยือน (ซื้อครั้งเดียว),2023-01-06,2023-01-06,1,1,45.0,P-COF-010,1,อเมริกาโน่น้ำผึ้ง (เย็น)
G50656,ผู้มาเยือน (ซื้อครั้งเดียว),2023-01-06,2023-01-06,1,2,95.0,P-TEA-008,2,ชาแอปเปิ้ล (เย็น)
G50657,ผู้มาเยือน (ซื้อครั้งเดียว),2023-01-06,2023-01-06,1,1,45.0,P-TEA-001,1,ชาเขียว (เย็น)
G50658,ผู้มาเยือน (ซื้อครั้งเดียว),2023-01-07,2023-01-07,1,2,65.0,P-BAK-001,2,ขนมซอง
G50659,ผู้มาเยือน (ซื้อครั้งเดียว),2023-01-07,2023-01-07,1,3,145.0,P-COC-002,2,โกโก้ (เย็น)
G50660,ผู้มาเยือน (ซื้อครั้งเดียว),2023-01-07,2023-01-07,1,1,45.0,P-COF-010,1,อเมริกาโน่น้ำผึ้ง (เย็น)
G50661,ผู้มาเยือน (ซื้อครั้งเดียว),2023-01-07,2023-01-07,1,1,40.0,P-COF-008,1,อเมริกาโน่ (ร้อน)
G50662,ผู้มาเยือน (ซื้อครั้งเดียว),2023-01-07,2023-01-07,1,1,20.0,P-NDL-001,1,มาม่า
G50663,ผู้มาเยือน (ซื้อครั้งเดียว),2023-01-07,2023-01-07,1,2,65.0,P-NDL-001,2,มาม่า
G50664,ผู้มาเยือน (ซื้อครั้งเดียว),2023-01-08,2023-01-08,1,3,140.0,P-COF-002,3,ลาเต้ (เย็น)
G50665,ผู้มาเยือน (ซื้อครั้งเดียว),2023-01-08,2023-01-08,1,1,50.0,P-COC-002,1,โกโก้ (เย็น)
G50666,ผู้มาเยือน (ซื้อครั้งเดียว),2023-01-09,2023-01-09,1,2,110.0,P-SMT-013,2,มะม่วง (ปั่น)
G50667,ผู้มาเยือน (ซื้อครั้งเดียว),2023-01-09,2023-01-09,1,1,20.0,P-NDL-001,1,มาม่า
G50668,ผู้มาเยือน (ซื้อครั้งเดียว),2023-01-09,2023-01-09,1,2,40.0,P-BAK-001,1,ขนมซอง
G50669,ผู้มาเยือน (ซื้อครั้งเดียว),2023-01-09,2023-01-09,1,1,20.0,P-BAK-001,1,ขนมซอง
G50670,ผู้มาเยือน (ซื้อครั้งเดียว),2023-01-09,2023-01-09,1,2,65.0,P-COF-006,2,อเมริกาโน่ช่อมะพร้าว
G50671,ผู้มาเยือน (ซื้อครั้งเดียว),2023-01-09,2023-01-09,1,1,20.0,P-BAK-001,1,ขนมซอง
G50672,ผู้มาเยือน (ซื้อครั้งเดียว),2023-01-10,2023-01-10,1,2,40.0,P-BAK-001,2,ขนมซอง
G50673,ผู้มาเยือน (ซื้อครั้งเดียว),2023-01-10,2023-01-10,1,1,20.0,P-NDL-001,1,มาม่า
G50674,ผู้มาเยือน (ซื้อครั้งเดียว),2023-01-10,2023-01-10,1,1,20.0,P-SFT-002,1,สิงห์เลม่อนโซดา
G50675,ผู้มาเยือน (ซื้อครั้งเดียว),2023-01-10,2023-01-10,1,2,90.0,P-COF-010,2,อเมริกาโน่น้ำผึ้ง (เย็น)
G50676,ผู้มาเยือน (ซื้อครั้งเดียว),2023-01-11,2023-01-11,1,1,50.0,P-COF-007,1,อเมริกาโน่น้ำผึ้งมะนาว
G50677,ผู้มาเยือน (ซื้อครั้งเดียว),2023-01-11,2023-01-11,1,1,30.0,P-BAK-023,1,แซนวิชไก่หยองโบโลน่า
G50678,ผู้มาเยือน (ซื้อครั้งเดียว),2023-01-11,2023-01-11,1,4,140.0,P-SOU-002,2,น้ำแข็ง
G50679,ผู้มาเยือน (ซื้อครั้งเดียว),2023-01-11,2023-01-11,1,2,105.0,P-COF-005,2,เอสเปรสโซ่ (เย็น)
G50680,ผู้มาเยือน (ซื้อครั้งเดียว),2023-01-11,2023-01-11,1,1,79.0,P-BAK-003,1,เค้ก
G50681,ผู้มาเยือน (ซื้อครั้งเดียว),2023-01-11,2023-01-11,1,2,110.0,P-SOD-008,2,มะนาวโซดา
G50682,ผู้มาเยือน (ซื้อครั้งเดียว),2023-01-11,2023-01-11,1,2,95.0,P-TEA-007,2,ชามะนาว (เย็น)
G50683,ผู้มาเยือน (ซื้อครั้งเดียว),2023-01-12,2023-01-12,1,1,50.0,P-COC-002,1,โกโก้ (เย็น)
G50684,ผู้มาเยือน (ซื้อครั้งเดียว),2023-01-12,2023-01-12,1,1,45.0,P-COF-010,1,อเมริกาโน่น้ำผึ้ง (เย็น)
G50685,ผู้มาเยือน (ซื้อครั้งเดียว),2023-01-12,2023-01-12,1,1,45.0,P-TEA-001,1,ชาเขียว (เย็น)
G50686,ผู้มาเยือน (ซื้อครั้งเดียว),2023-01-12,2023-01-12,1,1,45.0,P-SOD-002,1,เลม่อนผสมน้ำผึ้ง
G50687,ผู้มาเยือน (ซื้อครั้งเดียว),2023-01-12,2023-01-12,1,1,50.0,P-COC-001,1,ช็อคโกแลต (เย็น)
G50688,ผู้มาเยือน (ซื้อครั้งเดียว),2023-01-12,2023-01-12,1,1,20.0,P-BAK-001,1,ขนมซอง
G50689,ผู้มาเยือน (ซื้อครั้งเดียว),2023-01-12,2023-01-12,1,1,20.0,P-SFT-001,1,โค้ก ออริจินอล
G50690,ผู้มาเยือน (ซื้อครั้งเดียว),2023-01-13,2023-01-13,1,2,90.0,P-COF-002,2,ลาเต้ (เย็น)
G50691,ผู้มาเยือน (ซื้อครั้งเดียว),2023-01-13,2023-01-13,1,2,50.0,P-COF-014,2,ลาเต้ (ร้อน)
G50692,ผู้มาเยือน (ซื้อครั้งเดียว),2023-01-13,2023-01-13,1,1,50.0,P-COF-006,1,อเมริกาโน่ช่อมะพร้าว
G50693,ผู้มาเยือน (ซื้อครั้งเดียว),2023-01-14,2023-01-14,1,4,190.0,P-TEA-007,4,ชามะนาว (เย็น)
G50694,ผู้มาเยือน (ซื้อครั้งเดียว),2023-01-14,2023-01-14,1,1,50.0,P-COF-005,1,เอสเปรสโซ่ (เย็น)
G50695,ผู้มาเยือน (ซื้อครั้งเดียว),2023-01-14,2023-01-14,1,1,30.0,P-BAK-023,1,แซนวิชไก่หยองโบโลน่า
G50696,ผู้มาเยือน (ซื้อครั้งเดียว),2023-01-14,2023-01-14,1,3,140.0,P-COF-011,3,คาราเมลมัคคีอาโต้
G50697,ผู้มาเยือน (ซื้อครั้งเดียว),2023-01-14,2023-01-14,1,1,50.0,P-COF-006,1,อเมริกาโน่ช่อมะพร้าว
G50698,ผู้มาเยือน (ซื้อครั้งเดียว),2023-01-15,2023-01-15,1,1,45.0,P-COF-003,1,คาปูชิโน่ (เย็น)
G50699,ผู้มาเยือน (ซื้อครั้งเดียว),2023-01-16,2023-01-16,1,1,20.0,P-NDL-021,1,คนอร์ข้าวต้มกุ้งกระเทียม
G50700,ผู้มาเยือน (ซื้อครั้งเดียว),2023-01-16,2023-01-16,1,1,20.0,P-NDL-023,1,ยำยำสุกกี้ทะเล
G50701,ผู้มาเยือน (ซื้อครั้งเดียว),2023-01-16,2023-01-16,1,2,40.0,P-SNK-026,2,คอนเน่ข้าวโพด
G50702,ผู้มาเยือน (ซื้อครั้งเดียว),2023-01-16,2023-01-16,1,4,60.0,P-SNK-035,3,เลย์น้ำพริกกุ้งทรงเครื่อง
G50703,ผู้มาเยือน (ซื้อครั้งเดียว),2023-01-17,2023-01-17,1,3,50.0,P-SOU-001,2,น้ำเปล่า
G50704,ผู้มาเยือน (ซื้อครั้งเดียว),2023-01-17,2023-01-17,1,2,95.0,P-COF-007,2,อเมริกาโน่น้ำผึ้งมะนาว
G50705,ผู้มาเยือน (ซื้อครั้งเดียว),2023-01-17,2023-01-17,1,2,75.0,P-SMT-007,2,แอปเปิ้ล (ปั่น)
G50706,ผู้มาเยือน (ซื้อครั้งเดียว),2023-01-18,2023-01-18,1,1,50.0,P-COF-007,1,อเมริกาโน่น้ำผึ้งมะนาว
G50707,ผู้มาเยือน (ซื้อครั้งเดียว),2023-01-18,2023-01-18,1,2,124.0,P-BAK-006,2,บานอฟฟี่
G50708,ผู้มาเยือน (ซื้อครั้งเดียว),2023-01-18,2023-01-18,1,1,45.0,P-COF-001,1,อเมริกาโน่ (เย็น)
G50709,ผู้มาเยือน (ซื้อครั้งเดียว),2023-01-18,2023-01-18,1,1,45.0,P-COC-009,1,นมชมพู(นมเย็น)
G50710,ผู้มาเยือน (ซื้อครั้งเดียว),2023-01-18,2023-01-18,1,3,55.0,P-SOU-001,2,น้ำเปล่า
G50711,ผู้มาเยือน (ซื้อครั้งเดียว),2023-01-18,2023-01-18,1,1,45.0,P-TEA-002,1,ชาซีลอน (เย็น)
G50712,ผู้มาเยือน (ซื้อครั้งเดียว),2023-01-18,2023-01-18,1,2,90.0,P-COF-002,1,ลาเต้ (เย็น)
G50713,ผู้มาเยือน (ซื้อครั้งเดียว),2023-01-18,2023-01-18,1,2,100.0,P-SMT-003,2,โอริโอ้ (ปั่น)
G50714,ผู้มาเยือน (ซื้อครั้งเดียว),2023-01-18,2023-01-18,1,1,45.0,P-TEA-001,1,ชาเขียว (เย็น)
G50715,ผู้มาเยือน (ซื้อครั้งเดียว),2023-01-19,2023-01-19,1,2,100.0,P-COF-001,2,อเมริกาโน่ (เย็น)
G50716,ผู้มาเยือน (ซื้อครั้งเดียว),2023-01-19,2023-01-19,1,2,65.0,P-NDL-017,2,มาม่ารสหมูสับ
G50717,ผู้มาเยือน (ซื้อครั้งเดียว),2023-01-19,2023-01-19,1,1,50.0,P-COC-005,1,นมสดคาราเมล (เย็น)
G50718,ผู้มาเยือน (ซื้อครั้งเดียว),2023-01-20,2023-01-20,1,2,20.0,P-SOU-001,1,น้ำเปล่า
G50719,ผู้มาเยือน (ซื้อครั้งเดียว),2023-01-20,2023-01-20,1,1,45.0,P-COF-001,1,อเมริกาโน่ (เย็น)
G50720,ผู้มาเยือน (ซื้อครั้งเดียว),2023-01-20,2023-01-20,1,1,35.0,P-SOU-005,1,น้ำส้มคั้นสด
G50721,ผู้มาเยือน (ซื้อครั้งเดียว),2023-01-20,2023-01-20,1,1,50.0,P-COF-004,1,อเมริกาโน่ส้ม
G50722,ผู้มาเยือน (ซื้อครั้งเดียว),2023-01-20,2023-01-20,1,4,253.0,P-BAK-016,4,มินิเค้กสดสตรอเบอรี่
G50723,ผู้มาเยือน (ซื้อครั้งเดียว),2023-01-20,2023-01-20,1,3,135.0,P-TEA-004,3,ชามัทฉะ (เย็น)
G50724,ผู้มาเยือน (ซื้อครั้งเดียว),2023-01-20,2023-01-20,1,1,45.0,P-COF-002,1,ลาเต้ (เย็น)
G50725,ผู้มาเยือน (ซื้อครั้งเดียว),2023-01-20,2023-01-20,1,1,55.0,P-COC-007,1,นมสดคาราเมล (ปั่น)
G50726,ผู้มาเยือน (ซื้อครั้งเดียว),2023-01-20,2023-01-20,1,1,25.0,P-SFT-001,1,โค้ก ออริจินอล
G50727,ผู้มาเยือน (ซื้อครั้งเดียว),2023-01-21,2023-01-21,1,1,55.0,P-TEA-003,1,ชาเขียว (ปั่น)
G50728,ผู้มาเยือน (ซื้อครั้งเดียว),2023-01-21,2023-01-21,1,1,40.0,P-COF-008,1,อเมริกาโน่ (ร้อน)
G50729,ผู้มาเยือน (ซื้อครั้งเดียว),2023-01-22,2023-01-22,1,3,140.0,P-COC-002,2,โกโก้ (เย็น)
G50730,ผู้มาเยือน (ซื้อครั้งเดียว),2023-01-22,2023-01-22,1,2,158.0,P-BAK-012,2,มินิเค้กช็อกโกแลต
G50731,ผู้มาเยือน (ซื้อครั้งเดียว),2023-01-22,2023-01-22,1,1,45.0,P-COC-004,1,นมสด (เย็น)
G50732,ผู้มาเยือน (ซื้อครั้งเดียว),2023-01-22,2023-01-22,1,1,55.0,P-TEA-003,1,ชาเขียว (ปั่น)
G50733,ผู้มาเยือน (ซื้อครั้งเดียว),2023-01-23,2023-01-23,1,1,45.0,P-TEA-001,1,ชาเขียว (เย็น)
G50734,ผู้มาเยือน (ซื้อครั้งเดียว),2023-01-23,2023-01-23,1,1,45.0,P-TEA-007,1,ชามะนาว (เย็น)
G50735,ผู้มาเยือน (ซื้อครั้งเดียว),2023-01-23,2023-01-23,1,1,55.0,P-COF-019,1,มัทฉะลาเต้
G50736,ผู้มาเยือน (ซื้อครั้งเดียว),2023-01-24,2023-01-24,1,1,50.0,P-COF-011,1,คาราเมลมัคคีอาโต้
G50737,ผู้มาเยือน (ซื้อครั้งเดียว),2023-01-24,2023-01-24,1,1,45.0,P-TEA-002,1,ชาซีลอน (เย็น)
G50738,ผู้มาเยือน (ซื้อครั้งเดียว),2023-01-24,2023-01-24,1,2,65.0,P-COF-003,2,คาปูชิโน่ (เย็น)
G50739,ผู้มาเยือน (ซื้อครั้งเดียว),2023-01-24,2023-01-24,1,2,50.0,P-OTH-005,2,ขนมของฝากคละรส
G50740,ผู้มาเยือน (ซื้อครั้งเดียว),2023-01-24,2023-01-24,1,1,40.0,P-COF-008,1,อเมริกาโน่ (ร้อน)
G50741,ผู้มาเยือน (ซื้อครั้งเดียว),2023-01-24,2023-01-24,1,1,55.0,P-COC-006,1,โกโก้ (ปั่น)
G50742,ผู้มาเยือน (ซื้อครั้งเดียว),2023-01-25,2023-01-25,1,1,40.0,P-COF-008,1,อเมริกาโน่ (ร้อน)
G50743,ผู้มาเยือน (ซื้อครั้งเดียว),2023-01-25,2023-01-25,1,1,45.0,P-COF-001,1,อเมริกาโน่ (เย็น)
G50744,ผู้มาเยือน (ซื้อครั้งเดียว),2023-01-25,2023-01-25,1,1,50.0,P-COF-005,1,เอสเปรสโซ่ (เย็น)
G50745,ผู้มาเยือน (ซื้อครั้งเดียว),2023-01-25,2023-01-25,1,1,35.0,P-BAK-008,1,เค้กช็อคหน้านิ่ม
G50746,ผู้มาเยือน (ซื้อครั้งเดียว),2023-01-25,2023-01-25,1,1,45.0,P-SOD-006,1,กีวี่
G50747,ผู้มาเยือน (ซื้อครั้งเดียว),2023-01-26,2023-01-26,1,1,45.0,P-TEA-001,1,ชาเขียว (เย็น)
G50748,ผู้มาเยือน (ซื้อครั้งเดียว),2023-01-26,2023-01-26,1,1,45.0,P-SOD-001,1,สตรอเบอรี่
G50749,ผู้มาเยือน (ซื้อครั้งเดียว),2023-01-26,2023-01-26,1,1,20.0,P-SNK-001,1,ขนมเลย์
G50750,ผู้มาเยือน (ซื้อครั้งเดียว),2023-01-27,2023-01-27,1,1,50.0,P-COC-001,1,ช็อคโกแลต (เย็น)
G50751,ผู้มาเยือน (ซื้อครั้งเดียว),2023-01-27,2023-01-27,1,1,20.0,P-SNK-002,1,ป็อกกี้
G50752,ผู้มาเยือน (ซื้อครั้งเดียว),2023-01-27,2023-01-27,1,2,90.0,P-TEA-006,2,ชาน้ำผึ้งมะนาว (เย็น)
G50753,ผู้มาเยือน (ซื้อครั้งเดียว),2023-01-27,2023-01-27,1,1,50.0,P-COC-001,1,ช็อคโกแลต (เย็น)
G50754,ผู้มาเยือน (ซื้อครั้งเดียว),2023-01-27,2023-01-27,1,1,50.0,P-COF-004,1,อเมริกาโน่ส้ม
G50755,ผู้มาเยือน (ซื้อครั้งเดียว),2023-01-27,2023-01-27,1,1,50.0,P-TEA-015,1,ชากุหลาบน้ำผึ้งมะนาว (เย็น)
G50756,ผู้มาเยือน (ซื้อครั้งเดียว),2023-01-28,2023-01-28,1,1,50.0,P-COF-004,1,อเมริกาโน่ส้ม
G50757,ผู้มาเยือน (ซื้อครั้งเดียว),2023-01-28,2023-01-28,1,2,20.0,P-TOP-001,1,วุ้นบุก
G50758,ผู้มาเยือน (ซื้อครั้งเดียว),2023-01-28,2023-01-28,1,1,55.0,P-COC-006,1,โกโก้ (ปั่น)
G50759,ผู้มาเยือน (ซื้อครั้งเดียว),2023-01-28,2023-01-28,1,1,20.0,P-SNK-006,1,สแน็กแจ็ค
G50760,ผู้มาเยือน (ซื้อครั้งเดียว),2023-01-28,2023-01-28,1,1,50.0,P-COF-005,1,เอสเปรสโซ่ (เย็น)
G50761,ผู้มาเยือน (ซื้อครั้งเดียว),2023-01-29,2023-01-29,1,2,90.0,P-TEA-002,1,ชาซีลอน (เย็น)
G50762,ผู้มาเยือน (ซื้อครั้งเดียว),2023-01-29,2023-01-29,1,2,40.0,P-NDL-003,2,ไวไว
G50763,ผู้มาเยือน (ซื้อครั้งเดียว),2023-01-30,2023-01-30,1,2,70.0,P-SNK-002,2,ป็อกกี้
G50764,ผู้มาเยือน (ซื้อครั้งเดียว),2023-01-30,2023-01-30,1,2,80.0,P-COC-011,2,โกโก้ (ร้อน)
G50765,ผู้มาเยือน (ซื้อครั้งเดียว),2023-01-30,2023-01-30,1,1,55.0,P-SMT-013,1,มะม่วง (ปั่น)
G50766,ผู้มาเยือน (ซื้อครั้งเดียว),2023-01-30,2023-01-30,1,2,114.0,P-BAK-016,2,มินิเค้กสดสตรอเบอรี่
G50767,ผู้มาเยือน (ซื้อครั้งเดียว),2023-01-30,2023-01-30,1,2,105.0,P-SMT-008,2,สมูตตี้ มะม่วง
G50768,ผู้มาเยือน (ซื้อครั้งเดียว),2023-01-30,2023-01-30,1,2,100.0,P-COC-001,1,ช็อคโกแลต (เย็น)
G50769,ผู้มาเยือน (ซื้อครั้งเดียว),2023-01-30,2023-01-30,1,1,10.0,P-SOU-001,1,น้ำเปล่า
G50770,ผู้มาเยือน (ซื้อครั้งเดียว),2023-01-31,2023-01-31,1,1,45.0,P-TEA-001,1,ชาเขียว (เย็น)
G50771,ผู้มาเยือน (ซื้อครั้งเดียว),2023-01-31,2023-01-31,1,1,50.0,P-COF-005,1,เอสเปรสโซ่ (เย็น)
G50772,ผู้มาเยือน (ซื้อครั้งเดียว),2023-01-31,2023-01-31,1,1,45.0,P-COF-001,1,อเมริกาโน่ (เย็น)
G50773,ผู้มาเยือน (ซื้อครั้งเดียว),2023-01-31,2023-01-31,1,1,45.0,P-COF-001,1,อเมริกาโน่ (เย็น)
G50774,ผู้มาเยือน (ซื้อครั้งเดียว),2023-01-31,2023-01-31,1,2,70.0,P-NDL-004,2,โจ๊ก
G50775,ผู้มาเยือน (ซื้อครั้งเดียว),2023-01-31,2023-01-31,1,1,45.0,P-COF-002,1,ลาเต้ (เย็น)
G50776,ผู้มาเยือน (ซื้อครั้งเดียว),2023-01-31,2023-01-31,1,1,55.0,P-SMT-006,1,สตรอเบอรี่ (ปั่น)
G50777,ผู้มาเยือน (ซื้อครั้งเดียว),2023-02-01,2023-02-01,1,1,50.0,P-COF-009,1,มอคค่า (เย็น)
G50778,ผู้มาเยือน (ซื้อครั้งเดียว),2023-02-01,2023-02-01,1,1,50.0,P-TEA-004,1,ชามัทฉะ (เย็น)
G50779,ผู้มาเยือน (ซื้อครั้งเดียว),2023-02-01,2023-02-01,1,1,40.0,P-TEA-021,1,ชาซีลอน (ร้อน)
G50780,ผู้มาเยือน (ซื้อครั้งเดียว),2023-02-01,2023-02-01,1,1,45.0,P-TEA-001,1,ชาเขียว (เย็น)
G50781,ผู้มาเยือน (ซื้อครั้งเดียว),2023-02-01,2023-02-01,1,1,45.0,P-COF-003,1,คาปูชิโน่ (เย็น)
G50782,ผู้มาเยือน (ซื้อครั้งเดียว),2023-02-02,2023-02-02,1,1,50.0,P-COF-011,1,คาราเมลมัคคีอาโต้
G50783,ผู้มาเยือน (ซื้อครั้งเดียว),2023-02-02,2023-02-02,1,2,100.0,P-COF-009,2,มอคค่า (เย็น)
G50784,ผู้มาเยือน (ซื้อครั้งเดียว),2023-02-02,2023-02-02,1,1,50.0,P-COF-005,1,เอสเปรสโซ่ (เย็น)
G50785,ผู้มาเยือน (ซื้อครั้งเดียว),2023-02-02,2023-02-02,1,1,45.0,P-TEA-001,1,ชาเขียว (เย็น)
G50786,ผู้มาเยือน (ซื้อครั้งเดียว),2023-02-02,2023-02-02,1,3,140.0,P-COC-002,3,โกโก้ (เย็น)
G50787,ผู้มาเยือน (ซื้อครั้งเดียว),2023-02-02,2023-02-02,1,1,50.0,P-COC-002,1,โกโก้ (เย็น)
G50788,ผู้มาเยือน (ซื้อครั้งเดียว),2023-02-03,2023-02-03,1,1,55.0,P-TEA-003,1,ชาเขียว (ปั่น)
G50789,ผู้มาเยือน (ซื้อครั้งเดียว),2023-02-03,2023-02-03,1,1,50.0,P-COF-006,1,อเมริกาโน่ช่อมะพร้าว
G50790,ผู้มาเยือน (ซื้อครั้งเดียว),2023-02-03,2023-02-03,1,2,95.0,P-COC-001,2,ช็อคโกแลต (เย็น)
G50791,ผู้มาเยือน (ซื้อครั้งเดียว),2023-02-03,2023-02-03,1,2,30.0,P-NDL-001,2,มาม่า
G50792,ผู้มาเยือน (ซื้อครั้งเดียว),2023-02-04,2023-02-04,1,1,50.0,P-COC-001,1,ช็อคโกแลต (เย็น)
G50793,ผู้มาเยือน (ซื้อครั้งเดียว),2023-02-05,2023-02-05,1,1,45.0,P-COF-003,1,คาปูชิโน่ (เย็น)
G50794,ผู้มาเยือน (ซื้อครั้งเดียว),2023-02-05,2023-02-05,1,1,55.0,P-COC-003,1,ช็อคโกแลต (ปั่น)
G50795,ผู้มาเยือน (ซื้อครั้งเดียว),2023-02-06,2023-02-06,1,2,95.0,P-COF-004,2,อเมริกาโน่ส้ม
G50796,ผู้มาเยือน (ซื้อครั้งเดียว),2023-02-06,2023-02-06,1,1,40.0,P-COC-011,1,โกโก้ (ร้อน)
G50797,ผู้มาเยือน (ซื้อครั้งเดียว),2023-02-06,2023-02-06,1,1,20.0,P-NDL-003,1,ไวไว
G50798,ผู้มาเยือน (ซื้อครั้งเดียว),2023-02-06,2023-02-06,1,1,50.0,P-COF-006,1,อเมริกาโน่ช่อมะพร้าว
G50799,ผู้มาเยือน (ซื้อครั้งเดียว),2023-02-06,2023-02-06,1,3,65.0,P-FOD-001,3,แซนวิชโบราณ
G50800,ผู้มาเยือน (ซื้อครั้งเดียว),2023-02-07,2023-02-07,1,1,50.0,P-COF-005,1,เอสเปรสโซ่ (เย็น)
G50801,ผู้มาเยือน (ซื้อครั้งเดียว),2023-02-07,2023-02-07,1,1,45.0,P-SOD-001,1,สตรอเบอรี่
G50802,ผู้มาเยือน (ซื้อครั้งเดียว),2023-02-07,2023-02-07,1,1,20.0,P-NDL-003,1,ไวไว
G50803,ผู้มาเยือน (ซื้อครั้งเดียว),2023-02-07,2023-02-07,1,1,25.0,P-SFT-001,1,โค้ก ออริจินอล
G50804,ผู้มาเยือน (ซื้อครั้งเดียว),2023-02-07,2023-02-07,1,1,45.0,P-SOD-007,1,บลูเบอรี่
G50805,ผู้มาเยือน (ซื้อครั้งเดียว),2023-02-08,2023-02-08,1,2,90.0,P-COF-003,2,คาปูชิโน่ (เย็น)
G50806,ผู้มาเยือน (ซื้อครั้งเดียว),2023-02-08,2023-02-08,1,3,85.0,P-NDL-003,3,ไวไว
G50807,ผู้มาเยือน (ซื้อครั้งเดียว),2023-02-08,2023-02-08,1,1,50.0,P-COF-004,1,อเมริกาโน่ส้ม
G50808,ผู้มาเยือน (ซื้อครั้งเดียว),2023-02-08,2023-02-08,1,8,370.0,P-COF-001,4,อเมริกาโน่ (เย็น)
G50809,ผู้มาเยือน (ซื้อครั้งเดียว),2023-02-08,2023-02-08,1,1,45.0,P-COF-001,1,อเมริกาโน่ (เย็น)
G50810,ผู้มาเยือน (ซื้อครั้งเดียว),2023-02-08,2023-02-08,1,1,45.0,P-TEA-002,1,ชาซีลอน (เย็น)
G50811,ผู้มาเยือน (ซื้อครั้งเดียว),2023-02-08,2023-02-08,1,2,405.0,P-COF-021,2,เอสเปรสโซ่ (ปั่น)
G50812,ผู้มาเยือน (ซื้อครั้งเดียว),2023-02-08,2023-02-08,1,1,45.0,P-COF-010,1,อเมริกาโน่น้ำผึ้ง (เย็น)
G50813,ผู้มาเยือน (ซื้อครั้งเดียว),2023-02-09,2023-02-09,1,1,45.0,P-COF-003,1,คาปูชิโน่ (เย็น)
G50814,ผู้มาเยือน (ซื้อครั้งเดียว),2023-02-09,2023-02-09,1,2,55.0,P-SOU-001,2,น้ำเปล่า
G50815,ผู้มาเยือน (ซื้อครั้งเดียว),2023-02-09,2023-02-09,1,2,90.0,P-COF-001,2,อเมริกาโน่ (เย็น)
G50816,ผู้มาเยือน (ซื้อครั้งเดียว),2023-02-09,2023-02-09,1,1,45.0,P-COF-001,1,อเมริกาโน่ (เย็น)
G50817,ผู้มาเยือน (ซื้อครั้งเดียว),2023-02-09,2023-02-09,1,2,30.0,P-SFT-002,2,สิงห์เลม่อนโซดา
G50818,ผู้มาเยือน (ซื้อครั้งเดียว),2023-02-09,2023-02-09,1,2,95.0,P-COF-002,2,ลาเต้ (เย็น)
G50819,ผู้มาเยือน (ซื้อครั้งเดียว),2023-02-09,2023-02-09,1,1,45.0,P-TEA-007,1,ชามะนาว (เย็น)
G50820,ผู้มาเยือน (ซื้อครั้งเดียว),2023-02-09,2023-02-09,1,1,50.0,P-COF-004,1,อเมริกาโน่ส้ม
G50821,ผู้มาเยือน (ซื้อครั้งเดียว),2023-02-09,2023-02-09,1,2,40.0,P-SNK-003,2,เทสโต้
G50822,ผู้มาเยือน (ซื้อครั้งเดียว),2023-02-09,2023-02-09,1,2,105.0,P-COF-004,2,อเมริกาโน่ส้ม
G50823,ผู้มาเยือน (ซื้อครั้งเดียว),2023-02-10,2023-02-10,1,2,65.0,P-NDL-004,2,โจ๊ก
G50824,ผู้มาเยือน (ซื้อครั้งเดียว),2023-02-10,2023-02-10,1,3,120.0,P-COF-002,3,ลาเต้ (เย็น)
G50825,ผู้มาเยือน (ซื้อครั้งเดียว),2023-02-10,2023-02-10,1,1,45.0,P-COF-002,1,ลาเต้ (เย็น)
G50826,ผู้มาเยือน (ซื้อครั้งเดียว),2023-02-10,2023-02-10,1,2,40.0,P-SNK-002,1,ป็อกกี้
G50827,ผู้มาเยือน (ซื้อครั้งเดียว),2023-02-10,2023-02-10,1,2,65.0,P-NDL-003,2,ไวไว
G50828,ผู้มาเยือน (ซื้อครั้งเดียว),2023-02-10,2023-02-10,1,1,40.0,P-COC-011,1,โกโก้ (ร้อน)
G50829,ผู้มาเยือน (ซื้อครั้งเดียว),2023-02-12,2023-02-12,1,3,90.0,P-SOU-002,3,น้ำแข็ง
G50830,ผู้มาเยือน (ซื้อครั้งเดียว),2023-02-12,2023-02-12,1,1,50.0,P-TEA-009,1,ชากุหลาบนมสด
G50831,ผู้มาเยือน (ซื้อครั้งเดียว),2023-02-12,2023-02-12,1,1,50.0,P-COC-001,1,ช็อคโกแลต (เย็น)
G50832,ผู้มาเยือน (ซื้อครั้งเดียว),2023-02-13,2023-02-13,1,1,45.0,P-TEA-001,1,ชาเขียว (เย็น)
G50833,ผู้มาเยือน (ซื้อครั้งเดียว),2023-02-13,2023-02-13,1,1,45.0,P-TEA-007,1,ชามะนาว (เย็น)
G50834,ผู้มาเยือน (ซื้อครั้งเดียว),2023-02-13,2023-02-13,1,1,45.0,P-TEA-001,1,ชาเขียว (เย็น)
G50835,ผู้มาเยือน (ซื้อครั้งเดียว),2023-02-13,2023-02-13,1,1,10.0,P-SOU-001,1,น้ำเปล่า
G50836,ผู้มาเยือน (ซื้อครั้งเดียว),2023-02-14,2023-02-14,1,4,110.0,P-COC-005,4,นมสดคาราเมล (เย็น)
G50837,ผู้มาเยือน (ซื้อครั้งเดียว),2023-02-14,2023-02-14,1,1,50.0,P-TEA-015,1,ชากุหลาบน้ำผึ้งมะนาว (เย็น)
G50838,ผู้มาเยือน (ซื้อครั้งเดียว),2023-02-14,2023-02-14,1,1,45.0,P-SOD-003,1,ลิ้นจี่
G50839,ผู้มาเยือน (ซื้อครั้งเดียว),2023-02-15,2023-02-15,1,1,45.0,P-COC-004,1,นมสด (เย็น)
G50840,ผู้มาเยือน (ซื้อครั้งเดียว),2023-02-15,2023-02-15,1,2,100.0,P-COC-002,2,โกโก้ (เย็น)
G50841,ผู้มาเยือน (ซื้อครั้งเดียว),2023-02-15,2023-02-15,1,1,40.0,P-COF-020,1,มอคค่า (ร้อน)
G50842,ผู้มาเยือน (ซื้อครั้งเดียว),2023-02-15,2023-02-15,1,1,20.0,P-NDL-001,1,มาม่า
G50843,ผู้มาเยือน (ซื้อครั้งเดียว),2023-02-16,2023-02-16,1,2,60.0,P-TEA-004,2,ชามัทฉะ (เย็น)
G50844,ผู้มาเยือน (ซื้อครั้งเดียว),2023-02-16,2023-02-16,1,1,20.0,P-NDL-005,1,ซือดะรสต้มโคล้ง
G50845,ผู้มาเยือน (ซื้อครั้งเดียว),2023-02-16,2023-02-16,1,1,45.0,P-TEA-007,1,ชามะนาว (เย็น)
G50846,ผู้มาเยือน (ซื้อครั้งเดียว),2023-02-17,2023-02-17,1,1,45.0,P-COC-009,1,นมชมพู(นมเย็น)
G50847,ผู้มาเยือน (ซื้อครั้งเดียว),2023-02-18,2023-02-18,1,1,50.0,P-COC-002,1,โกโก้ (เย็น)
G50848,ผู้มาเยือน (ซื้อครั้งเดียว),2023-02-18,2023-02-18,1,1,20.0,P-NDL-004,1,โจ๊ก
G50849,ผู้มาเยือน (ซื้อครั้งเดียว),2023-02-19,2023-02-19,1,1,40.0,P-COF-013,1,เอสเปรสโซ่ (ร้อน)
G50850,ผู้มาเยือน (ซื้อครั้งเดียว),2023-02-19,2023-02-19,1,1,55.0,P-SMT-007,1,แอปเปิ้ล (ปั่น)
G50851,ผู้มาเยือน (ซื้อครั้งเดียว),2023-02-20,2023-02-20,1,1,45.0,P-COF-001,1,อเมริกาโน่ (เย็น)
G50852,ผู้มาเยือน (ซื้อครั้งเดียว),2023-02-20,2023-02-20,1,1,50.0,P-COC-001,1,ช็อคโกแลต (เย็น)
G50853,ผู้มาเยือน (ซื้อครั้งเดียว),2023-02-20,2023-02-20,1,2,45.0,P-SNK-001,2,ขนมเลย์
G50854,ผู้มาเยือน (ซื้อครั้งเดียว),2023-02-20,2023-02-20,1,1,45.0,P-COF-001,1,อเมริกาโน่ (เย็น)
G50855,ผู้มาเยือน (ซื้อครั้งเดียว),2023-02-20,2023-02-20,1,4,120.0,P-COC-001,4,ช็อคโกแลต (เย็น)
G50856,ผู้มาเยือน (ซื้อครั้งเดียว),2023-02-20,2023-02-20,1,1,40.0,P-COF-020,1,มอคค่า (ร้อน)
G50857,ผู้มาเยือน (ซื้อครั้งเดียว),2023-02-20,2023-02-20,1,1,45.0,P-COF-002,1,ลาเต้ (เย็น)
G50858,ผู้มาเยือน (ซื้อครั้งเดียว),2023-02-21,2023-02-21,1,1,45.0,P-COF-002,1,ลาเต้ (เย็น)
G50859,ผู้มาเยือน (ซื้อครั้งเดียว),2023-02-21,2023-02-21,1,2,95.0,P-COC-004,2,นมสด (เย็น)
G50860,ผู้มาเยือน (ซื้อครั้งเดียว),2023-02-21,2023-02-21,1,1,45.0,P-SOD-010,1,แดงโซดา
G50861,ผู้มาเยือน (ซื้อครั้งเดียว),2023-02-21,2023-02-21,1,1,45.0,P-COF-002,1,ลาเต้ (เย็น)
G50862,ผู้มาเยือน (ซื้อครั้งเดียว),2023-02-21,2023-02-21,1,1,45.0,P-TEA-001,1,ชาเขียว (เย็น)
G50863,ผู้มาเยือน (ซื้อครั้งเดียว),2023-02-21,2023-02-21,1,1,50.0,P-COC-001,1,ช็อคโกแลต (เย็น)
G50864,ผู้มาเยือน (ซื้อครั้งเดียว),2023-02-21,2023-02-21,1,1,55.0,P-COC-007,1,นมสดคาราเมล (ปั่น)
G50865,ผู้มาเยือน (ซื้อครั้งเดียว),2023-02-21,2023-02-21,1,1,55.0,P-TEA-003,1,ชาเขียว (ปั่น)
G50866,ผู้มาเยือน (ซื้อครั้งเดียว),2023-02-21,2023-02-21,1,1,45.0,P-TEA-002,1,ชาซีลอน (เย็น)
G50867,ผู้มาเยือน (ซื้อครั้งเดียว),2023-02-21,2023-02-21,1,1,45.0,P-COF-003,1,คาปูชิโน่ (เย็น)
G50868,ผู้มาเยือน (ซื้อครั้งเดียว),2023-02-21,2023-02-21,1,3,105.0,P-SOU-004,1,กรือโป๊ะนรา
G50869,ผู้มาเยือน (ซื้อครั้งเดียว),2023-02-21,2023-02-21,1,1,45.0,P-COC-009,1,นมชมพู(นมเย็น)
G50870,ผู้มาเยือน (ซื้อครั้งเดียว),2023-02-22,2023-02-22,1,1,45.0,P-COF-003,1,คาปูชิโน่ (เย็น)
G50871,ผู้มาเยือน (ซื้อครั้งเดียว),2023-02-22,2023-02-22,1,1,10.0,P-SOU-001,1,น้ำเปล่า
G50872,ผู้มาเยือน (ซื้อครั้งเดียว),2023-02-22,2023-02-22,1,2,100.0,P-COF-006,2,อเมริกาโน่ช่อมะพร้าว
G50873,ผู้มาเยือน (ซื้อครั้งเดียว),2023-02-23,2023-02-23,1,2,75.0,P-NDL-002,2,ยำยำ
G50874,ผู้มาเยือน (ซื้อครั้งเดียว),2023-02-23,2023-02-23,1,1,25.0,P-FOD-001,1,แซนวิชโบราณ
G50875,ผู้มาเยือน (ซื้อครั้งเดียว),2023-02-23,2023-02-23,1,1,45.0,P-SOD-002,1,เลม่อนผสมน้ำผึ้ง
G50876,ผู้มาเยือน (ซื้อครั้งเดียว),2023-02-23,2023-02-23,1,1,50.0,P-COC-002,1,โกโก้ (เย็น)
G50877,ผู้มาเยือน (ซื้อครั้งเดียว),2023-02-23,2023-02-23,1,3,155.0,P-COF-005,3,เอสเปรสโซ่ (เย็น)
G50878,ผู้มาเยือน (ซื้อครั้งเดียว),2023-02-23,2023-02-23,1,2,45.0,P-FOD-001,2,แซนวิชโบราณ
G50879,ผู้มาเยือน (ซื้อครั้งเดียว),2023-02-23,2023-02-23,1,1,20.0,P-NDL-002,1,ยำยำ
G50880,ผู้มาเยือน (ซื้อครั้งเดียว),2023-02-24,2023-02-24,1,2,90.0,P-COF-001,1,อเมริกาโน่ (เย็น)
G50881,ผู้มาเยือน (ซื้อครั้งเดียว),2023-02-24,2023-02-24,1,2,95.0,P-COF-003,2,คาปูชิโน่ (เย็น)
G50882,ผู้มาเยือน (ซื้อครั้งเดียว),2023-02-24,2023-02-24,1,1,45.0,P-COF-002,1,ลาเต้ (เย็น)
G50883,ผู้มาเยือน (ซื้อครั้งเดียว),2023-02-24,2023-02-24,1,1,5.0,P-SOU-002,1,น้ำแข็ง
G50884,ผู้มาเยือน (ซื้อครั้งเดียว),2023-02-25,2023-02-25,1,2,70.0,P-COF-002,2,ลาเต้ (เย็น)
G50885,ผู้มาเยือน (ซื้อครั้งเดียว),2023-02-25,2023-02-25,1,1,45.0,P-TEA-001,1,ชาเขียว (เย็น)
G50886,ผู้มาเยือน (ซื้อครั้งเดียว),2023-02-25,2023-02-25,1,2,75.0,P-COF-009,2,มอคค่า (เย็น)
G50887,ผู้มาเยือน (ซื้อครั้งเดียว),2023-02-25,2023-02-25,1,1,45.0,P-TEA-005,1,ชาพีช (เย็น)
G50888,ผู้มาเยือน (ซื้อครั้งเดียว),2023-02-26,2023-02-26,1,1,45.0,P-TEA-001,1,ชาเขียว (เย็น)
G50889,ผู้มาเยือน (ซื้อครั้งเดียว),2023-02-26,2023-02-26,1,1,79.0,P-BAK-012,1,มินิเค้กช็อกโกแลต
G50890,ผู้มาเยือน (ซื้อครั้งเดียว),2023-02-27,2023-02-27,1,2,65.0,P-TEA-003,2,ชาเขียว (ปั่น)
G50891,ผู้มาเยือน (ซื้อครั้งเดียว),2023-02-27,2023-02-27,1,3,145.0,P-COC-004,3,นมสด (เย็น)
G50892,ผู้มาเยือน (ซื้อครั้งเดียว),2023-02-27,2023-02-27,1,1,25.0,P-SOU-008,1,กล้วนฉาบรวมรส
G50893,ผู้มาเยือน (ซื้อครั้งเดียว),2023-02-27,2023-02-27,1,1,20.0,P-SNK-003,1,เทสโต้
G50894,ผู้มาเยือน (ซื้อครั้งเดียว),2023-02-27,2023-02-27,1,1,45.0,P-TEA-001,1,ชาเขียว (เย็น)
G50895,ผู้มาเยือน (ซื้อครั้งเดียว),2023-02-27,2023-02-27,1,1,55.0,P-TEA-003,1,ชาเขียว (ปั่น)
G50896,ผู้มาเยือน (ซื้อครั้งเดียว),2023-02-28,2023-02-28,1,1,45.0,P-COF-002,1,ลาเต้ (เย็น)
G50897,ผู้มาเยือน (ซื้อครั้งเดียว),2023-02-28,2023-02-28,1,1,55.0,P-COF-018,1,มอคค่า (ปั่น)
G50898,ผู้มาเยือน (ซื้อครั้งเดียว),2023-02-28,2023-02-28,1,1,50.0,P-COF-005,1,เอสเปรสโซ่ (เย็น)
G50899,ผู้มาเยือน (ซื้อครั้งเดียว),2023-02-28,2023-02-28,1,1,50.0,P-TEA-009,1,ชากุหลาบนมสด
G50900,ผู้มาเยือน (ซื้อครั้งเดียว),2023-02-28,2023-02-28,1,1,45.0,P-TEA-006,1,ชาน้ำผึ้งมะนาว (เย็น)
G50901,ผู้มาเยือน (ซื้อครั้งเดียว),2023-02-28,2023-02-28,1,1,50.0,P-TEA-009,1,ชากุหลาบนมสด
G50902,ผู้มาเยือน (ซื้อครั้งเดียว),2023-02-28,2023-02-28,1,2,80.0,P-BAK-008,2,เค้กช็อคหน้านิ่ม
G50903,ผู้มาเยือน (ซื้อครั้งเดียว),2023-02-28,2023-02-28,1,1,55.0,P-TEA-003,1,ชาเขียว (ปั่น)
G50904,ผู้มาเยือน (ซื้อครั้งเดียว),2023-02-28,2023-02-28,1,1,45.0,P-COC-004,1,นมสด (เย็น)
G50905,ผู้มาเยือน (ซื้อครั้งเดียว),2023-02-28,2023-02-28,1,1,55.0,P-SMT-006,1,สตรอเบอรี่ (ปั่น)
G50906,ผู้มาเยือน (ซื้อครั้งเดียว),2023-02-28,2023-02-28,1,1,50.0,P-TEA-004,1,ชามัทฉะ (เย็น)
G50907,ผู้มาเยือน (ซื้อครั้งเดียว),2023-02-28,2023-02-28,1,1,55.0,P-SMT-004,1,นมสดกล้วย (ปั่น)
G50908,ผู้มาเยือน (ซื้อครั้งเดียว),2023-03-01,2023-03-01,1,1,20.0,P-SNK-001,1,ขนมเลย์
G50909,ผู้มาเยือน (ซื้อครั้งเดียว),2023-03-01,2023-03-01,1,1,40.0,P-COF-013,1,เอสเปรสโซ่ (ร้อน)
G50910,ผู้มาเยือน (ซื้อครั้งเดียว),2023-03-01,2023-03-01,1,2,100.0,P-COF-004,1,อเมริกาโน่ส้ม
G50911,ผู้มาเยือน (ซื้อครั้งเดียว),2023-03-01,2023-03-01,1,1,45.0,P-COF-003,1,คาปูชิโน่ (เย็น)
G50912,ผู้มาเยือน (ซื้อครั้งเดียว),2023-03-01,2023-03-01,1,4,180.0,P-TEA-002,1,ชาซีลอน (เย็น)
G50913,ผู้มาเยือน (ซื้อครั้งเดียว),2023-03-02,2023-03-02,1,1,50.0,P-COC-001,1,ช็อคโกแลต (เย็น)
G50914,ผู้มาเยือน (ซื้อครั้งเดียว),2023-03-02,2023-03-02,1,1,45.0,P-TEA-001,1,ชาเขียว (เย็น)
G50915,ผู้มาเยือน (ซื้อครั้งเดียว),2023-03-02,2023-03-02,1,1,45.0,P-COF-010,1,อเมริกาโน่น้ำผึ้ง (เย็น)
G50916,ผู้มาเยือน (ซื้อครั้งเดียว),2023-03-02,2023-03-02,1,1,50.0,P-COC-001,1,ช็อคโกแลต (เย็น)
G50917,ผู้มาเยือน (ซื้อครั้งเดียว),2023-03-02,2023-03-02,1,2,65.0,P-NDL-001,2,มาม่า
G50918,ผู้มาเยือน (ซื้อครั้งเดียว),2023-03-03,2023-03-03,1,2,55.0,P-TOP-001,2,วุ้นบุก
G50919,ผู้มาเยือน (ซื้อครั้งเดียว),2023-03-03,2023-03-03,1,1,50.0,P-COF-011,1,คาราเมลมัคคีอาโต้
G50920,ผู้มาเยือน (ซื้อครั้งเดียว),2023-03-03,2023-03-03,1,1,40.0,P-COF-012,1,คาปูชิโน่ (ร้อน)
G50921,ผู้มาเยือน (ซื้อครั้งเดียว),2023-03-03,2023-03-03,1,2,95.0,P-COC-005,2,นมสดคาราเมล (เย็น)
G50922,ผู้มาเยือน (ซื้อครั้งเดียว),2023-03-03,2023-03-03,1,1,50.0,P-COC-002,1,โกโก้ (เย็น)
G50923,ผู้มาเยือน (ซื้อครั้งเดียว),2023-03-03,2023-03-03,1,1,55.0,P-COC-003,1,ช็อคโกแลต (ปั่น)
G50924,ผู้มาเยือน (ซื้อครั้งเดียว),2023-03-04,2023-03-04,1,2,90.0,P-COF-001,2,อเมริกาโน่ (เย็น)
G50925,ผู้มาเยือน (ซื้อครั้งเดียว),2023-03-04,2023-03-04,1,1,45.0,P-COF-001,1,อเมริกาโน่ (เย็น)
G50926,ผู้มาเยือน (ซื้อครั้งเดียว),2023-03-04,2023-03-04,1,1,50.0,P-TEA-004,1,ชามัทฉะ (เย็น)
G50927,ผู้มาเยือน (ซื้อครั้งเดียว),2023-03-04,2023-03-04,1,3,105.0,P-COC-009,3,นมชมพู(นมเย็น)
G50928,ผู้มาเยือน (ซื้อครั้งเดียว),2023-03-04,2023-03-04,1,1,50.0,P-TEA-004,1,ชามัทฉะ (เย็น)
G50929,ผู้มาเยือน (ซื้อครั้งเดียว),2023-03-05,2023-03-05,1,4,180.0,P-COC-001,4,ช็อคโกแลต (เย็น)
G50930,ผู้มาเยือน (ซื้อครั้งเดียว),2023-03-05,2023-03-05,1,2,20.0,P-SOU-001,1,น้ำเปล่า
G50931,ผู้มาเยือน (ซื้อครั้งเดียว),2023-03-06,2023-03-06,1,1,20.0,P-SNK-004,1,โคอะล่ามาร์ช
G50932,ผู้มาเยือน (ซื้อครั้งเดียว),2023-03-06,2023-03-06,1,1,55.0,P-TEA-016,1,ชามัทฉะ (ปั่น)
G50933,ผู้มาเยือน (ซื้อครั้งเดียว),2023-03-06,2023-03-06,1,4,268.0,P-BAK-016,4,มินิเค้กสดสตรอเบอรี่
G50934,ผู้มาเยือน (ซื้อครั้งเดียว),2023-03-07,2023-03-07,1,1,20.0,P-NDL-005,1,ซือดะรสต้มโคล้ง
G50935,ผู้มาเยือน (ซื้อครั้งเดียว),2023-03-07,2023-03-07,1,1,50.0,P-TEA-004,1,ชามัทฉะ (เย็น)
G50936,ผู้มาเยือน (ซื้อครั้งเดียว),2023-03-07,2023-03-07,1,1,55.0,P-SMT-006,1,สตรอเบอรี่ (ปั่น)
G50937,ผู้มาเยือน (ซื้อครั้งเดียว),2023-03-07,2023-03-07,1,1,45.0,P-TEA-001,1,ชาเขียว (เย็น)
G50938,ผู้มาเยือน (ซื้อครั้งเดียว),2023-03-08,2023-03-08,1,1,55.0,P-COC-007,1,นมสดคาราเมล (ปั่น)
G50939,ผู้มาเยือน (ซื้อครั้งเดียว),2023-03-08,2023-03-08,1,2,70.0,P-FOD-001,2,แซนวิชโบราณ
G50940,ผู้มาเยือน (ซื้อครั้งเดียว),2023-03-09,2023-03-09,1,2,100.0,P-COF-004,2,อเมริกาโน่ส้ม
G50941,ผู้มาเยือน (ซื้อครั้งเดียว),2023-03-09,2023-03-09,1,1,45.0,P-SOD-001,1,สตรอเบอรี่
G50942,ผู้มาเยือน (ซื้อครั้งเดียว),2023-03-09,2023-03-09,1,1,25.0,P-BAK-002,1,บราวนี่
G50943,ผู้มาเยือน (ซื้อครั้งเดียว),2023-03-09,2023-03-09,1,1,55.0,P-COC-006,1,โกโก้ (ปั่น)
G50944,ผู้มาเยือน (ซื้อครั้งเดียว),2023-03-09,2023-03-09,1,1,20.0,P-NDL-011,1,บะหมี่จายารสต้มยำ
G50945,ผู้มาเยือน (ซื้อครั้งเดียว),2023-03-10,2023-03-10,1,2,95.0,P-COC-001,2,ช็อคโกแลต (เย็น)
G50946,ผู้มาเยือน (ซื้อครั้งเดียว),2023-03-10,2023-03-10,1,4,155.0,P-SNK-002,4,ป็อกกี้
G50947,ผู้มาเยือน (ซื้อครั้งเดียว),2023-03-10,2023-03-10,1,1,25.0,P-BAK-002,1,บราวนี่
G50948,ผู้มาเยือน (ซื้อครั้งเดียว),2023-03-10,2023-03-10,1,1,40.0,P-COF-008,1,อเมริกาโน่ (ร้อน)
G50949,ผู้มาเยือน (ซื้อครั้งเดียว),2023-03-10,2023-03-10,1,1,10.0,P-SOU-001,1,น้ำเปล่า
G50950,ผู้มาเยือน (ซื้อครั้งเดียว),2023-03-10,2023-03-10,1,2,90.0,P-COC-009,2,นมชมพู(นมเย็น)
G50951,ผู้มาเยือน (ซื้อครั้งเดียว),2023-03-11,2023-03-11,1,1,50.0,P-COF-005,1,เอสเปรสโซ่ (เย็น)
G50952,ผู้มาเยือน (ซื้อครั้งเดียว),2023-03-11,2023-03-11,1,1,55.0,P-COC-008,1,โกโก้มิ้นท์
G50953,ผู้มาเยือน (ซื้อครั้งเดียว),2023-03-12,2023-03-12,1,1,50.0,P-COF-005,1,เอสเปรสโซ่ (เย็น)
G50954,ผู้มาเยือน (ซื้อครั้งเดียว),2023-03-12,2023-03-12,1,2,95.0,P-COF-001,2,อเมริกาโน่ (เย็น)
G50955,ผู้มาเยือน (ซื้อครั้งเดียว),2023-03-13,2023-03-13,1,1,45.0,P-COF-002,1,ลาเต้ (เย็น)
G50956,ผู้มาเยือน (ซื้อครั้งเดียว),2023-03-13,2023-03-13,1,2,50.0,P-SFT-003,2,แฟนต้า น้ำแดง
G50957,ผู้มาเยือน (ซื้อครั้งเดียว),2023-03-13,2023-03-13,1,1,40.0,P-COF-023,1,อเมริกาโน่น้ำผึ้ง (ร้อน)
G50958,ผู้มาเยือน (ซื้อครั้งเดียว),2023-03-14,2023-03-14,1,2,110.0,P-COC-003,1,ช็อคโกแลต (ปั่น)
G50959,ผู้มาเยือน (ซื้อครั้งเดียว),2023-03-14,2023-03-14,1,1,45.0,P-COF-003,1,คาปูชิโน่ (เย็น)
G50960,ผู้มาเยือน (ซื้อครั้งเดียว),2023-03-14,2023-03-14,1,2,95.0,P-COC-001,2,ช็อคโกแลต (เย็น)
G50961,ผู้มาเยือน (ซื้อครั้งเดียว),2023-03-14,2023-03-14,1,2,95.0,P-TEA-007,2,ชามะนาว (เย็น)
G50962,ผู้มาเยือน (ซื้อครั้งเดียว),2023-03-14,2023-03-14,1,1,20.0,P-NDL-004,1,โจ๊ก
G50963,ผู้มาเยือน (ซื้อครั้งเดียว),2023-03-14,2023-03-14,1,2,100.0,P-COC-001,2,ช็อคโกแลต (เย็น)
G50964,ผู้มาเยือน (ซื้อครั้งเดียว),2023-03-14,2023-03-14,1,1,20.0,P-SNK-013,1,โปเต้
G50965,ผู้มาเยือน (ซื้อครั้งเดียว),2023-03-15,2023-03-15,1,1,40.0,P-COF-013,1,เอสเปรสโซ่ (ร้อน)
G50966,ผู้มาเยือน (ซื้อครั้งเดียว),2023-03-15,2023-03-15,1,1,50.0,P-COC-001,1,ช็อคโกแลต (เย็น)
G50967,ผู้มาเยือน (ซื้อครั้งเดียว),2023-03-15,2023-03-15,1,1,45.0,P-COC-009,1,นมชมพู(นมเย็น)
G50968,ผู้มาเยือน (ซื้อครั้งเดียว),2023-03-15,2023-03-15,1,1,55.0,P-COC-010,1,นมสด (ปั่น)
G50969,ผู้มาเยือน (ซื้อครั้งเดียว),2023-03-15,2023-03-15,1,1,55.0,P-COF-018,1,มอคค่า (ปั่น)
G50970,ผู้มาเยือน (ซื้อครั้งเดียว),2023-03-15,2023-03-15,1,1,45.0,P-TEA-001,1,ชาเขียว (เย็น)
G50971,ผู้มาเยือน (ซื้อครั้งเดียว),2023-03-15,2023-03-15,1,1,50.0,P-TEA-013,1,ชาอัญชันมะนาว
G50972,ผู้มาเยือน (ซื้อครั้งเดียว),2023-03-16,2023-03-16,1,1,45.0,P-TEA-001,1,ชาเขียว (เย็น)
G50973,ผู้มาเยือน (ซื้อครั้งเดียว),2023-03-16,2023-03-16,1,1,45.0,P-COF-002,1,ลาเต้ (เย็น)
G50974,ผู้มาเยือน (ซื้อครั้งเดียว),2023-03-16,2023-03-16,1,2,105.0,P-COC-002,2,โกโก้ (เย็น)
G50975,ผู้มาเยือน (ซื้อครั้งเดียว),2023-03-17,2023-03-17,1,1,50.0,P-COF-004,1,อเมริกาโน่ส้ม
G50976,ผู้มาเยือน (ซื้อครั้งเดียว),2023-03-17,2023-03-17,1,1,55.0,P-COF-015,1,คาปูชิโน่ (ปั่น)
G50977,ผู้มาเยือน (ซื้อครั้งเดียว),2023-03-17,2023-03-17,1,6,275.0,P-COF-001,5,อเมริกาโน่ (เย็น)
G50978,ผู้มาเยือน (ซื้อครั้งเดียว),2023-03-17,2023-03-17,1,2,100.0,P-COF-007,2,อเมริกาโน่น้ำผึ้งมะนาว
G50979,ผู้มาเยือน (ซื้อครั้งเดียว),2023-03-17,2023-03-17,1,1,45.0,P-TEA-005,1,ชาพีช (เย็น)
G50980,ผู้มาเยือน (ซื้อครั้งเดียว),2023-03-17,2023-03-17,1,1,45.0,P-COF-003,1,คาปูชิโน่ (เย็น)
G50981,ผู้มาเยือน (ซื้อครั้งเดียว),2023-03-18,2023-03-18,1,1,10.0,P-SOU-001,1,น้ำเปล่า
G50982,ผู้มาเยือน (ซื้อครั้งเดียว),2023-03-18,2023-03-18,1,1,45.0,P-COF-010,1,อเมริกาโน่น้ำผึ้ง (เย็น)
G50983,ผู้มาเยือน (ซื้อครั้งเดียว),2023-03-18,2023-03-18,1,1,50.0,P-COF-005,1,เอสเปรสโซ่ (เย็น)
G50984,ผู้มาเยือน (ซื้อครั้งเดียว),2023-03-18,2023-03-18,1,2,95.0,P-COC-001,2,ช็อคโกแลต (เย็น)
G50985,ผู้มาเยือน (ซื้อครั้งเดียว),2023-03-19,2023-03-19,1,1,45.0,P-COF-002,1,ลาเต้ (เย็น)
G50986,ผู้มาเยือน (ซื้อครั้งเดียว),2023-03-19,2023-03-19,1,1,45.0,P-TEA-001,1,ชาเขียว (เย็น)
G50987,ผู้มาเยือน (ซื้อครั้งเดียว),2023-03-20,2023-03-20,1,2,80.0,P-COF-012,2,คาปูชิโน่ (ร้อน)
G50988,ผู้มาเยือน (ซื้อครั้งเดียว),2023-03-20,2023-03-20,1,1,45.0,P-COF-003,1,คาปูชิโน่ (เย็น)
G50989,ผู้มาเยือน (ซื้อครั้งเดียว),2023-03-20,2023-03-20,1,2,100.0,P-COC-013,1,สตรอเบอรี่นมสด
G50990,ผู้มาเยือน (ซื้อครั้งเดียว),2023-03-20,2023-03-20,1,1,25.0,P-BAK-002,1,บราวนี่
G50991,ผู้มาเยือน (ซื้อครั้งเดียว),2023-03-20,2023-03-20,1,1,45.0,P-COF-002,1,ลาเต้ (เย็น)
G50992,ผู้มาเยือน (ซื้อครั้งเดียว),2023-03-20,2023-03-20,1,2,80.0,P-COC-008,2,โกโก้มิ้นท์
G50993,ผู้มาเยือน (ซื้อครั้งเดียว),2023-03-20,2023-03-20,1,2,90.0,P-COF-010,1,อเมริกาโน่น้ำผึ้ง (เย็น)
G50994,ผู้มาเยือน (ซื้อครั้งเดียว),2023-03-21,2023-03-21,1,2,70.0,P-FOD-001,2,แซนวิชโบราณ
G50995,ผู้มาเยือน (ซื้อครั้งเดียว),2023-03-21,2023-03-21,1,1,55.0,P-COC-006,1,โกโก้ (ปั่น)
G50996,ผู้มาเยือน (ซื้อครั้งเดียว),2023-03-21,2023-03-21,1,1,50.0,P-COF-009,1,มอคค่า (เย็น)
G50997,ผู้มาเยือน (ซื้อครั้งเดียว),2023-03-21,2023-03-21,1,4,210.0,P-COC-007,4,นมสดคาราเมล (ปั่น)
G50998,ผู้มาเยือน (ซื้อครั้งเดียว),2023-03-21,2023-03-21,1,3,65.0,P-COF-001,2,อเมริกาโน่ (เย็น)
G50999,ผู้มาเยือน (ซื้อครั้งเดียว),2023-03-22,2023-03-22,1,7,284.0,P-BAK-006,4,บานอฟฟี่
G51000,ผู้มาเยือน (ซื้อครั้งเดียว),2023-03-22,2023-03-22,1,1,45.0,P-SOD-004,1,พีช
G51001,ผู้มาเยือน (ซื้อครั้งเดียว),2023-03-22,2023-03-22,1,1,55.0,P-COC-003,1,ช็อคโกแลต (ปั่น)
G51002,ผู้มาเยือน (ซื้อครั้งเดียว),2023-03-23,2023-03-23,1,3,95.0,P-COC-014,3,นมสด (ร้อน)
G51003,ผู้มาเยือน (ซื้อครั้งเดียว),2023-03-23,2023-03-23,1,2,30.0,P-NDL-001,2,มาม่า
G51004,ผู้มาเยือน (ซื้อครั้งเดียว),2023-03-24,2023-03-24,1,1,55.0,P-COF-015,1,คาปูชิโน่ (ปั่น)
G51005,ผู้มาเยือน (ซื้อครั้งเดียว),2023-03-24,2023-03-24,1,1,45.0,P-COF-010,1,อเมริกาโน่น้ำผึ้ง (เย็น)
G51006,ผู้มาเยือน (ซื้อครั้งเดียว),2023-03-25,2023-03-25,1,3,100.0,P-COF-006,2,อเมริกาโน่ช่อมะพร้าว
G51007,ผู้มาเยือน (ซื้อครั้งเดียว),2023-03-25,2023-03-25,1,2,70.0,P-COC-001,2,ช็อคโกแลต (เย็น)
G51008,ผู้มาเยือน (ซื้อครั้งเดียว),2023-03-25,2023-03-25,1,1,55.0,P-COC-008,1,โกโก้มิ้นท์
G51009,ผู้มาเยือน (ซื้อครั้งเดียว),2023-03-27,2023-03-27,1,1,20.0,P-SNK-002,1,ป็อกกี้
G51010,ผู้มาเยือน (ซื้อครั้งเดียว),2023-03-28,2023-03-28,1,1,25.0,P-SFT-001,1,โค้ก ออริจินอล
G51011,ผู้มาเยือน (ซื้อครั้งเดียว),2023-03-28,2023-03-28,1,1,55.0,P-COC-008,1,โกโก้มิ้นท์
G51012,ผู้มาเยือน (ซื้อครั้งเดียว),2023-03-28,2023-03-28,1,2,158.0,P-BAK-006,2,บานอฟฟี่
G51013,ผู้มาเยือน (ซื้อครั้งเดียว),2023-03-28,2023-03-28,1,3,150.0,P-COF-006,1,อเมริกาโน่ช่อมะพร้าว
G51014,ผู้มาเยือน (ซื้อครั้งเดียว),2023-03-28,2023-03-28,1,2,90.0,P-COF-001,2,อเมริกาโน่ (เย็น)
G51015,ผู้มาเยือน (ซื้อครั้งเดียว),2023-03-29,2023-03-29,1,1,50.0,P-COF-005,1,เอสเปรสโซ่ (เย็น)
G51016,ผู้มาเยือน (ซื้อครั้งเดียว),2023-03-29,2023-03-29,1,2,90.0,P-COF-010,2,อเมริกาโน่น้ำผึ้ง (เย็น)
G51017,ผู้มาเยือน (ซื้อครั้งเดียว),2023-03-29,2023-03-29,1,2,70.0,P-SOU-002,2,น้ำแข็ง
G51018,ผู้มาเยือน (ซื้อครั้งเดียว),2023-03-30,2023-03-30,1,2,90.0,P-TEA-002,1,ชาซีลอน (เย็น)
G51019,ผู้มาเยือน (ซื้อครั้งเดียว),2023-03-30,2023-03-30,1,1,40.0,P-COF-023,1,อเมริกาโน่น้ำผึ้ง (ร้อน)
G51020,ผู้มาเยือน (ซื้อครั้งเดียว),2023-03-30,2023-03-30,1,1,20.0,P-SNK-006,1,สแน็กแจ็ค
G51021,ผู้มาเยือน (ซื้อครั้งเดียว),2023-03-30,2023-03-30,1,1,25.0,P-FOD-001,1,แซนวิชโบราณ
G51022,ผู้มาเยือน (ซื้อครั้งเดียว),2023-03-30,2023-03-30,1,1,40.0,P-COF-008,1,อเมริกาโน่ (ร้อน)
G51023,ผู้มาเยือน (ซื้อครั้งเดียว),2023-03-31,2023-03-31,1,3,100.0,P-COF-003,3,คาปูชิโน่ (เย็น)
G51024,ผู้มาเยือน (ซื้อครั้งเดียว),2023-04-01,2023-04-01,1,1,50.0,P-COF-011,1,คาราเมลมัคคีอาโต้
G51025,ผู้มาเยือน (ซื้อครั้งเดียว),2023-04-01,2023-04-01,1,1,50.0,P-COF-004,1,อเมริกาโน่ส้ม
G51026,ผู้มาเยือน (ซื้อครั้งเดียว),2023-04-01,2023-04-01,1,2,65.0,P-COF-002,2,ลาเต้ (เย็น)
G51027,ผู้มาเยือน (ซื้อครั้งเดียว),2023-04-02,2023-04-02,1,1,45.0,P-TEA-002,1,ชาซีลอน (เย็น)
G51028,ผู้มาเยือน (ซื้อครั้งเดียว),2023-04-03,2023-04-03,1,1,10.0,P-SOU-001,1,น้ำเปล่า
G51029,ผู้มาเยือน (ซื้อครั้งเดียว),2023-04-03,2023-04-03,1,4,140.0,P-FOD-001,3,แซนวิชโบราณ
G51030,ผู้มาเยือน (ซื้อครั้งเดียว),2023-04-03,2023-04-03,1,1,50.0,P-COC-001,1,ช็อคโกแลต (เย็น)
G51031,ผู้มาเยือน (ซื้อครั้งเดียว),2023-04-03,2023-04-03,1,2,90.0,P-COF-001,2,อเมริกาโน่ (เย็น)
G51032,ผู้มาเยือน (ซื้อครั้งเดียว),2023-04-03,2023-04-03,1,1,45.0,P-COF-010,1,อเมริกาโน่น้ำผึ้ง (เย็น)
G51033,ผู้มาเยือน (ซื้อครั้งเดียว),2023-04-04,2023-04-04,1,1,45.0,P-TEA-008,1,ชาแอปเปิ้ล (เย็น)
G51034,ผู้มาเยือน (ซื้อครั้งเดียว),2023-04-04,2023-04-04,1,2,90.0,P-COC-004,2,นมสด (เย็น)
G51035,ผู้มาเยือน (ซื้อครั้งเดียว),2023-04-04,2023-04-04,1,1,45.0,P-TEA-001,1,ชาเขียว (เย็น)
G51036,ผู้มาเยือน (ซื้อครั้งเดียว),2023-04-04,2023-04-04,1,1,50.0,P-COF-006,1,อเมริกาโน่ช่อมะพร้าว
G51037,ผู้มาเยือน (ซื้อครั้งเดียว),2023-04-05,2023-04-05,1,3,95.0,P-COC-001,3,ช็อคโกแลต (เย็น)
G51038,ผู้มาเยือน (ซื้อครั้งเดียว),2023-04-06,2023-04-06,1,1,50.0,P-COF-004,1,อเมริกาโน่ส้ม
G51039,ผู้มาเยือน (ซื้อครั้งเดียว),2023-04-08,2023-04-08,1,3,85.0,P-NDL-003,3,ไวไว
G51040,ผู้มาเยือน (ซื้อครั้งเดียว),2023-04-08,2023-04-08,1,1,20.0,P-SNK-001,1,ขนมเลย์
G51041,ผู้มาเยือน (ซื้อครั้งเดียว),2023-04-09,2023-04-09,1,1,45.0,P-COF-002,1,ลาเต้ (เย็น)
G51042,ผู้มาเยือน (ซื้อครั้งเดียว),2023-04-18,2023-04-18,1,1,45.0,P-TEA-001,1,ชาเขียว (เย็น)
G51043,ผู้มาเยือน (ซื้อครั้งเดียว),2023-04-18,2023-04-18,1,1,10.0,P-SOU-001,1,น้ำเปล่า
G51044,ผู้มาเยือน (ซื้อครั้งเดียว),2023-04-18,2023-04-18,1,1,79.0,P-BAK-006,1,บานอฟฟี่
G51045,ผู้มาเยือน (ซื้อครั้งเดียว),2023-04-19,2023-04-19,1,1,50.0,P-COF-004,1,อเมริกาโน่ส้ม
G51046,ผู้มาเยือน (ซื้อครั้งเดียว),2023-04-20,2023-04-20,1,2,30.0,P-SFT-001,2,โค้ก ออริจินอล
G51047,ผู้มาเยือน (ซื้อครั้งเดียว),2023-04-20,2023-04-20,1,1,50.0,P-COF-005,1,เอสเปรสโซ่ (เย็น)
G51048,ผู้มาเยือน (ซื้อครั้งเดียว),2023-04-20,2023-04-20,1,1,50.0,P-COC-001,1,ช็อคโกแลต (เย็น)
G51049,ผู้มาเยือน (ซื้อครั้งเดียว),2023-04-20,2023-04-20,1,1,40.0,P-COF-008,1,อเมริกาโน่ (ร้อน)
G51050,ผู้มาเยือน (ซื้อครั้งเดียว),2023-04-20,2023-04-20,1,3,60.0,P-NDL-001,3,มาม่า
G51051,ผู้มาเยือน (ซื้อครั้งเดียว),2023-04-20,2023-04-20,1,1,45.0,P-COC-004,1,นมสด (เย็น)
G51052,ผู้มาเยือน (ซื้อครั้งเดียว),2023-04-20,2023-04-20,1,1,50.0,P-COF-011,1,คาราเมลมัคคีอาโต้
G51053,ผู้มาเยือน (ซื้อครั้งเดียว),2023-04-20,2023-04-20,1,1,45.0,P-COF-001,1,อเมริกาโน่ (เย็น)
G51054,ผู้มาเยือน (ซื้อครั้งเดียว),2023-04-20,2023-04-20,1,2,20.0,P-SOU-001,1,น้ำเปล่า
G51055,ผู้มาเยือน (ซื้อครั้งเดียว),2023-04-20,2023-04-20,1,1,55.0,P-TEA-003,1,ชาเขียว (ปั่น)
G51056,ผู้มาเยือน (ซื้อครั้งเดียว),2023-04-20,2023-04-20,1,2,100.0,P-COF-003,2,คาปูชิโน่ (เย็น)
G51057,ผู้มาเยือน (ซื้อครั้งเดียว),2023-04-22,2023-04-22,1,2,124.0,P-BAK-006,2,บานอฟฟี่
G51058,ผู้มาเยือน (ซื้อครั้งเดียว),2023-04-22,2023-04-22,1,1,20.0,P-SNK-001,1,ขนมเลย์
G51059,ผู้มาเยือน (ซื้อครั้งเดียว),2023-04-23,2023-04-23,1,1,45.0,P-COF-002,1,ลาเต้ (เย็น)
G51060,ผู้มาเยือน (ซื้อครั้งเดียว),2023-04-23,2023-04-23,1,2,95.0,P-COC-002,2,โกโก้ (เย็น)
G51061,ผู้มาเยือน (ซื้อครั้งเดียว),2023-04-23,2023-04-23,1,1,40.0,P-COF-013,1,เอสเปรสโซ่ (ร้อน)
G51062,ผู้มาเยือน (ซื้อครั้งเดียว),2023-04-24,2023-04-24,1,1,25.0,P-SFT-001,1,โค้ก ออริจินอล
G51063,ผู้มาเยือน (ซื้อครั้งเดียว),2023-04-25,2023-04-25,1,1,45.0,P-COF-002,1,ลาเต้ (เย็น)
G51064,ผู้มาเยือน (ซื้อครั้งเดียว),2023-04-25,2023-04-25,1,4,105.0,P-FOD-001,3,แซนวิชโบราณ
G51065,ผู้มาเยือน (ซื้อครั้งเดียว),2023-04-25,2023-04-25,1,1,45.0,P-COF-002,1,ลาเต้ (เย็น)
G51066,ผู้มาเยือน (ซื้อครั้งเดียว),2023-04-25,2023-04-25,1,1,55.0,P-SMT-004,1,นมสดกล้วย (ปั่น)
G51067,ผู้มาเยือน (ซื้อครั้งเดียว),2023-04-25,2023-04-25,1,1,20.0,P-SNK-001,1,ขนมเลย์
G51068,ผู้มาเยือน (ซื้อครั้งเดียว),2023-04-25,2023-04-25,1,1,45.0,P-TEA-007,1,ชามะนาว (เย็น)
G51069,ผู้มาเยือน (ซื้อครั้งเดียว),2023-04-25,2023-04-25,1,1,45.0,P-COC-004,1,นมสด (เย็น)
G51070,ผู้มาเยือน (ซื้อครั้งเดียว),2023-04-25,2023-04-25,1,2,40.0,P-SNK-003,2,เทสโต้
G51071,ผู้มาเยือน (ซื้อครั้งเดียว),2023-04-25,2023-04-25,1,1,55.0,P-SMT-011,1,สมูตตี้ กีวี่
G51072,ผู้มาเยือน (ซื้อครั้งเดียว),2023-04-26,2023-04-26,1,4,185.0,P-COF-002,4,ลาเต้ (เย็น)
G51073,ผู้มาเยือน (ซื้อครั้งเดียว),2023-04-26,2023-04-26,1,2,70.0,P-COF-004,2,อเมริกาโน่ส้ม
G51074,ผู้มาเยือน (ซื้อครั้งเดียว),2023-04-26,2023-04-26,1,1,10.0,P-SOU-001,1,น้ำเปล่า
G51075,ผู้มาเยือน (ซื้อครั้งเดียว),2023-04-26,2023-04-26,1,2,90.0,P-COC-004,1,นมสด (เย็น)
G51076,ผู้มาเยือน (ซื้อครั้งเดียว),2023-04-26,2023-04-26,1,1,50.0,P-COC-001,1,ช็อคโกแลต (เย็น)
G51077,ผู้มาเยือน (ซื้อครั้งเดียว),2023-04-26,2023-04-26,1,1,50.0,P-COF-011,1,คาราเมลมัคคีอาโต้
G51078,ผู้มาเยือน (ซื้อครั้งเดียว),2023-04-27,2023-04-27,1,1,45.0,P-COF-010,1,อเมริกาโน่น้ำผึ้ง (เย็น)
G51079,ผู้มาเยือน (ซื้อครั้งเดียว),2023-04-27,2023-04-27,1,3,135.0,P-COF-001,2,อเมริกาโน่ (เย็น)
G51080,ผู้มาเยือน (ซื้อครั้งเดียว),2023-04-27,2023-04-27,1,1,25.0,P-SFT-008,1,แฟนต้า น้ำเขียว
G51081,ผู้มาเยือน (ซื้อครั้งเดียว),2023-04-27,2023-04-27,1,1,20.0,P-SNK-002,1,ป็อกกี้
G51082,ผู้มาเยือน (ซื้อครั้งเดียว),2023-04-27,2023-04-27,1,1,45.0,P-COF-001,1,อเมริกาโน่ (เย็น)
G51083,ผู้มาเยือน (ซื้อครั้งเดียว),2023-04-27,2023-04-27,1,2,100.0,P-COC-003,2,ช็อคโกแลต (ปั่น)
G51084,ผู้มาเยือน (ซื้อครั้งเดียว),2023-04-28,2023-04-28,1,1,40.0,P-COF-012,1,คาปูชิโน่ (ร้อน)
G51085,ผู้มาเยือน (ซื้อครั้งเดียว),2023-04-28,2023-04-28,1,1,40.0,P-COF-013,1,เอสเปรสโซ่ (ร้อน)
G51086,ผู้มาเยือน (ซื้อครั้งเดียว),2023-04-28,2023-04-28,1,1,20.0,P-NDL-004,1,โจ๊ก
G51087,ผู้มาเยือน (ซื้อครั้งเดียว),2023-04-30,2023-04-30,1,1,45.0,P-COF-002,1,ลาเต้ (เย็น)
G51088,ผู้มาเยือน (ซื้อครั้งเดียว),2023-04-30,2023-04-30,1,1,50.0,P-COC-001,1,ช็อคโกแลต (เย็น)
G51089,ผู้มาเยือน (ซื้อครั้งเดียว),2023-05-01,2023-05-01,1,3,160.0,P-COC-002,3,โกโก้ (เย็น)
G51090,ผู้มาเยือน (ซื้อครั้งเดียว),2023-05-01,2023-05-01,1,1,45.0,P-TEA-001,1,ชาเขียว (เย็น)
G51091,ผู้มาเยือน (ซื้อครั้งเดียว),2023-05-01,2023-05-01,1,1,45.0,P-COF-001,1,อเมริกาโน่ (เย็น)
G51092,ผู้มาเยือน (ซื้อครั้งเดียว),2023-05-02,2023-05-02,1,1,45.0,P-TEA-008,1,ชาแอปเปิ้ล (เย็น)
G51093,ผู้มาเยือน (ซื้อครั้งเดียว),2023-05-02,2023-05-02,1,1,45.0,P-TEA-005,1,ชาพีช (เย็น)
G51094,ผู้มาเยือน (ซื้อครั้งเดียว),2023-05-03,2023-05-03,1,1,50.0,P-COF-011,1,คาราเมลมัคคีอาโต้
G51095,ผู้มาเยือน (ซื้อครั้งเดียว),2023-05-03,2023-05-03,1,2,20.0,P-SOU-001,1,น้ำเปล่า
G51096,ผู้มาเยือน (ซื้อครั้งเดียว),2023-05-03,2023-05-03,1,1,45.0,P-COF-002,1,ลาเต้ (เย็น)
G51097,ผู้มาเยือน (ซื้อครั้งเดียว),2023-05-03,2023-05-03,1,1,20.0,P-SNK-006,1,สแน็กแจ็ค
G51098,ผู้มาเยือน (ซื้อครั้งเดียว),2023-05-04,2023-05-04,1,1,45.0,P-TEA-006,1,ชาน้ำผึ้งมะนาว (เย็น)
G51099,ผู้มาเยือน (ซื้อครั้งเดียว),2023-05-05,2023-05-05,1,1,10.0,P-SOU-001,1,น้ำเปล่า
G51100,ผู้มาเยือน (ซื้อครั้งเดียว),2023-05-05,2023-05-05,1,1,45.0,P-TEA-002,1,ชาซีลอน (เย็น)
G51101,ผู้มาเยือน (ซื้อครั้งเดียว),2023-05-06,2023-05-06,1,1,10.0,P-SOU-001,1,น้ำเปล่า
G51102,ผู้มาเยือน (ซื้อครั้งเดียว),2023-05-06,2023-05-06,1,1,25.0,P-BAK-002,1,บราวนี่
G51103,ผู้มาเยือน (ซื้อครั้งเดียว),2023-05-07,2023-05-07,1,4,80.0,P-SNK-002,2,ป็อกกี้
G51104,ผู้มาเยือน (ซื้อครั้งเดียว),2023-05-07,2023-05-07,1,1,45.0,P-TEA-001,1,ชาเขียว (เย็น)
G51105,ผู้มาเยือน (ซื้อครั้งเดียว),2023-05-07,2023-05-07,1,1,25.0,P-BAK-002,1,บราวนี่
G51106,ผู้มาเยือน (ซื้อครั้งเดียว),2023-05-07,2023-05-07,1,2,90.0,P-COF-001,2,อเมริกาโน่ (เย็น)
G51107,ผู้มาเยือน (ซื้อครั้งเดียว),2023-05-08,2023-05-08,1,1,45.0,P-COF-010,1,อเมริกาโน่น้ำผึ้ง (เย็น)
G51108,ผู้มาเยือน (ซื้อครั้งเดียว),2023-05-08,2023-05-08,1,1,55.0,P-SMT-002,1,แตงโม (ปั่น)
G51109,ผู้มาเยือน (ซื้อครั้งเดียว),2023-05-08,2023-05-08,1,2,100.0,P-COC-001,2,ช็อคโกแลต (เย็น)
G51110,ผู้มาเยือน (ซื้อครั้งเดียว),2023-05-08,2023-05-08,1,1,20.0,P-NDL-001,1,มาม่า
G51111,ผู้มาเยือน (ซื้อครั้งเดียว),2023-05-08,2023-05-08,1,1,45.0,P-COF-002,1,ลาเต้ (เย็น)
G51112,ผู้มาเยือน (ซื้อครั้งเดียว),2023-05-09,2023-05-09,1,1,45.0,P-COF-002,1,ลาเต้ (เย็น)
G51113,ผู้มาเยือน (ซื้อครั้งเดียว),2023-05-09,2023-05-09,1,1,45.0,P-COF-001,1,อเมริกาโน่ (เย็น)
G51114,ผู้มาเยือน (ซื้อครั้งเดียว),2023-05-09,2023-05-09,1,1,55.0,P-TEA-003,1,ชาเขียว (ปั่น)
G51115,ผู้มาเยือน (ซื้อครั้งเดียว),2023-05-10,2023-05-10,1,1,50.0,P-COC-001,1,ช็อคโกแลต (เย็น)
G51116,ผู้มาเยือน (ซื้อครั้งเดียว),2023-05-11,2023-05-11,1,1,10.0,P-SOU-001,1,น้ำเปล่า
G51117,ผู้มาเยือน (ซื้อครั้งเดียว),2023-05-12,2023-05-12,1,1,20.0,P-NDL-002,1,ยำยำ
G51118,ผู้มาเยือน (ซื้อครั้งเดียว),2023-05-12,2023-05-12,1,4,115.0,P-BAK-002,4,บราวนี่
G51119,ผู้มาเยือน (ซื้อครั้งเดียว),2023-05-12,2023-05-12,1,6,260.0,P-BAK-002,3,บราวนี่
G51120,ผู้มาเยือน (ซื้อครั้งเดียว),2023-05-13,2023-05-13,1,1,40.0,P-COF-013,1,เอสเปรสโซ่ (ร้อน)
G51121,ผู้มาเยือน (ซื้อครั้งเดียว),2023-05-13,2023-05-13,1,1,55.0,P-TEA-003,1,ชาเขียว (ปั่น)
G51122,ผู้มาเยือน (ซื้อครั้งเดียว),2023-05-15,2023-05-15,1,1,50.0,P-COC-002,1,โกโก้ (เย็น)
G51123,ผู้มาเยือน (ซื้อครั้งเดียว),2023-05-15,2023-05-15,1,2,90.0,P-SOD-003,2,ลิ้นจี่
G51124,ผู้มาเยือน (ซื้อครั้งเดียว),2023-05-15,2023-05-15,1,3,135.0,P-COF-010,3,อเมริกาโน่น้ำผึ้ง (เย็น)
G51125,ผู้มาเยือน (ซื้อครั้งเดียว),2023-05-15,2023-05-15,1,2,65.0,P-FOD-001,2,แซนวิชโบราณ
G51126,ผู้มาเยือน (ซื้อครั้งเดียว),2023-05-16,2023-05-16,1,1,45.0,P-COF-001,1,อเมริกาโน่ (เย็น)
G51127,ผู้มาเยือน (ซื้อครั้งเดียว),2023-05-16,2023-05-16,1,1,50.0,P-TEA-004,1,ชามัทฉะ (เย็น)
G51128,ผู้มาเยือน (ซื้อครั้งเดียว),2023-05-16,2023-05-16,1,1,10.0,P-TOP-001,1,วุ้นบุก
G51129,ผู้มาเยือน (ซื้อครั้งเดียว),2023-05-17,2023-05-17,1,1,50.0,P-COF-005,1,เอสเปรสโซ่ (เย็น)
G51130,ผู้มาเยือน (ซื้อครั้งเดียว),2023-05-18,2023-05-18,1,1,40.0,P-COF-008,1,อเมริกาโน่ (ร้อน)
G51131,ผู้มาเยือน (ซื้อครั้งเดียว),2023-05-18,2023-05-18,1,1,35.0,P-BAK-008,1,เค้กช็อคหน้านิ่ม
G51132,ผู้มาเยือน (ซื้อครั้งเดียว),2023-05-18,2023-05-18,1,1,45.0,P-TEA-010,1,ชาซีลอนดำ (เย็น)
G51133,ผู้มาเยือน (ซื้อครั้งเดียว),2023-05-18,2023-05-18,1,3,60.0,P-NDL-001,3,มาม่า
G51134,ผู้มาเยือน (ซื้อครั้งเดียว),2023-05-18,2023-05-18,1,2,90.0,P-COF-002,1,ลาเต้ (เย็น)
G51135,ผู้มาเยือน (ซื้อครั้งเดียว),2023-05-18,2023-05-18,1,2,100.0,P-COF-002,2,ลาเต้ (เย็น)
G51136,ผู้มาเยือน (ซื้อครั้งเดียว),2023-05-19,2023-05-19,1,1,45.0,P-TEA-002,1,ชาซีลอน (เย็น)
G51137,ผู้มาเยือน (ซื้อครั้งเดียว),2023-05-20,2023-05-20,1,1,45.0,P-COF-002,1,ลาเต้ (เย็น)
G51138,ผู้มาเยือน (ซื้อครั้งเดียว),2023-05-20,2023-05-20,1,2,90.0,P-SOD-001,2,สตรอเบอรี่
G51139,ผู้มาเยือน (ซื้อครั้งเดียว),2023-05-20,2023-05-20,1,1,10.0,P-SOU-001,1,น้ำเปล่า
G51140,ผู้มาเยือน (ซื้อครั้งเดียว),2023-05-21,2023-05-21,1,2,100.0,P-COC-003,2,ช็อคโกแลต (ปั่น)
G51141,ผู้มาเยือน (ซื้อครั้งเดียว),2023-05-21,2023-05-21,1,1,50.0,P-COF-007,1,อเมริกาโน่น้ำผึ้งมะนาว
G51142,ผู้มาเยือน (ซื้อครั้งเดียว),2023-05-21,2023-05-21,1,3,110.0,P-BAK-002,3,บราวนี่
G51143,ผู้มาเยือน (ซื้อครั้งเดียว),2023-05-22,2023-05-22,1,1,50.0,P-COC-001,1,ช็อคโกแลต (เย็น)
G51144,ผู้มาเยือน (ซื้อครั้งเดียว),2023-05-22,2023-05-22,1,1,45.0,P-TEA-001,1,ชาเขียว (เย็น)
G51145,ผู้มาเยือน (ซื้อครั้งเดียว),2023-05-22,2023-05-22,1,1,45.0,P-COF-002,1,ลาเต้ (เย็น)
G51146,ผู้มาเยือน (ซื้อครั้งเดียว),2023-05-22,2023-05-22,1,4,248.0,P-BAK-012,4,มินิเค้กช็อกโกแลต
G51147,ผู้มาเยือน (ซื้อครั้งเดียว),2023-05-23,2023-05-23,1,1,45.0,P-TEA-001,1,ชาเขียว (เย็น)
G51148,ผู้มาเยือน (ซื้อครั้งเดียว),2023-05-23,2023-05-23,1,1,45.0,P-COF-001,1,อเมริกาโน่ (เย็น)
G51149,ผู้มาเยือน (ซื้อครั้งเดียว),2023-05-23,2023-05-23,1,1,50.0,P-COF-011,1,คาราเมลมัคคีอาโต้
G51150,ผู้มาเยือน (ซื้อครั้งเดียว),2023-05-24,2023-05-24,1,1,25.0,P-FOD-001,1,แซนวิชโบราณ
G51151,ผู้มาเยือน (ซื้อครั้งเดียว),2023-05-24,2023-05-24,1,1,20.0,P-NDL-005,1,ซือดะรสต้มโคล้ง
G51152,ผู้มาเยือน (ซื้อครั้งเดียว),2023-05-25,2023-05-25,1,2,70.0,P-COF-002,2,ลาเต้ (เย็น)
G51153,ผู้มาเยือน (ซื้อครั้งเดียว),2023-05-25,2023-05-25,1,1,50.0,P-TEA-004,1,ชามัทฉะ (เย็น)
G51154,ผู้มาเยือน (ซื้อครั้งเดียว),2023-05-26,2023-05-26,1,1,45.0,P-COF-010,1,อเมริกาโน่น้ำผึ้ง (เย็น)
G51155,ผู้มาเยือน (ซื้อครั้งเดียว),2023-05-26,2023-05-26,1,2,95.0,P-COC-003,2,ช็อคโกแลต (ปั่น)
G51156,ผู้มาเยือน (ซื้อครั้งเดียว),2023-05-26,2023-05-26,1,2,100.0,P-COC-001,2,ช็อคโกแลต (เย็น)
G51157,ผู้มาเยือน (ซื้อครั้งเดียว),2023-05-27,2023-05-27,1,1,45.0,P-COF-002,1,ลาเต้ (เย็น)
G51158,ผู้มาเยือน (ซื้อครั้งเดียว),2023-05-27,2023-05-27,1,1,45.0,P-COF-002,1,ลาเต้ (เย็น)
G51159,ผู้มาเยือน (ซื้อครั้งเดียว),2023-05-27,2023-05-27,1,1,20.0,P-NDL-002,1,ยำยำ
G51160,ผู้มาเยือน (ซื้อครั้งเดียว),2023-05-28,2023-05-28,1,3,125.0,P-COF-002,3,ลาเต้ (เย็น)
G51161,ผู้มาเยือน (ซื้อครั้งเดียว),2023-05-28,2023-05-28,1,3,174.0,P-BAK-028,3,มินิเค้กชาไทย
G51162,ผู้มาเยือน (ซื้อครั้งเดียว),2023-05-28,2023-05-28,1,1,45.0,P-COF-002,1,ลาเต้ (เย็น)
G51163,ผู้มาเยือน (ซื้อครั้งเดียว),2023-05-28,2023-05-28,1,1,45.0,P-TEA-005,1,ชาพีช (เย็น)
G51164,ผู้มาเยือน (ซื้อครั้งเดียว),2023-05-28,2023-05-28,1,2,100.0,P-COC-005,1,นมสดคาราเมล (เย็น)
G51165,ผู้มาเยือน (ซื้อครั้งเดียว),2023-05-29,2023-05-29,1,2,70.0,P-COF-006,2,อเมริกาโน่ช่อมะพร้าว
G51166,ผู้มาเยือน (ซื้อครั้งเดียว),2023-05-29,2023-05-29,1,1,50.0,P-COC-005,1,นมสดคาราเมล (เย็น)
G51167,ผู้มาเยือน (ซื้อครั้งเดียว),2023-05-29,2023-05-29,1,2,100.0,P-COC-002,2,โกโก้ (เย็น)
G51168,ผู้มาเยือน (ซื้อครั้งเดียว),2023-05-30,2023-05-30,1,1,45.0,P-COF-001,1,อเมริกาโน่ (เย็น)
G51169,ผู้มาเยือน (ซื้อครั้งเดียว),2023-05-30,2023-05-30,1,2,85.0,P-COF-013,2,เอสเปรสโซ่ (ร้อน)
G51170,ผู้มาเยือน (ซื้อครั้งเดียว),2023-05-30,2023-05-30,1,2,75.0,P-NDL-004,2,โจ๊ก
G51171,ผู้มาเยือน (ซื้อครั้งเดียว),2023-05-31,2023-05-31,1,2,100.0,P-COC-009,2,นมชมพู(นมเย็น)
G51172,ผู้มาเยือน (ซื้อครั้งเดียว),2023-05-31,2023-05-31,1,1,55.0,P-SMT-004,1,นมสดกล้วย (ปั่น)
G51173,ผู้มาเยือน (ซื้อครั้งเดียว),2023-05-31,2023-05-31,1,2,75.0,P-NDL-004,2,โจ๊ก
G51174,ผู้มาเยือน (ซื้อครั้งเดียว),2023-06-01,2023-06-01,1,1,45.0,P-COF-002,1,ลาเต้ (เย็น)
G51175,ผู้มาเยือน (ซื้อครั้งเดียว),2023-06-01,2023-06-01,1,1,45.0,P-COF-003,1,คาปูชิโน่ (เย็น)
G51176,ผู้มาเยือน (ซื้อครั้งเดียว),2023-06-01,2023-06-01,1,2,110.0,P-COC-007,2,นมสดคาราเมล (ปั่น)
G51177,ผู้มาเยือน (ซื้อครั้งเดียว),2023-06-01,2023-06-01,1,1,55.0,P-SMT-004,1,นมสดกล้วย (ปั่น)
G51178,ผู้มาเยือน (ซื้อครั้งเดียว),2023-06-01,2023-06-01,1,2,40.0,P-NDL-001,2,มาม่า
G51179,ผู้มาเยือน (ซื้อครั้งเดียว),2023-06-02,2023-06-02,1,1,45.0,P-COF-010,1,อเมริกาโน่น้ำผึ้ง (เย็น)
G51180,ผู้มาเยือน (ซื้อครั้งเดียว),2023-06-03,2023-06-03,1,3,105.0,P-COC-002,3,โกโก้ (เย็น)
G51181,ผู้มาเยือน (ซื้อครั้งเดียว),2023-06-03,2023-06-03,1,2,45.0,P-SOU-001,2,น้ำเปล่า
G51182,ผู้มาเยือน (ซื้อครั้งเดียว),2023-06-04,2023-06-04,1,1,45.0,P-TEA-001,1,ชาเขียว (เย็น)
G51183,ผู้มาเยือน (ซื้อครั้งเดียว),2023-06-07,2023-06-07,1,1,45.0,P-COF-002,1,ลาเต้ (เย็น)
G51184,ผู้มาเยือน (ซื้อครั้งเดียว),2023-06-08,2023-06-08,1,3,145.0,P-TEA-017,3,ชาสตรอเบอรี่ (เย็น)
G51185,ผู้มาเยือน (ซื้อครั้งเดียว),2023-06-08,2023-06-08,1,2,40.0,P-NDL-004,1,โจ๊ก
G51186,ผู้มาเยือน (ซื้อครั้งเดียว),2023-06-08,2023-06-08,1,1,50.0,P-COF-006,1,อเมริกาโน่ช่อมะพร้าว
G51187,ผู้มาเยือน (ซื้อครั้งเดียว),2023-06-09,2023-06-09,1,2,80.0,P-COF-008,2,อเมริกาโน่ (ร้อน)
G51188,ผู้มาเยือน (ซื้อครั้งเดียว),2023-06-09,2023-06-09,1,2,60.0,P-COF-009,2,มอคค่า (เย็น)
G51189,ผู้มาเยือน (ซื้อครั้งเดียว),2023-06-09,2023-06-09,1,2,95.0,P-COC-002,2,โกโก้ (เย็น)
G51190,ผู้มาเยือน (ซื้อครั้งเดียว),2023-06-10,2023-06-10,1,2,85.0,P-COF-008,2,อเมริกาโน่ (ร้อน)
G51191,ผู้มาเยือน (ซื้อครั้งเดียว),2023-06-10,2023-06-10,1,2,90.0,P-COF-001,2,อเมริกาโน่ (เย็น)
G51192,ผู้มาเยือน (ซื้อครั้งเดียว),2023-06-10,2023-06-10,1,2,90.0,P-COF-001,2,อเมริกาโน่ (เย็น)
G51193,ผู้มาเยือน (ซื้อครั้งเดียว),2023-06-11,2023-06-11,1,2,35.0,P-BAK-002,2,บราวนี่
G51194,ผู้มาเยือน (ซื้อครั้งเดียว),2023-06-11,2023-06-11,1,1,55.0,P-SMT-003,1,โอริโอ้ (ปั่น)
G51195,ผู้มาเยือน (ซื้อครั้งเดียว),2023-06-11,2023-06-11,1,1,20.0,P-SNK-001,1,ขนมเลย์
G51196,ผู้มาเยือน (ซื้อครั้งเดียว),2023-06-12,2023-06-12,1,1,50.0,P-COF-004,1,อเมริกาโน่ส้ม
G51197,ผู้มาเยือน (ซื้อครั้งเดียว),2023-06-12,2023-06-12,1,4,190.0,P-TEA-002,3,ชาซีลอน (เย็น)
G51198,ผู้มาเยือน (ซื้อครั้งเดียว),2023-06-13,2023-06-13,1,2,95.0,P-COF-001,2,อเมริกาโน่ (เย็น)
G51199,ผู้มาเยือน (ซื้อครั้งเดียว),2023-06-14,2023-06-14,1,2,60.0,P-COF-009,2,มอคค่า (เย็น)
G51200,ผู้มาเยือน (ซื้อครั้งเดียว),2023-06-14,2023-06-14,1,1,45.0,P-TEA-006,1,ชาน้ำผึ้งมะนาว (เย็น)
G51201,ผู้มาเยือน (ซื้อครั้งเดียว),2023-06-14,2023-06-14,1,1,45.0,P-TEA-001,1,ชาเขียว (เย็น)
G51202,ผู้มาเยือน (ซื้อครั้งเดียว),2023-06-14,2023-06-14,1,1,35.0,P-SOU-004,1,กรือโป๊ะนรา
G51203,ผู้มาเยือน (ซื้อครั้งเดียว),2023-06-15,2023-06-15,1,2,110.0,P-COC-003,2,ช็อคโกแลต (ปั่น)
G51204,ผู้มาเยือน (ซื้อครั้งเดียว),2023-06-15,2023-06-15,1,1,20.0,P-NDL-001,1,มาม่า
G51205,ผู้มาเยือน (ซื้อครั้งเดียว),2023-06-16,2023-06-16,1,1,43.0,P-TEA-002,1,ชาซีลอน (เย็น)
G51206,ผู้มาเยือน (ซื้อครั้งเดียว),2023-06-16,2023-06-16,1,1,45.0,P-TEA-001,1,ชาเขียว (เย็น)
G51207,ผู้มาเยือน (ซื้อครั้งเดียว),2023-06-16,2023-06-16,1,7,265.0,P-SMT-007,5,แอปเปิ้ล (ปั่น)
G51208,ผู้มาเยือน (ซื้อครั้งเดียว),2023-06-16,2023-06-16,1,2,110.0,P-SMT-006,2,สตรอเบอรี่ (ปั่น)
G51209,ผู้มาเยือน (ซื้อครั้งเดียว),2023-06-17,2023-06-17,1,1,40.0,P-COF-012,1,คาปูชิโน่ (ร้อน)
G51210,ผู้มาเยือน (ซื้อครั้งเดียว),2023-06-17,2023-06-17,1,1,50.0,P-TEA-004,1,ชามัทฉะ (เย็น)
G51211,ผู้มาเยือน (ซื้อครั้งเดียว),2023-06-18,2023-06-18,1,1,45.0,P-COF-001,1,อเมริกาโน่ (เย็น)
G51212,ผู้มาเยือน (ซื้อครั้งเดียว),2023-06-18,2023-06-18,1,1,50.0,P-COF-004,1,อเมริกาโน่ส้ม
G51213,ผู้มาเยือน (ซื้อครั้งเดียว),2023-06-18,2023-06-18,1,3,135.0,P-BAK-008,3,เค้กช็อคหน้านิ่ม
G51214,ผู้มาเยือน (ซื้อครั้งเดียว),2023-06-18,2023-06-18,1,3,65.0,P-FOD-001,2,แซนวิชโบราณ
G51215,ผู้มาเยือน (ซื้อครั้งเดียว),2023-06-19,2023-06-19,1,1,45.0,P-COF-003,1,คาปูชิโน่ (เย็น)
G51216,ผู้มาเยือน (ซื้อครั้งเดียว),2023-06-19,2023-06-19,1,2,90.0,P-BAK-024,2,เค้กกาแฟหน้านิ่ม
G51217,ผู้มาเยือน (ซื้อครั้งเดียว),2023-06-19,2023-06-19,1,1,45.0,P-TEA-002,1,ชาซีลอน (เย็น)
G51218,ผู้มาเยือน (ซื้อครั้งเดียว),2023-06-19,2023-06-19,1,1,45.0,P-COF-001,1,อเมริกาโน่ (เย็น)
G51219,ผู้มาเยือน (ซื้อครั้งเดียว),2023-06-19,2023-06-19,1,3,65.0,P-COF-001,2,อเมริกาโน่ (เย็น)
G51220,ผู้มาเยือน (ซื้อครั้งเดียว),2023-06-19,2023-06-19,1,3,135.0,P-TEA-001,2,ชาเขียว (เย็น)
G51221,ผู้มาเยือน (ซื้อครั้งเดียว),2023-06-19,2023-06-19,1,1,45.0,P-COF-001,1,อเมริกาโน่ (เย็น)
G51222,ผู้มาเยือน (ซื้อครั้งเดียว),2023-06-20,2023-06-20,1,1,43.0,P-COF-002,1,ลาเต้ (เย็น)
G51223,ผู้มาเยือน (ซื้อครั้งเดียว),2023-06-20,2023-06-20,1,2,40.0,P-SNK-005,2,คอนเน่
G51224,ผู้มาเยือน (ซื้อครั้งเดียว),2023-06-20,2023-06-20,1,1,45.0,P-COF-002,1,ลาเต้ (เย็น)
G51225,ผู้มาเยือน (ซื้อครั้งเดียว),2023-06-21,2023-06-21,1,1,45.0,P-COF-002,1,ลาเต้ (เย็น)
G51226,ผู้มาเยือน (ซื้อครั้งเดียว),2023-06-21,2023-06-21,1,3,165.0,P-COC-003,1,ช็อคโกแลต (ปั่น)
G51227,ผู้มาเยือน (ซื้อครั้งเดียว),2023-06-22,2023-06-22,1,2,35.0,P-FOD-001,2,แซนวิชโบราณ
G51228,ผู้มาเยือน (ซื้อครั้งเดียว),2023-06-22,2023-06-22,1,1,50.0,P-COF-007,1,อเมริกาโน่น้ำผึ้งมะนาว
G51229,ผู้มาเยือน (ซื้อครั้งเดียว),2023-06-22,2023-06-22,1,1,45.0,P-COF-003,1,คาปูชิโน่ (เย็น)
G51230,ผู้มาเยือน (ซื้อครั้งเดียว),2023-06-23,2023-06-23,1,2,110.0,P-COC-003,2,ช็อคโกแลต (ปั่น)
G51231,ผู้มาเยือน (ซื้อครั้งเดียว),2023-06-23,2023-06-23,1,2,70.0,P-COC-005,2,นมสดคาราเมล (เย็น)
G51232,ผู้มาเยือน (ซื้อครั้งเดียว),2023-06-23,2023-06-23,1,2,65.0,P-COC-004,2,นมสด (เย็น)
G51233,ผู้มาเยือน (ซื้อครั้งเดียว),2023-06-23,2023-06-23,1,1,25.0,P-FOD-001,1,แซนวิชโบราณ
G51234,ผู้มาเยือน (ซื้อครั้งเดียว),2023-06-23,2023-06-23,1,1,50.0,P-COC-002,1,โกโก้ (เย็น)
G51235,ผู้มาเยือน (ซื้อครั้งเดียว),2023-06-23,2023-06-23,1,1,45.0,P-COF-001,1,อเมริกาโน่ (เย็น)
G51236,ผู้มาเยือน (ซื้อครั้งเดียว),2023-06-23,2023-06-23,1,1,45.0,P-COF-002,1,ลาเต้ (เย็น)
G51237,ผู้มาเยือน (ซื้อครั้งเดียว),2023-06-24,2023-06-24,1,2,85.0,P-BAK-021,2,เค้กชาไทยหน้านิ่ม
G51238,ผู้มาเยือน (ซื้อครั้งเดียว),2023-06-24,2023-06-24,1,1,45.0,P-TEA-005,1,ชาพีช (เย็น)
G51239,ผู้มาเยือน (ซื้อครั้งเดียว),2023-06-24,2023-06-24,1,1,55.0,P-SMT-004,1,นมสดกล้วย (ปั่น)
G51240,ผู้มาเยือน (ซื้อครั้งเดียว),2023-06-24,2023-06-24,1,2,90.0,P-COF-002,1,ลาเต้ (เย็น)
G51241,ผู้มาเยือน (ซื้อครั้งเดียว),2023-06-24,2023-06-24,1,1,20.0,P-SNK-001,1,ขนมเลย์
G51242,ผู้มาเยือน (ซื้อครั้งเดียว),2023-06-24,2023-06-24,1,2,110.0,P-TEA-016,2,ชามัทฉะ (ปั่น)
G51243,ผู้มาเยือน (ซื้อครั้งเดียว),2023-06-25,2023-06-25,1,2,105.0,P-COC-001,2,ช็อคโกแลต (เย็น)
G51244,ผู้มาเยือน (ซื้อครั้งเดียว),2023-06-25,2023-06-25,1,1,25.0,P-SFT-002,1,สิงห์เลม่อนโซดา
G51245,ผู้มาเยือน (ซื้อครั้งเดียว),2023-06-25,2023-06-25,1,1,20.0,P-NDL-002,1,ยำยำ
G51246,ผู้มาเยือน (ซื้อครั้งเดียว),2023-06-25,2023-06-25,1,1,50.0,P-COF-011,1,คาราเมลมัคคีอาโต้
G51247,ผู้มาเยือน (ซื้อครั้งเดียว),2023-06-25,2023-06-25,1,1,45.0,P-COF-001,1,อเมริกาโน่ (เย็น)
G51248,ผู้มาเยือน (ซื้อครั้งเดียว),2023-06-25,2023-06-25,1,1,10.0,P-SOU-001,1,น้ำเปล่า
G51249,ผู้มาเยือน (ซื้อครั้งเดียว),2023-06-26,2023-06-26,1,2,70.0,P-FOD-001,2,แซนวิชโบราณ
G51250,ผู้มาเยือน (ซื้อครั้งเดียว),2023-06-26,2023-06-26,1,1,20.0,P-SFT-006,1,ชเวปส์
G51251,ผู้มาเยือน (ซื้อครั้งเดียว),2023-06-26,2023-06-26,1,1,10.0,P-SOU-001,1,น้ำเปล่า
G51252,ผู้มาเยือน (ซื้อครั้งเดียว),2023-06-26,2023-06-26,1,2,50.0,P-FOD-001,1,แซนวิชโบราณ
G51253,ผู้มาเยือน (ซื้อครั้งเดียว),2023-06-26,2023-06-26,1,1,10.0,P-SOU-001,1,น้ำเปล่า
G51254,ผู้มาเยือน (ซื้อครั้งเดียว),2023-06-26,2023-06-26,1,1,45.0,P-TEA-006,1,ชาน้ำผึ้งมะนาว (เย็น)
G51255,ผู้มาเยือน (ซื้อครั้งเดียว),2023-06-26,2023-06-26,1,1,20.0,P-SFT-003,1,แฟนต้า น้ำแดง
G51256,ผู้มาเยือน (ซื้อครั้งเดียว),2023-06-26,2023-06-26,1,1,45.0,P-COC-004,1,นมสด (เย็น)
G51257,ผู้มาเยือน (ซื้อครั้งเดียว),2023-06-26,2023-06-26,1,1,25.0,P-SFT-001,1,โค้ก ออริจินอล
G51258,ผู้มาเยือน (ซื้อครั้งเดียว),2023-06-26,2023-06-26,1,1,45.0,P-COC-009,1,นมชมพู(นมเย็น)
G51259,ผู้มาเยือน (ซื้อครั้งเดียว),2023-06-26,2023-06-26,1,1,45.0,P-SOD-001,1,สตรอเบอรี่
G51260,ผู้มาเยือน (ซื้อครั้งเดียว),2023-06-26,2023-06-26,1,1,50.0,P-TEA-017,1,ชาสตรอเบอรี่ (เย็น)
G51261,ผู้มาเยือน (ซื้อครั้งเดียว),2023-06-26,2023-06-26,1,1,50.0,P-COC-005,1,นมสดคาราเมล (เย็น)
G51262,ผู้มาเยือน (ซื้อครั้งเดียว),2023-06-26,2023-06-26,1,3,60.0,P-SFT-003,3,แฟนต้า น้ำแดง
G51263,ผู้มาเยือน (ซื้อครั้งเดียว),2023-06-27,2023-06-27,1,1,55.0,P-COC-007,1,นมสดคาราเมล (ปั่น)
G51264,ผู้มาเยือน (ซื้อครั้งเดียว),2023-06-27,2023-06-27,1,1,45.0,P-COF-002,1,ลาเต้ (เย็น)
G51265,ผู้มาเยือน (ซื้อครั้งเดียว),2023-06-27,2023-06-27,1,1,45.0,P-COC-009,1,นมชมพู(นมเย็น)
G51266,ผู้มาเยือน (ซื้อครั้งเดียว),2023-06-27,2023-06-27,1,1,45.0,P-COF-003,1,คาปูชิโน่ (เย็น)
G51267,ผู้มาเยือน (ซื้อครั้งเดียว),2023-06-27,2023-06-27,1,1,55.0,P-COC-003,1,ช็อคโกแลต (ปั่น)
G51268,ผู้มาเยือน (ซื้อครั้งเดียว),2023-06-27,2023-06-27,1,2,65.0,P-COF-002,2,ลาเต้ (เย็น)
G51269,ผู้มาเยือน (ซื้อครั้งเดียว),2023-06-27,2023-06-27,1,1,50.0,P-TEA-017,1,ชาสตรอเบอรี่ (เย็น)
G51270,ผู้มาเยือน (ซื้อครั้งเดียว),2023-06-27,2023-06-27,1,1,45.0,P-TEA-001,1,ชาเขียว (เย็น)
G51271,ผู้มาเยือน (ซื้อครั้งเดียว),2023-06-27,2023-06-27,1,1,45.0,P-TEA-002,1,ชาซีลอน (เย็น)
G51272,ผู้มาเยือน (ซื้อครั้งเดียว),2023-06-27,2023-06-27,1,1,50.0,P-TEA-017,1,ชาสตรอเบอรี่ (เย็น)
G51273,ผู้มาเยือน (ซื้อครั้งเดียว),2023-06-27,2023-06-27,1,3,90.0,P-SFT-001,3,โค้ก ออริจินอล
G51274,ผู้มาเยือน (ซื้อครั้งเดียว),2023-06-27,2023-06-27,1,1,55.0,P-SMT-001,1,สมูตตี้ สตรอเบอรี่
G51275,ผู้มาเยือน (ซื้อครั้งเดียว),2023-06-27,2023-06-27,1,1,45.0,P-COF-003,1,คาปูชิโน่ (เย็น)
G51276,ผู้มาเยือน (ซื้อครั้งเดียว),2023-06-27,2023-06-27,1,1,45.0,P-TEA-001,1,ชาเขียว (เย็น)
G51277,ผู้มาเยือน (ซื้อครั้งเดียว),2023-06-27,2023-06-27,1,1,10.0,P-SOU-001,1,น้ำเปล่า
G51278,ผู้มาเยือน (ซื้อครั้งเดียว),2023-06-27,2023-06-27,1,2,75.0,P-BAK-002,2,บราวนี่
G51279,ผู้มาเยือน (ซื้อครั้งเดียว),2023-06-27,2023-06-27,1,4,110.0,P-BAK-011,4,เค้กบลูเบอร์รี่หน้านิ่ม
G51280,ผู้มาเยือน (ซื้อครั้งเดียว),2023-06-28,2023-06-28,1,1,50.0,P-COC-001,1,ช็อคโกแลต (เย็น)
G51281,ผู้มาเยือน (ซื้อครั้งเดียว),2023-06-28,2023-06-28,1,1,45.0,P-COF-003,1,คาปูชิโน่ (เย็น)
G51282,ผู้มาเยือน (ซื้อครั้งเดียว),2023-06-28,2023-06-28,1,1,45.0,P-TEA-006,1,ชาน้ำผึ้งมะนาว (เย็น)
G51283,ผู้มาเยือน (ซื้อครั้งเดียว),2023-06-28,2023-06-28,1,1,50.0,P-COF-004,1,อเมริกาโน่ส้ม
G51284,ผู้มาเยือน (ซื้อครั้งเดียว),2023-06-28,2023-06-28,1,2,110.0,P-COC-006,1,โกโก้ (ปั่น)
G51285,ผู้มาเยือน (ซื้อครั้งเดียว),2023-06-28,2023-06-28,1,1,45.0,P-COF-003,1,คาปูชิโน่ (เย็น)
G51286,ผู้มาเยือน (ซื้อครั้งเดียว),2023-06-28,2023-06-28,1,1,55.0,P-COC-006,1,โกโก้ (ปั่น)
G51287,ผู้มาเยือน (ซื้อครั้งเดียว),2023-06-28,2023-06-28,1,1,45.0,P-TEA-010,1,ชาซีลอนดำ (เย็น)
G51288,ผู้มาเยือน (ซื้อครั้งเดียว),2023-06-28,2023-06-28,1,3,160.0,P-SMT-005,3,สมูตตี้ บลูเบอรี่
G51289,ผู้มาเยือน (ซื้อครั้งเดียว),2023-06-28,2023-06-28,1,2,90.0,P-COF-002,2,ลาเต้ (เย็น)
G51290,ผู้มาเยือน (ซื้อครั้งเดียว),2023-06-28,2023-06-28,1,3,125.0,P-COF-001,2,อเมริกาโน่ (เย็น)
G51291,ผู้มาเยือน (ซื้อครั้งเดียว),2023-06-28,2023-06-28,1,3,30.0,P-SOU-001,1,น้ำเปล่า
G51292,ผู้มาเยือน (ซื้อครั้งเดียว),2023-06-28,2023-06-28,1,1,50.0,P-COF-006,1,อเมริกาโน่ช่อมะพร้าว
G51293,ผู้มาเยือน (ซื้อครั้งเดียว),2023-06-28,2023-06-28,1,1,50.0,P-COC-001,1,ช็อคโกแลต (เย็น)
G51294,ผู้มาเยือน (ซื้อครั้งเดียว),2023-06-28,2023-06-28,1,1,45.0,P-SOD-007,1,บลูเบอรี่
G51295,ผู้มาเยือน (ซื้อครั้งเดียว),2023-06-29,2023-06-29,1,2,100.0,P-COF-005,1,เอสเปรสโซ่ (เย็น)
G51296,ผู้มาเยือน (ซื้อครั้งเดียว),2023-06-29,2023-06-29,1,1,20.0,P-SFT-009,1,ชเวปไม่มีน้ำตาล
G51297,ผู้มาเยือน (ซื้อครั้งเดียว),2023-06-29,2023-06-29,1,1,25.0,P-SFT-002,1,สิงห์เลม่อนโซดา
G51298,ผู้มาเยือน (ซื้อครั้งเดียว),2023-06-29,2023-06-29,1,1,45.0,P-TEA-006,1,ชาน้ำผึ้งมะนาว (เย็น)
G51299,ผู้มาเยือน (ซื้อครั้งเดียว),2023-06-29,2023-06-29,1,2,95.0,P-TEA-001,2,ชาเขียว (เย็น)
G51300,ผู้มาเยือน (ซื้อครั้งเดียว),2023-06-29,2023-06-29,1,1,45.0,P-SOD-001,1,สตรอเบอรี่
G51301,ผู้มาเยือน (ซื้อครั้งเดียว),2023-06-30,2023-06-30,1,4,180.0,P-BAK-008,4,เค้กช็อคหน้านิ่ม
G51302,ผู้มาเยือน (ซื้อครั้งเดียว),2023-06-30,2023-06-30,1,1,45.0,P-TEA-001,1,ชาเขียว (เย็น)
G51303,ผู้มาเยือน (ซื้อครั้งเดียว),2023-06-30,2023-06-30,1,1,50.0,P-COC-002,1,โกโก้ (เย็น)
G51304,ผู้มาเยือน (ซื้อครั้งเดียว),2023-06-30,2023-06-30,1,2,90.0,P-COF-002,2,ลาเต้ (เย็น)
G51305,ผู้มาเยือน (ซื้อครั้งเดียว),2023-06-30,2023-06-30,1,1,55.0,P-COC-006,1,โกโก้ (ปั่น)
G51306,ผู้มาเยือน (ซื้อครั้งเดียว),2023-06-30,2023-06-30,1,1,45.0,P-COF-002,1,ลาเต้ (เย็น)
G51307,ผู้มาเยือน (ซื้อครั้งเดียว),2023-06-30,2023-06-30,1,1,20.0,P-SNK-009,1,ฮานามิ
G51308,ผู้มาเยือน (ซื้อครั้งเดียว),2023-06-30,2023-06-30,1,1,20.0,P-NDL-001,1,มาม่า
G51309,ผู้มาเยือน (ซื้อครั้งเดียว),2023-07-01,2023-07-01,1,1,45.0,P-COF-001,1,อเมริกาโน่ (เย็น)
G51310,ผู้มาเยือน (ซื้อครั้งเดียว),2023-07-02,2023-07-02,1,1,45.0,P-COF-001,1,อเมริกาโน่ (เย็น)
G51311,ผู้มาเยือน (ซื้อครั้งเดียว),2023-07-03,2023-07-03,1,1,45.0,P-COF-002,1,ลาเต้ (เย็น)
G51312,ผู้มาเยือน (ซื้อครั้งเดียว),2023-07-03,2023-07-03,1,5,190.0,P-COF-002,4,ลาเต้ (เย็น)
G51313,ผู้มาเยือน (ซื้อครั้งเดียว),2023-07-03,2023-07-03,1,1,50.0,P-TEA-004,1,ชามัทฉะ (เย็น)
G51314,ผู้มาเยือน (ซื้อครั้งเดียว),2023-07-03,2023-07-03,1,2,90.0,P-COF-002,2,ลาเต้ (เย็น)
G51315,ผู้มาเยือน (ซื้อครั้งเดียว),2023-07-03,2023-07-03,1,1,55.0,P-TEA-003,1,ชาเขียว (ปั่น)
G51316,ผู้มาเยือน (ซื้อครั้งเดียว),2023-07-03,2023-07-03,1,1,45.0,P-COF-002,1,ลาเต้ (เย็น)
G51317,ผู้มาเยือน (ซื้อครั้งเดียว),2023-07-03,2023-07-03,1,2,105.0,P-SMT-010,2,สมูตตี้ บลูฮาวาย
G51318,ผู้มาเยือน (ซื้อครั้งเดียว),2023-07-03,2023-07-03,1,1,50.0,P-COC-002,1,โกโก้ (เย็น)
G51319,ผู้มาเยือน (ซื้อครั้งเดียว),2023-07-03,2023-07-03,1,1,25.0,P-BAK-002,1,บราวนี่
G51320,ผู้มาเยือน (ซื้อครั้งเดียว),2023-07-03,2023-07-03,1,1,45.0,P-TEA-001,1,ชาเขียว (เย็น)
G51321,ผู้มาเยือน (ซื้อครั้งเดียว),2023-07-03,2023-07-03,1,1,55.0,P-TEA-003,1,ชาเขียว (ปั่น)
G51322,ผู้มาเยือน (ซื้อครั้งเดียว),2023-07-03,2023-07-03,1,2,90.0,P-TEA-002,2,ชาซีลอน (เย็น)
G51323,ผู้มาเยือน (ซื้อครั้งเดียว),2023-07-03,2023-07-03,1,4,200.0,P-COF-001,4,อเมริกาโน่ (เย็น)
G51324,ผู้มาเยือน (ซื้อครั้งเดียว),2023-07-03,2023-07-03,1,1,50.0,P-TEA-011,1,ชาเขียวมะนาว
G51325,ผู้มาเยือน (ซื้อครั้งเดียว),2023-07-03,2023-07-03,1,1,25.0,P-SFT-008,1,แฟนต้า น้ำเขียว
G51326,ผู้มาเยือน (ซื้อครั้งเดียว),2023-07-03,2023-07-03,1,2,20.0,P-SOU-001,1,น้ำเปล่า
G51327,ผู้มาเยือน (ซื้อครั้งเดียว),2023-07-04,2023-07-04,1,1,45.0,P-COF-002,1,ลาเต้ (เย็น)
G51328,ผู้มาเยือน (ซื้อครั้งเดียว),2023-07-04,2023-07-04,1,2,80.0,P-FOD-001,2,แซนวิชโบราณ
G51329,ผู้มาเยือน (ซื้อครั้งเดียว),2023-07-04,2023-07-04,1,2,94.0,P-FOD-002,2,ข้าวกล่อง
G51330,ผู้มาเยือน (ซื้อครั้งเดียว),2023-07-04,2023-07-04,1,1,20.0,P-SNK-001,1,ขนมเลย์
G51331,ผู้มาเยือน (ซื้อครั้งเดียว),2023-07-04,2023-07-04,1,2,30.0,P-NDL-002,2,ยำยำ
G51332,ผู้มาเยือน (ซื้อครั้งเดียว),2023-07-04,2023-07-04,1,2,80.0,P-BAK-011,2,เค้กบลูเบอร์รี่หน้านิ่ม
G51333,ผู้มาเยือน (ซื้อครั้งเดียว),2023-07-04,2023-07-04,1,1,55.0,P-TEA-003,1,ชาเขียว (ปั่น)
G51334,ผู้มาเยือน (ซื้อครั้งเดียว),2023-07-04,2023-07-04,1,1,20.0,P-NDL-004,1,โจ๊ก
G51335,ผู้มาเยือน (ซื้อครั้งเดียว),2023-07-04,2023-07-04,1,1,20.0,P-NDL-003,1,ไวไว
G51336,ผู้มาเยือน (ซื้อครั้งเดียว),2023-07-04,2023-07-04,1,1,25.0,P-SFT-001,1,โค้ก ออริจินอล
G51337,ผู้มาเยือน (ซื้อครั้งเดียว),2023-07-04,2023-07-04,1,1,20.0,P-NDL-005,1,ซือดะรสต้มโคล้ง
G51338,ผู้มาเยือน (ซื้อครั้งเดียว),2023-07-04,2023-07-04,1,1,50.0,P-COF-006,1,อเมริกาโน่ช่อมะพร้าว
G51339,ผู้มาเยือน (ซื้อครั้งเดียว),2023-07-05,2023-07-05,1,1,45.0,P-COF-002,1,ลาเต้ (เย็น)
G51340,ผู้มาเยือน (ซื้อครั้งเดียว),2023-07-05,2023-07-05,1,1,25.0,P-FOD-001,1,แซนวิชโบราณ
G51341,ผู้มาเยือน (ซื้อครั้งเดียว),2023-07-05,2023-07-05,1,3,70.0,P-SFT-001,3,โค้ก ออริจินอล
G51342,ผู้มาเยือน (ซื้อครั้งเดียว),2023-07-05,2023-07-05,1,3,100.0,P-FOD-003,3,ขนมจีบกุ้ง
G51343,ผู้มาเยือน (ซื้อครั้งเดียว),2023-07-05,2023-07-05,1,1,45.0,P-COF-002,1,ลาเต้ (เย็น)
G51344,ผู้มาเยือน (ซื้อครั้งเดียว),2023-07-05,2023-07-05,1,2,75.0,P-FOD-003,2,ขนมจีบกุ้ง
G51345,ผู้มาเยือน (ซื้อครั้งเดียว),2023-07-05,2023-07-05,1,1,50.0,P-COC-002,1,โกโก้ (เย็น)
G51346,ผู้มาเยือน (ซื้อครั้งเดียว),2023-07-05,2023-07-05,1,1,55.0,P-TEA-003,1,ชาเขียว (ปั่น)
G51347,ผู้มาเยือน (ซื้อครั้งเดียว),2023-07-05,2023-07-05,1,1,45.0,P-TEA-001,1,ชาเขียว (เย็น)
G51348,ผู้มาเยือน (ซื้อครั้งเดียว),2023-07-05,2023-07-05,1,2,105.0,P-SMT-003,2,โอริโอ้ (ปั่น)
G51349,ผู้มาเยือน (ซื้อครั้งเดียว),2023-07-05,2023-07-05,1,1,55.0,P-COC-003,1,ช็อคโกแลต (ปั่น)
G51350,ผู้มาเยือน (ซื้อครั้งเดียว),2023-07-05,2023-07-05,1,2,105.0,P-COF-007,2,อเมริกาโน่น้ำผึ้งมะนาว
G51351,ผู้มาเยือน (ซื้อครั้งเดียว),2023-07-05,2023-07-05,1,1,20.0,P-SNK-002,1,ป็อกกี้
G51352,ผู้มาเยือน (ซื้อครั้งเดียว),2023-07-05,2023-07-05,1,1,25.0,P-FOD-001,1,แซนวิชโบราณ
G51353,ผู้มาเยือน (ซื้อครั้งเดียว),2023-07-05,2023-07-05,1,1,25.0,P-SFT-002,1,สิงห์เลม่อนโซดา
G51354,ผู้มาเยือน (ซื้อครั้งเดียว),2023-07-05,2023-07-05,1,2,65.0,P-FOD-005,2,ไข่กระทะ
G51355,ผู้มาเยือน (ซื้อครั้งเดียว),2023-07-05,2023-07-05,1,1,25.0,P-SFT-001,1,โค้ก ออริจินอล
G51356,ผู้มาเยือน (ซื้อครั้งเดียว),2023-07-05,2023-07-05,1,1,40.0,P-FOD-002,1,ข้าวกล่อง
G51357,ผู้มาเยือน (ซื้อครั้งเดียว),2023-07-06,2023-07-06,1,1,45.0,P-COF-002,1,ลาเต้ (เย็น)
G51358,ผู้มาเยือน (ซื้อครั้งเดียว),2023-07-06,2023-07-06,1,3,130.0,P-COC-013,3,สตรอเบอรี่นมสด
G51359,ผู้มาเยือน (ซื้อครั้งเดียว),2023-07-06,2023-07-06,1,1,45.0,P-TEA-007,1,ชามะนาว (เย็น)
G51360,ผู้มาเยือน (ซื้อครั้งเดียว),2023-07-06,2023-07-06,1,1,40.0,P-COC-012,1,ช็อคโกแลต (ร้อน)
G51361,ผู้มาเยือน (ซื้อครั้งเดียว),2023-07-06,2023-07-06,1,1,20.0,P-SNK-001,1,ขนมเลย์
G51362,ผู้มาเยือน (ซื้อครั้งเดียว),2023-07-06,2023-07-06,1,1,55.0,P-COC-008,1,โกโก้มิ้นท์
G51363,ผู้มาเยือน (ซื้อครั้งเดียว),2023-07-06,2023-07-06,1,1,55.0,P-SMT-003,1,โอริโอ้ (ปั่น)
G51364,ผู้มาเยือน (ซื้อครั้งเดียว),2023-07-06,2023-07-06,1,1,20.0,P-FOD-005,1,ไข่กระทะ
G51365,ผู้มาเยือน (ซื้อครั้งเดียว),2023-07-07,2023-07-07,1,1,10.0,P-SOU-001,1,น้ำเปล่า
G51366,ผู้มาเยือน (ซื้อครั้งเดียว),2023-07-07,2023-07-07,1,1,45.0,P-COF-002,1,ลาเต้ (เย็น)
G51367,ผู้มาเยือน (ซื้อครั้งเดียว),2023-07-07,2023-07-07,1,1,50.0,P-COC-001,1,ช็อคโกแลต (เย็น)
G51368,ผู้มาเยือน (ซื้อครั้งเดียว),2023-07-07,2023-07-07,1,2,90.0,P-TEA-001,1,ชาเขียว (เย็น)
G51369,ผู้มาเยือน (ซื้อครั้งเดียว),2023-07-07,2023-07-07,1,1,50.0,P-TEA-017,1,ชาสตรอเบอรี่ (เย็น)
G51370,ผู้มาเยือน (ซื้อครั้งเดียว),2023-07-07,2023-07-07,1,2,94.0,P-FOD-002,2,ข้าวกล่อง
G51371,ผู้มาเยือน (ซื้อครั้งเดียว),2023-07-07,2023-07-07,1,1,50.0,P-COC-002,1,โกโก้ (เย็น)
G51372,ผู้มาเยือน (ซื้อครั้งเดียว),2023-07-07,2023-07-07,1,1,50.0,P-COF-004,1,อเมริกาโน่ส้ม
G51373,ผู้มาเยือน (ซื้อครั้งเดียว),2023-07-07,2023-07-07,1,1,45.0,P-COF-003,1,คาปูชิโน่ (เย็น)
G51374,ผู้มาเยือน (ซื้อครั้งเดียว),2023-07-07,2023-07-07,1,2,60.0,P-COF-005,2,เอสเปรสโซ่ (เย็น)
G51375,ผู้มาเยือน (ซื้อครั้งเดียว),2023-07-07,2023-07-07,1,1,45.0,P-TEA-001,1,ชาเขียว (เย็น)
G51376,ผู้มาเยือน (ซื้อครั้งเดียว),2023-07-07,2023-07-07,1,1,45.0,P-COF-001,1,อเมริกาโน่ (เย็น)
G51377,ผู้มาเยือน (ซื้อครั้งเดียว),2023-07-07,2023-07-07,1,1,45.0,P-TEA-001,1,ชาเขียว (เย็น)
G51378,ผู้มาเยือน (ซื้อครั้งเดียว),2023-07-07,2023-07-07,1,3,105.0,P-COF-004,3,อเมริกาโน่ส้ม
G51379,ผู้มาเยือน (ซื้อครั้งเดียว),2023-07-08,2023-07-08,1,1,45.0,P-COF-002,1,ลาเต้ (เย็น)
G51380,ผู้มาเยือน (ซื้อครั้งเดียว),2023-07-08,2023-07-08,1,1,10.0,P-SOU-001,1,น้ำเปล่า
G51381,ผู้มาเยือน (ซื้อครั้งเดียว),2023-07-08,2023-07-08,1,1,50.0,P-COC-002,1,โกโก้ (เย็น)
G51382,ผู้มาเยือน (ซื้อครั้งเดียว),2023-07-08,2023-07-08,1,3,60.0,P-FOD-001,2,แซนวิชโบราณ
G51383,ผู้มาเยือน (ซื้อครั้งเดียว),2023-07-08,2023-07-08,1,4,190.0,P-SOD-010,4,แดงโซดา
G51384,ผู้มาเยือน (ซื้อครั้งเดียว),2023-07-08,2023-07-08,1,2,50.0,P-FOD-001,1,แซนวิชโบราณ
G51385,ผู้มาเยือน (ซื้อครั้งเดียว),2023-07-08,2023-07-08,1,1,55.0,P-COC-003,1,ช็อคโกแลต (ปั่น)
G51386,ผู้มาเยือน (ซื้อครั้งเดียว),2023-07-08,2023-07-08,1,3,60.0,P-NDL-003,3,ไวไว
G51387,ผู้มาเยือน (ซื้อครั้งเดียว),2023-07-09,2023-07-09,1,1,45.0,P-COF-002,1,ลาเต้ (เย็น)
G51388,ผู้มาเยือน (ซื้อครั้งเดียว),2023-07-09,2023-07-09,1,2,90.0,P-COF-003,2,คาปูชิโน่ (เย็น)
G51389,ผู้มาเยือน (ซื้อครั้งเดียว),2023-07-09,2023-07-09,1,1,55.0,P-COC-007,1,นมสดคาราเมล (ปั่น)
G51390,ผู้มาเยือน (ซื้อครั้งเดียว),2023-07-09,2023-07-09,1,2,55.0,P-TOP-002,2,ชอตกาแฟ
G51391,ผู้มาเยือน (ซื้อครั้งเดียว),2023-07-09,2023-07-09,1,1,50.0,P-COC-001,1,ช็อคโกแลต (เย็น)
G51392,ผู้มาเยือน (ซื้อครั้งเดียว),2023-07-09,2023-07-09,1,1,50.0,P-COC-002,1,โกโก้ (เย็น)
G51393,ผู้มาเยือน (ซื้อครั้งเดียว),2023-07-10,2023-07-10,1,1,10.0,P-SOU-001,1,น้ำเปล่า
G51394,ผู้มาเยือน (ซื้อครั้งเดียว),2023-07-10,2023-07-10,1,1,50.0,P-COF-009,1,มอคค่า (เย็น)
G51395,ผู้มาเยือน (ซื้อครั้งเดียว),2023-07-10,2023-07-10,1,2,40.0,P-NDL-002,2,ยำยำ
G51396,ผู้มาเยือน (ซื้อครั้งเดียว),2023-07-10,2023-07-10,1,1,30.0,P-FOD-003,1,ขนมจีบกุ้ง
G51397,ผู้มาเยือน (ซื้อครั้งเดียว),2023-07-10,2023-07-10,1,1,35.0,P-BAK-021,1,เค้กชาไทยหน้านิ่ม
G51398,ผู้มาเยือน (ซื้อครั้งเดียว),2023-07-10,2023-07-10,1,1,20.0,P-NDL-003,1,ไวไว
G51399,ผู้มาเยือน (ซื้อครั้งเดียว),2023-07-10,2023-07-10,1,1,10.0,P-SOU-001,1,น้ำเปล่า
G51400,ผู้มาเยือน (ซื้อครั้งเดียว),2023-07-10,2023-07-10,1,1,55.0,P-COF-021,1,เอสเปรสโซ่ (ปั่น)
G51401,ผู้มาเยือน (ซื้อครั้งเดียว),2023-07-10,2023-07-10,1,1,45.0,P-TEA-006,1,ชาน้ำผึ้งมะนาว (เย็น)
G51402,ผู้มาเยือน (ซื้อครั้งเดียว),2023-07-10,2023-07-10,1,1,45.0,P-TEA-001,1,ชาเขียว (เย็น)
G51403,ผู้มาเยือน (ซื้อครั้งเดียว),2023-07-10,2023-07-10,1,1,20.0,P-NDL-002,1,ยำยำ
G51404,ผู้มาเยือน (ซื้อครั้งเดียว),2023-07-10,2023-07-10,1,4,185.0,P-FOD-003,4,ขนมจีบกุ้ง
G51405,ผู้มาเยือน (ซื้อครั้งเดียว),2023-07-10,2023-07-10,1,2,90.0,P-COF-001,2,อเมริกาโน่ (เย็น)
G51406,ผู้มาเยือน (ซื้อครั้งเดียว),2023-07-10,2023-07-10,1,1,45.0,P-TEA-001,1,ชาเขียว (เย็น)
G51407,ผู้มาเยือน (ซื้อครั้งเดียว),2023-07-10,2023-07-10,1,1,20.0,P-NDL-002,1,ยำยำ
G51408,ผู้มาเยือน (ซื้อครั้งเดียว),2023-07-11,2023-07-11,1,2,59.0,P-FOD-002,2,ข้าวกล่อง
G51409,ผู้มาเยือน (ซื้อครั้งเดียว),2023-07-11,2023-07-11,1,1,45.0,P-TEA-001,1,ชาเขียว (เย็น)
G51410,ผู้มาเยือน (ซื้อครั้งเดียว),2023-07-11,2023-07-11,1,2,75.0,P-NDL-002,2,ยำยำ
G51411,ผู้มาเยือน (ซื้อครั้งเดียว),2023-07-11,2023-07-11,1,2,65.0,P-NDL-001,2,มาม่า
G51412,ผู้มาเยือน (ซื้อครั้งเดียว),2023-07-11,2023-07-11,1,1,10.0,P-SOU-001,1,น้ำเปล่า
G51413,ผู้มาเยือน (ซื้อครั้งเดียว),2023-07-11,2023-07-11,1,3,109.0,P-FOD-002,3,ข้าวกล่อง
G51414,ผู้มาเยือน (ซื้อครั้งเดียว),2023-07-11,2023-07-11,1,1,30.0,P-FOD-003,1,ขนมจีบกุ้ง
G51415,ผู้มาเยือน (ซื้อครั้งเดียว),2023-07-11,2023-07-11,1,1,55.0,P-SMT-001,1,สมูตตี้ สตรอเบอรี่
G51416,ผู้มาเยือน (ซื้อครั้งเดียว),2023-07-11,2023-07-11,1,3,85.0,P-NDL-002,3,ยำยำ
G51417,ผู้มาเยือน (ซื้อครั้งเดียว),2023-07-11,2023-07-11,1,1,10.0,P-SOU-001,1,น้ำเปล่า
G51418,ผู้มาเยือน (ซื้อครั้งเดียว),2023-07-11,2023-07-11,1,2,115.0,P-COC-001,2,ช็อคโกแลต (เย็น)
G51419,ผู้มาเยือน (ซื้อครั้งเดียว),2023-07-11,2023-07-11,1,1,45.0,P-TEA-006,1,ชาน้ำผึ้งมะนาว (เย็น)
G51420,ผู้มาเยือน (ซื้อครั้งเดียว),2023-07-11,2023-07-11,1,2,75.0,P-FOD-004,2,ขนมจีบไก่
G51421,ผู้มาเยือน (ซื้อครั้งเดียว),2023-07-12,2023-07-12,1,2,20.0,P-SOU-001,1,น้ำเปล่า
G51422,ผู้มาเยือน (ซื้อครั้งเดียว),2023-07-12,2023-07-12,1,1,65.0,P-FOD-006,1,อาหารคลีน
G51423,ผู้มาเยือน (ซื้อครั้งเดียว),2023-07-12,2023-07-12,1,2,40.0,P-SOU-008,1,กล้วนฉาบรวมรส
G51424,ผู้มาเยือน (ซื้อครั้งเดียว),2023-07-12,2023-07-12,1,1,55.0,P-SMT-011,1,สมูตตี้ กีวี่
G51425,ผู้มาเยือน (ซื้อครั้งเดียว),2023-07-12,2023-07-12,1,3,95.0,P-FOD-008,3,แซนวิสสลัด
G51426,ผู้มาเยือน (ซื้อครั้งเดียว),2023-07-12,2023-07-12,1,2,20.0,P-SOU-001,1,น้ำเปล่า
G51427,ผู้มาเยือน (ซื้อครั้งเดียว),2023-07-13,2023-07-13,1,1,45.0,P-COC-004,1,นมสด (เย็น)
G51428,ผู้มาเยือน (ซื้อครั้งเดียว),2023-07-13,2023-07-13,1,1,45.0,P-COC-004,1,นมสด (เย็น)
G51429,ผู้มาเยือน (ซื้อครั้งเดียว),2023-07-13,2023-07-13,1,1,10.0,P-SOU-001,1,น้ำเปล่า
G51430,ผู้มาเยือน (ซื้อครั้งเดียว),2023-07-13,2023-07-13,1,1,45.0,P-COF-002,1,ลาเต้ (เย็น)
G51431,ผู้มาเยือน (ซื้อครั้งเดียว),2023-07-13,2023-07-13,1,1,45.0,P-TEA-001,1,ชาเขียว (เย็น)
G51432,ผู้มาเยือน (ซื้อครั้งเดียว),2023-07-13,2023-07-13,1,1,50.0,P-COC-001,1,ช็อคโกแลต (เย็น)
G51433,ผู้มาเยือน (ซื้อครั้งเดียว),2023-07-13,2023-07-13,1,1,25.0,P-BAK-005,1,แอลแคร์
G51434,ผู้มาเยือน (ซื้อครั้งเดียว),2023-07-14,2023-07-14,1,2,55.0,P-TOP-001,2,วุ้นบุก
G51435,ผู้มาเยือน (ซื้อครั้งเดียว),2023-07-14,2023-07-14,1,1,50.0,P-COF-005,1,เอสเปรสโซ่ (เย็น)
G51436,ผู้มาเยือน (ซื้อครั้งเดียว),2023-07-14,2023-07-14,1,6,150.0,P-COF-012,3,คาปูชิโน่ (ร้อน)
G51437,ผู้มาเยือน (ซื้อครั้งเดียว),2023-07-14,2023-07-14,1,1,45.0,P-SOD-001,1,สตรอเบอรี่
G51438,ผู้มาเยือน (ซื้อครั้งเดียว),2023-07-14,2023-07-14,1,1,45.0,P-TEA-001,1,ชาเขียว (เย็น)
G51439,ผู้มาเยือน (ซื้อครั้งเดียว),2023-07-14,2023-07-14,1,1,45.0,P-COF-010,1,อเมริกาโน่น้ำผึ้ง (เย็น)
G51440,ผู้มาเยือน (ซื้อครั้งเดียว),2023-07-14,2023-07-14,1,2,50.0,P-FOD-001,1,แซนวิชโบราณ
G51441,ผู้มาเยือน (ซื้อครั้งเดียว),2023-07-14,2023-07-14,1,1,55.0,P-TEA-016,1,ชามัทฉะ (ปั่น)
G51442,ผู้มาเยือน (ซื้อครั้งเดียว),2023-07-14,2023-07-14,1,2,65.0,P-TEA-014,2,ชาเขียวดำ (เย็น)
G51443,ผู้มาเยือน (ซื้อครั้งเดียว),2023-07-14,2023-07-14,1,1,55.0,P-TEA-003,1,ชาเขียว (ปั่น)
G51444,ผู้มาเยือน (ซื้อครั้งเดียว),2023-07-14,2023-07-14,1,1,20.0,P-SOU-008,1,กล้วนฉาบรวมรส
G51445,ผู้มาเยือน (ซื้อครั้งเดียว),2023-07-14,2023-07-14,1,3,50.0,P-SFT-001,3,โค้ก ออริจินอล
G51446,ผู้มาเยือน (ซื้อครั้งเดียว),2023-07-15,2023-07-15,1,1,25.0,P-SFT-002,1,สิงห์เลม่อนโซดา
G51447,ผู้มาเยือน (ซื้อครั้งเดียว),2023-07-15,2023-07-15,1,2,90.0,P-TEA-001,1,ชาเขียว (เย็น)
G51448,ผู้มาเยือน (ซื้อครั้งเดียว),2023-07-15,2023-07-15,1,2,100.0,P-TEA-011,1,ชาเขียวมะนาว
G51449,ผู้มาเยือน (ซื้อครั้งเดียว),2023-07-15,2023-07-15,1,1,50.0,P-TEA-011,1,ชาเขียวมะนาว
G51450,ผู้มาเยือน (ซื้อครั้งเดียว),2023-07-15,2023-07-15,1,1,45.0,P-TEA-002,1,ชาซีลอน (เย็น)
G51451,ผู้มาเยือน (ซื้อครั้งเดียว),2023-07-15,2023-07-15,1,4,159.0,P-SOU-001,4,น้ำเปล่า
G51452,ผู้มาเยือน (ซื้อครั้งเดียว),2023-07-17,2023-07-17,1,1,45.0,P-COF-002,1,ลาเต้ (เย็น)
G51453,ผู้มาเยือน (ซื้อครั้งเดียว),2023-07-17,2023-07-17,1,2,90.0,P-COF-002,2,ลาเต้ (เย็น)
G51454,ผู้มาเยือน (ซื้อครั้งเดียว),2023-07-17,2023-07-17,1,1,45.0,P-COC-009,1,นมชมพู(นมเย็น)
G51455,ผู้มาเยือน (ซื้อครั้งเดียว),2023-07-17,2023-07-17,1,1,10.0,P-SOU-001,1,น้ำเปล่า
G51456,ผู้มาเยือน (ซื้อครั้งเดียว),2023-07-17,2023-07-17,1,1,65.0,P-FOD-006,1,อาหารคลีน
G51457,ผู้มาเยือน (ซื้อครั้งเดียว),2023-07-17,2023-07-17,1,2,20.0,P-SOU-001,1,น้ำเปล่า
G51458,ผู้มาเยือน (ซื้อครั้งเดียว),2023-07-17,2023-07-17,1,1,45.0,P-COF-010,1,อเมริกาโน่น้ำผึ้ง (เย็น)
G51459,ผู้มาเยือน (ซื้อครั้งเดียว),2023-07-17,2023-07-17,1,2,65.0,P-TEA-002,2,ชาซีลอน (เย็น)
G51460,ผู้มาเยือน (ซื้อครั้งเดียว),2023-07-17,2023-07-17,1,2,45.0,P-SFT-001,2,โค้ก ออริจินอล
G51461,ผู้มาเยือน (ซื้อครั้งเดียว),2023-07-18,2023-07-18,1,1,45.0,P-COC-009,1,นมชมพู(นมเย็น)
G51462,ผู้มาเยือน (ซื้อครั้งเดียว),2023-07-18,2023-07-18,1,1,50.0,P-COF-006,1,อเมริกาโน่ช่อมะพร้าว
G51463,ผู้มาเยือน (ซื้อครั้งเดียว),2023-07-18,2023-07-18,1,1,50.0,P-COC-005,1,นมสดคาราเมล (เย็น)
G51464,ผู้มาเยือน (ซื้อครั้งเดียว),2023-07-18,2023-07-18,1,1,10.0,P-SOU-001,1,น้ำเปล่า
G51465,ผู้มาเยือน (ซื้อครั้งเดียว),2023-07-18,2023-07-18,1,2,35.0,P-SOU-002,2,น้ำแข็ง
G51466,ผู้มาเยือน (ซื้อครั้งเดียว),2023-07-18,2023-07-18,1,2,90.0,P-BAK-011,2,เค้กบลูเบอร์รี่หน้านิ่ม
G51467,ผู้มาเยือน (ซื้อครั้งเดียว),2023-07-18,2023-07-18,1,1,15.0,P-FOD-004,1,ขนมจีบไก่
G51468,ผู้มาเยือน (ซื้อครั้งเดียว),2023-07-18,2023-07-18,1,2,57.5,P-FOD-006,2,อาหารคลีน
G51469,ผู้มาเยือน (ซื้อครั้งเดียว),2023-07-18,2023-07-18,1,4,115.0,P-SNK-001,4,ขนมเลย์
G51470,ผู้มาเยือน (ซื้อครั้งเดียว),2023-07-19,2023-07-19,1,1,43.0,P-COF-003,1,คาปูชิโน่ (เย็น)
G51471,ผู้มาเยือน (ซื้อครั้งเดียว),2023-07-19,2023-07-19,1,2,95.0,P-COF-004,2,อเมริกาโน่ส้ม
G51472,ผู้มาเยือน (ซื้อครั้งเดียว),2023-07-19,2023-07-19,1,1,50.0,P-COC-005,1,นมสดคาราเมล (เย็น)
G51473,ผู้มาเยือน (ซื้อครั้งเดียว),2023-07-19,2023-07-19,1,4,185.0,P-COF-005,3,เอสเปรสโซ่ (เย็น)
G51474,ผู้มาเยือน (ซื้อครั้งเดียว),2023-07-19,2023-07-19,1,1,20.0,P-SNK-003,1,เทสโต้
G51475,ผู้มาเยือน (ซื้อครั้งเดียว),2023-07-19,2023-07-19,1,1,45.0,P-COF-001,1,อเมริกาโน่ (เย็น)
G51476,ผู้มาเยือน (ซื้อครั้งเดียว),2023-07-19,2023-07-19,1,1,50.0,P-COF-011,1,คาราเมลมัคคีอาโต้
G51477,ผู้มาเยือน (ซื้อครั้งเดียว),2023-07-19,2023-07-19,1,2,40.0,P-NDL-003,2,ไวไว
G51478,ผู้มาเยือน (ซื้อครั้งเดียว),2023-07-19,2023-07-19,1,2,49.0,P-FOD-002,1,ข้าวกล่อง
G51479,ผู้มาเยือน (ซื้อครั้งเดียว),2023-07-19,2023-07-19,1,1,55.0,P-TEA-003,1,ชาเขียว (ปั่น)
G51480,ผู้มาเยือน (ซื้อครั้งเดียว),2023-07-20,2023-07-20,1,1,25.0,P-FOD-005,1,ไข่กระทะ
G51481,ผู้มาเยือน (ซื้อครั้งเดียว),2023-07-20,2023-07-20,1,1,20.0,P-SNK-001,1,ขนมเลย์
G51482,ผู้มาเยือน (ซื้อครั้งเดียว),2023-07-20,2023-07-20,1,2,70.0,P-SFT-001,2,โค้ก ออริจินอล
G51483,ผู้มาเยือน (ซื้อครั้งเดียว),2023-07-20,2023-07-20,1,2,105.0,P-COF-005,2,เอสเปรสโซ่ (เย็น)
G51484,ผู้มาเยือน (ซื้อครั้งเดียว),2023-07-20,2023-07-20,1,2,75.0,P-BAK-005,2,แอลแคร์
G51485,ผู้มาเยือน (ซื้อครั้งเดียว),2023-07-20,2023-07-20,1,2,90.0,P-COF-010,1,อเมริกาโน่น้ำผึ้ง (เย็น)
G51486,ผู้มาเยือน (ซื้อครั้งเดียว),2023-07-20,2023-07-20,1,1,49.0,P-FOD-002,1,ข้าวกล่อง
G51487,ผู้มาเยือน (ซื้อครั้งเดียว),2023-07-20,2023-07-20,1,1,45.0,P-TEA-001,1,ชาเขียว (เย็น)
G51488,ผู้มาเยือน (ซื้อครั้งเดียว),2023-07-20,2023-07-20,1,1,50.0,P-COF-004,1,อเมริกาโน่ส้ม
G51489,ผู้มาเยือน (ซื้อครั้งเดียว),2023-07-20,2023-07-20,1,2,95.0,P-TEA-006,2,ชาน้ำผึ้งมะนาว (เย็น)
G51490,ผู้มาเยือน (ซื้อครั้งเดียว),2023-07-20,2023-07-20,1,3,41.6,P-FOD-005,3,ไข่กระทะ
G51491,ผู้มาเยือน (ซื้อครั้งเดียว),2023-07-21,2023-07-21,1,1,45.0,P-COF-003,1,คาปูชิโน่ (เย็น)
G51492,ผู้มาเยือน (ซื้อครั้งเดียว),2023-07-21,2023-07-21,1,1,55.0,P-COC-003,1,ช็อคโกแลต (ปั่น)
G51493,ผู้มาเยือน (ซื้อครั้งเดียว),2023-07-21,2023-07-21,1,3,95.0,P-FOD-005,3,ไข่กระทะ
G51494,ผู้มาเยือน (ซื้อครั้งเดียว),2023-07-21,2023-07-21,1,3,50.0,P-NDL-005,3,ซือดะรสต้มโคล้ง
G51495,ผู้มาเยือน (ซื้อครั้งเดียว),2023-07-21,2023-07-21,1,1,55.0,P-TEA-003,1,ชาเขียว (ปั่น)
G51496,ผู้มาเยือน (ซื้อครั้งเดียว),2023-07-21,2023-07-21,1,1,45.0,P-TEA-001,1,ชาเขียว (เย็น)
G51497,ผู้มาเยือน (ซื้อครั้งเดียว),2023-07-21,2023-07-21,1,1,45.0,P-COF-003,1,คาปูชิโน่ (เย็น)
G51498,ผู้มาเยือน (ซื้อครั้งเดียว),2023-07-21,2023-07-21,1,2,70.0,P-COC-009,2,นมชมพู(นมเย็น)
G51499,ผู้มาเยือน (ซื้อครั้งเดียว),2023-07-21,2023-07-21,1,2,75.0,P-COC-007,2,นมสดคาราเมล (ปั่น)
G51500,ผู้มาเยือน (ซื้อครั้งเดียว),2023-07-21,2023-07-21,1,2,70.0,P-BAK-005,2,แอลแคร์
G51501,ผู้มาเยือน (ซื้อครั้งเดียว),2023-07-21,2023-07-21,1,1,55.0,P-SMT-003,1,โอริโอ้ (ปั่น)
G51502,ผู้มาเยือน (ซื้อครั้งเดียว),2023-07-21,2023-07-21,1,2,80.0,P-BAK-005,2,แอลแคร์
G51503,ผู้มาเยือน (ซื้อครั้งเดียว),2023-07-21,2023-07-21,1,1,45.0,P-COF-002,1,ลาเต้ (เย็น)
G51504,ผู้มาเยือน (ซื้อครั้งเดียว),2023-07-22,2023-07-22,1,1,50.0,P-COC-002,1,โกโก้ (เย็น)
G51505,ผู้มาเยือน (ซื้อครั้งเดียว),2023-07-22,2023-07-22,1,1,49.0,P-FOD-002,1,ข้าวกล่อง
G51506,ผู้มาเยือน (ซื้อครั้งเดียว),2023-07-22,2023-07-22,1,1,25.0,P-SFT-002,1,สิงห์เลม่อนโซดา
G51507,ผู้มาเยือน (ซื้อครั้งเดียว),2023-07-23,2023-07-23,1,2,65.0,P-COC-008,2,โกโก้มิ้นท์
G51508,ผู้มาเยือน (ซื้อครั้งเดียว),2023-07-23,2023-07-23,1,2,90.0,P-COF-003,1,คาปูชิโน่ (เย็น)
G51509,ผู้มาเยือน (ซื้อครั้งเดียว),2023-07-24,2023-07-24,1,1,25.0,P-BAK-005,1,แอลแคร์
G51510,ผู้มาเยือน (ซื้อครั้งเดียว),2023-07-24,2023-07-24,1,1,45.0,P-TEA-001,1,ชาเขียว (เย็น)
G51511,ผู้มาเยือน (ซื้อครั้งเดียว),2023-07-24,2023-07-24,1,1,50.0,P-COC-005,1,นมสดคาราเมล (เย็น)
G51512,ผู้มาเยือน (ซื้อครั้งเดียว),2023-07-24,2023-07-24,1,1,55.0,P-COC-006,1,โกโก้ (ปั่น)
G51513,ผู้มาเยือน (ซื้อครั้งเดียว),2023-07-24,2023-07-24,1,1,50.0,P-COC-002,1,โกโก้ (เย็น)
G51514,ผู้มาเยือน (ซื้อครั้งเดียว),2023-07-24,2023-07-24,1,1,55.0,P-SMT-001,1,สมูตตี้ สตรอเบอรี่
G51515,ผู้มาเยือน (ซื้อครั้งเดียว),2023-07-24,2023-07-24,1,1,50.0,P-COF-011,1,คาราเมลมัคคีอาโต้
G51516,ผู้มาเยือน (ซื้อครั้งเดียว),2023-07-24,2023-07-24,1,1,50.0,P-COC-001,1,ช็อคโกแลต (เย็น)
G51517,ผู้มาเยือน (ซื้อครั้งเดียว),2023-07-25,2023-07-25,1,1,49.0,P-FOD-002,1,ข้าวกล่อง
G51518,ผู้มาเยือน (ซื้อครั้งเดียว),2023-07-25,2023-07-25,1,2,74.0,P-FOD-002,2,ข้าวกล่อง
G51519,ผู้มาเยือน (ซื้อครั้งเดียว),2023-07-25,2023-07-25,1,3,145.0,P-COC-001,2,ช็อคโกแลต (เย็น)
G51520,ผู้มาเยือน (ซื้อครั้งเดียว),2023-07-25,2023-07-25,1,1,40.0,P-COF-013,1,เอสเปรสโซ่ (ร้อน)
G51521,ผู้มาเยือน (ซื้อครั้งเดียว),2023-07-25,2023-07-25,1,2,80.0,P-COF-021,2,เอสเปรสโซ่ (ปั่น)
G51522,ผู้มาเยือน (ซื้อครั้งเดียว),2023-07-25,2023-07-25,1,1,45.0,P-TEA-006,1,ชาน้ำผึ้งมะนาว (เย็น)
G51523,ผู้มาเยือน (ซื้อครั้งเดียว),2023-07-25,2023-07-25,1,1,25.0,P-FOD-001,1,แซนวิชโบราณ
G51524,ผู้มาเยือน (ซื้อครั้งเดียว),2023-07-25,2023-07-25,1,1,50.0,P-TEA-004,1,ชามัทฉะ (เย็น)
G51525,ผู้มาเยือน (ซื้อครั้งเดียว),2023-07-25,2023-07-25,1,2,40.0,P-SFT-004,1,โค้ก zero
G51526,ผู้มาเยือน (ซื้อครั้งเดียว),2023-07-25,2023-07-25,1,1,50.0,P-COF-007,1,อเมริกาโน่น้ำผึ้งมะนาว
G51527,ผู้มาเยือน (ซื้อครั้งเดียว),2023-07-25,2023-07-25,1,2,80.0,P-BAK-002,2,บราวนี่
G51528,ผู้มาเยือน (ซื้อครั้งเดียว),2023-07-26,2023-07-26,1,2,95.0,P-COC-002,2,โกโก้ (เย็น)
G51529,ผู้มาเยือน (ซื้อครั้งเดียว),2023-07-26,2023-07-26,1,1,45.0,P-SOD-003,1,ลิ้นจี่
G51530,ผู้มาเยือน (ซื้อครั้งเดียว),2023-07-26,2023-07-26,1,1,50.0,P-COC-001,1,ช็อคโกแลต (เย็น)
G51531,ผู้มาเยือน (ซื้อครั้งเดียว),2023-07-26,2023-07-26,1,1,30.0,P-FOD-003,1,ขนมจีบกุ้ง
G51532,ผู้มาเยือน (ซื้อครั้งเดียว),2023-07-26,2023-07-26,1,2,90.0,P-SOD-002,2,เลม่อนผสมน้ำผึ้ง
G51533,ผู้มาเยือน (ซื้อครั้งเดียว),2023-07-26,2023-07-26,1,1,20.0,P-SNK-001,1,ขนมเลย์
G51534,ผู้มาเยือน (ซื้อครั้งเดียว),2023-07-26,2023-07-26,1,1,20.0,P-SOU-008,1,กล้วนฉาบรวมรส
G51535,ผู้มาเยือน (ซื้อครั้งเดียว),2023-07-26,2023-07-26,1,5,150.0,P-COF-008,4,อเมริกาโน่ (ร้อน)
G51536,ผู้มาเยือน (ซื้อครั้งเดียว),2023-07-26,2023-07-26,1,1,55.0,P-TEA-003,1,ชาเขียว (ปั่น)
G51537,ผู้มาเยือน (ซื้อครั้งเดียว),2023-07-26,2023-07-26,1,1,55.0,P-COC-006,1,โกโก้ (ปั่น)
G51538,ผู้มาเยือน (ซื้อครั้งเดียว),2023-07-26,2023-07-26,1,1,55.0,P-COC-003,1,ช็อคโกแลต (ปั่น)
G51539,ผู้มาเยือน (ซื้อครั้งเดียว),2023-07-27,2023-07-27,1,2,75.0,P-COC-010,2,นมสด (ปั่น)
G51540,ผู้มาเยือน (ซื้อครั้งเดียว),2023-07-27,2023-07-27,1,3,100.0,P-COF-006,3,อเมริกาโน่ช่อมะพร้าว
G51541,ผู้มาเยือน (ซื้อครั้งเดียว),2023-07-27,2023-07-27,1,4,140.0,P-BAK-005,2,แอลแคร์
G51542,ผู้มาเยือน (ซื้อครั้งเดียว),2023-07-28,2023-07-28,1,4,110.0,P-COC-005,3,นมสดคาราเมล (เย็น)
G51543,ผู้มาเยือน (ซื้อครั้งเดียว),2023-07-28,2023-07-28,1,2,40.0,P-NDL-002,2,ยำยำ
G51544,ผู้มาเยือน (ซื้อครั้งเดียว),2023-07-28,2023-07-28,1,1,45.0,P-SOD-009,1,มะม่วง
G51545,ผู้มาเยือน (ซื้อครั้งเดียว),2023-07-28,2023-07-28,1,2,90.0,P-TEA-002,2,ชาซีลอน (เย็น)
G51546,ผู้มาเยือน (ซื้อครั้งเดียว),2023-08-03,2023-08-03,1,1,45.0,P-COF-001,1,อเมริกาโน่ (เย็น)
G51547,ผู้มาเยือน (ซื้อครั้งเดียว),2023-08-03,2023-08-03,1,1,45.0,P-COF-001,1,อเมริกาโน่ (เย็น)
G51548,ผู้มาเยือน (ซื้อครั้งเดียว),2023-08-03,2023-08-03,1,1,45.0,P-TEA-001,1,ชาเขียว (เย็น)
G51549,ผู้มาเยือน (ซื้อครั้งเดียว),2023-08-03,2023-08-03,1,1,45.0,P-SOD-002,1,เลม่อนผสมน้ำผึ้ง
G51550,ผู้มาเยือน (ซื้อครั้งเดียว),2023-08-03,2023-08-03,1,1,45.0,P-COF-003,1,คาปูชิโน่ (เย็น)
G51551,ผู้มาเยือน (ซื้อครั้งเดียว),2023-08-03,2023-08-03,1,1,10.0,P-SOU-001,1,น้ำเปล่า
G51552,ผู้มาเยือน (ซื้อครั้งเดียว),2023-08-03,2023-08-03,1,1,45.0,P-TEA-001,1,ชาเขียว (เย็น)
G51553,ผู้มาเยือน (ซื้อครั้งเดียว),2023-08-04,2023-08-04,1,3,110.0,P-COF-002,3,ลาเต้ (เย็น)
G51554,ผู้มาเยือน (ซื้อครั้งเดียว),2023-08-04,2023-08-04,1,1,45.0,P-TEA-001,1,ชาเขียว (เย็น)
G51555,ผู้มาเยือน (ซื้อครั้งเดียว),2023-08-04,2023-08-04,1,1,45.0,P-SOD-004,1,พีช
G51556,ผู้มาเยือน (ซื้อครั้งเดียว),2023-08-04,2023-08-04,1,1,55.0,P-TEA-003,1,ชาเขียว (ปั่น)
G51557,ผู้มาเยือน (ซื้อครั้งเดียว),2023-08-04,2023-08-04,1,1,20.0,P-SNK-007,1,ตะวัน
G51558,ผู้มาเยือน (ซื้อครั้งเดียว),2023-08-05,2023-08-05,1,2,80.0,P-BAK-021,2,เค้กชาไทยหน้านิ่ม
G51559,ผู้มาเยือน (ซื้อครั้งเดียว),2023-08-05,2023-08-05,1,1,45.0,P-COF-001,1,อเมริกาโน่ (เย็น)
G51560,ผู้มาเยือน (ซื้อครั้งเดียว),2023-08-05,2023-08-05,1,2,90.0,P-COF-002,2,ลาเต้ (เย็น)
G51561,ผู้มาเยือน (ซื้อครั้งเดียว),2023-08-05,2023-08-05,1,1,55.0,P-COC-003,1,ช็อคโกแลต (ปั่น)
G51562,ผู้มาเยือน (ซื้อครั้งเดียว),2023-08-05,2023-08-05,1,1,20.0,P-SFT-002,1,สิงห์เลม่อนโซดา
G51563,ผู้มาเยือน (ซื้อครั้งเดียว),2023-08-06,2023-08-06,1,1,20.0,P-SNK-002,1,ป็อกกี้
G51564,ผู้มาเยือน (ซื้อครั้งเดียว),2023-08-06,2023-08-06,1,2,90.0,P-COF-001,2,อเมริกาโน่ (เย็น)
G51565,ผู้มาเยือน (ซื้อครั้งเดียว),2023-08-06,2023-08-06,1,1,45.0,P-COF-002,1,ลาเต้ (เย็น)
G51566,ผู้มาเยือน (ซื้อครั้งเดียว),2023-08-06,2023-08-06,1,1,45.0,P-COF-003,1,คาปูชิโน่ (เย็น)
G51567,ผู้มาเยือน (ซื้อครั้งเดียว),2023-08-07,2023-08-07,1,2,100.0,P-COC-005,1,นมสดคาราเมล (เย็น)
G51568,ผู้มาเยือน (ซื้อครั้งเดียว),2023-08-07,2023-08-07,1,1,45.0,P-TEA-001,1,ชาเขียว (เย็น)
G51569,ผู้มาเยือน (ซื้อครั้งเดียว),2023-08-07,2023-08-07,1,1,45.0,P-TEA-001,1,ชาเขียว (เย็น)
G51570,ผู้มาเยือน (ซื้อครั้งเดียว),2023-08-07,2023-08-07,1,1,45.0,P-COF-003,1,คาปูชิโน่ (เย็น)
G51571,ผู้มาเยือน (ซื้อครั้งเดียว),2023-08-07,2023-08-07,1,1,55.0,P-COC-008,1,โกโก้มิ้นท์
G51572,ผู้มาเยือน (ซื้อครั้งเดียว),2023-08-07,2023-08-07,1,1,50.0,P-COC-002,1,โกโก้ (เย็น)
G51573,ผู้มาเยือน (ซื้อครั้งเดียว),2023-08-07,2023-08-07,1,1,45.0,P-TEA-007,1,ชามะนาว (เย็น)
G51574,ผู้มาเยือน (ซื้อครั้งเดียว),2023-08-07,2023-08-07,1,1,45.0,P-TEA-001,1,ชาเขียว (เย็น)
G51575,ผู้มาเยือน (ซื้อครั้งเดียว),2023-08-07,2023-08-07,1,1,45.0,P-TEA-002,1,ชาซีลอน (เย็น)
G51576,ผู้มาเยือน (ซื้อครั้งเดียว),2023-08-07,2023-08-07,1,2,75.0,P-COC-008,2,โกโก้มิ้นท์
G51577,ผู้มาเยือน (ซื้อครั้งเดียว),2023-08-07,2023-08-07,1,1,45.0,P-TEA-001,1,ชาเขียว (เย็น)
G51578,ผู้มาเยือน (ซื้อครั้งเดียว),2023-08-07,2023-08-07,1,1,55.0,P-COC-003,1,ช็อคโกแลต (ปั่น)
G51579,ผู้มาเยือน (ซื้อครั้งเดียว),2023-08-07,2023-08-07,1,2,75.0,P-COC-005,2,นมสดคาราเมล (เย็น)
G51580,ผู้มาเยือน (ซื้อครั้งเดียว),2023-08-07,2023-08-07,1,1,45.0,P-SOD-004,1,พีช
G51581,ผู้มาเยือน (ซื้อครั้งเดียว),2023-08-07,2023-08-07,1,1,45.0,P-TEA-005,1,ชาพีช (เย็น)
G51582,ผู้มาเยือน (ซื้อครั้งเดียว),2023-08-08,2023-08-08,1,1,50.0,P-COC-001,1,ช็อคโกแลต (เย็น)
G51583,ผู้มาเยือน (ซื้อครั้งเดียว),2023-08-08,2023-08-08,1,4,100.0,P-SNK-008,4,ขนมซีมอน
G51584,ผู้มาเยือน (ซื้อครั้งเดียว),2023-08-08,2023-08-08,1,1,50.0,P-COF-009,1,มอคค่า (เย็น)
G51585,ผู้มาเยือน (ซื้อครั้งเดียว),2023-08-08,2023-08-08,1,2,40.0,P-FOD-003,2,ขนมจีบกุ้ง
G51586,ผู้มาเยือน (ซื้อครั้งเดียว),2023-08-09,2023-08-09,1,1,50.0,P-COF-006,1,อเมริกาโน่ช่อมะพร้าว
G51587,ผู้มาเยือน (ซื้อครั้งเดียว),2023-08-09,2023-08-09,1,2,50.0,P-BAK-002,1,บราวนี่
G51588,ผู้มาเยือน (ซื้อครั้งเดียว),2023-08-09,2023-08-09,1,1,55.0,P-COC-008,1,โกโก้มิ้นท์
G51589,ผู้มาเยือน (ซื้อครั้งเดียว),2023-08-09,2023-08-09,1,1,50.0,P-TEA-017,1,ชาสตรอเบอรี่ (เย็น)
G51590,ผู้มาเยือน (ซื้อครั้งเดียว),2023-08-09,2023-08-09,1,1,45.0,P-COF-002,1,ลาเต้ (เย็น)
G51591,ผู้มาเยือน (ซื้อครั้งเดียว),2023-08-10,2023-08-10,1,2,65.0,P-NDL-001,2,มาม่า
G51592,ผู้มาเยือน (ซื้อครั้งเดียว),2023-08-10,2023-08-10,1,1,55.0,P-COC-003,1,ช็อคโกแลต (ปั่น)
G51593,ผู้มาเยือน (ซื้อครั้งเดียว),2023-08-10,2023-08-10,1,1,50.0,P-COF-011,1,คาราเมลมัคคีอาโต้
G51594,ผู้มาเยือน (ซื้อครั้งเดียว),2023-08-10,2023-08-10,1,2,95.0,P-COF-004,2,อเมริกาโน่ส้ม
G51595,ผู้มาเยือน (ซื้อครั้งเดียว),2023-08-10,2023-08-10,1,1,48.0,P-TEA-004,1,ชามัทฉะ (เย็น)
G51596,ผู้มาเยือน (ซื้อครั้งเดียว),2023-08-10,2023-08-10,1,1,55.0,P-COC-003,1,ช็อคโกแลต (ปั่น)
G51597,ผู้มาเยือน (ซื้อครั้งเดียว),2023-08-10,2023-08-10,1,1,45.0,P-COF-010,1,อเมริกาโน่น้ำผึ้ง (เย็น)
G51598,ผู้มาเยือน (ซื้อครั้งเดียว),2023-08-10,2023-08-10,1,1,65.0,P-FOD-006,1,อาหารคลีน
G51599,ผู้มาเยือน (ซื้อครั้งเดียว),2023-08-10,2023-08-10,1,1,25.0,P-FOD-001,1,แซนวิชโบราณ
G51600,ผู้มาเยือน (ซื้อครั้งเดียว),2023-08-11,2023-08-11,1,1,20.0,P-SNK-005,1,คอนเน่
G51601,ผู้มาเยือน (ซื้อครั้งเดียว),2023-08-11,2023-08-11,1,1,45.0,P-COC-004,1,นมสด (เย็น)
G51602,ผู้มาเยือน (ซื้อครั้งเดียว),2023-08-11,2023-08-11,1,1,55.0,P-COC-008,1,โกโก้มิ้นท์
G51603,ผู้มาเยือน (ซื้อครั้งเดียว),2023-08-11,2023-08-11,1,1,10.0,P-SOU-001,1,น้ำเปล่า
G51604,ผู้มาเยือน (ซื้อครั้งเดียว),2023-08-11,2023-08-11,1,1,45.0,P-TEA-008,1,ชาแอปเปิ้ล (เย็น)
G51605,ผู้มาเยือน (ซื้อครั้งเดียว),2023-08-11,2023-08-11,1,1,45.0,P-TEA-008,1,ชาแอปเปิ้ล (เย็น)
G51606,ผู้มาเยือน (ซื้อครั้งเดียว),2023-08-11,2023-08-11,1,2,90.0,P-COC-009,2,นมชมพู(นมเย็น)
G51607,ผู้มาเยือน (ซื้อครั้งเดียว),2023-08-11,2023-08-11,1,1,45.0,P-TEA-001,1,ชาเขียว (เย็น)
G51608,ผู้มาเยือน (ซื้อครั้งเดียว),2023-08-13,2023-08-13,1,1,55.0,P-COC-003,1,ช็อคโกแลต (ปั่น)
G51609,ผู้มาเยือน (ซื้อครั้งเดียว),2023-08-13,2023-08-13,1,1,45.0,P-TEA-001,1,ชาเขียว (เย็น)
G51610,ผู้มาเยือน (ซื้อครั้งเดียว),2023-08-14,2023-08-14,1,2,70.0,P-BAK-005,2,แอลแคร์
G51611,ผู้มาเยือน (ซื้อครั้งเดียว),2023-08-14,2023-08-14,1,3,155.0,P-TEA-001,2,ชาเขียว (เย็น)
G51612,ผู้มาเยือน (ซื้อครั้งเดียว),2023-08-14,2023-08-14,1,1,50.0,P-TEA-004,1,ชามัทฉะ (เย็น)
G51613,ผู้มาเยือน (ซื้อครั้งเดียว),2023-08-14,2023-08-14,1,2,105.0,P-COC-008,2,โกโก้มิ้นท์
G51614,ผู้มาเยือน (ซื้อครั้งเดียว),2023-08-14,2023-08-14,1,2,65.0,P-FOD-006,1,อาหารคลีน
G51615,ผู้มาเยือน (ซื้อครั้งเดียว),2023-08-15,2023-08-15,1,3,85.0,P-FOD-003,3,ขนมจีบกุ้ง
G51616,ผู้มาเยือน (ซื้อครั้งเดียว),2023-08-15,2023-08-15,1,2,50.0,P-BAK-002,2,บราวนี่
G51617,ผู้มาเยือน (ซื้อครั้งเดียว),2023-08-15,2023-08-15,1,1,20.0,P-SNK-001,1,ขนมเลย์
G51618,ผู้มาเยือน (ซื้อครั้งเดียว),2023-08-15,2023-08-15,1,2,105.0,P-COC-008,2,โกโก้มิ้นท์
G51619,ผู้มาเยือน (ซื้อครั้งเดียว),2023-08-15,2023-08-15,1,1,45.0,P-TEA-001,1,ชาเขียว (เย็น)
G51620,ผู้มาเยือน (ซื้อครั้งเดียว),2023-08-15,2023-08-15,1,1,50.0,P-COF-011,1,คาราเมลมัคคีอาโต้
G51621,ผู้มาเยือน (ซื้อครั้งเดียว),2023-08-15,2023-08-15,1,1,55.0,P-COC-006,1,โกโก้ (ปั่น)
G51622,ผู้มาเยือน (ซื้อครั้งเดียว),2023-08-15,2023-08-15,1,1,25.0,P-BAK-013,1,โดนัท
G51623,ผู้มาเยือน (ซื้อครั้งเดียว),2023-08-16,2023-08-16,1,2,55.0,P-COF-001,2,อเมริกาโน่ (เย็น)
G51624,ผู้มาเยือน (ซื้อครั้งเดียว),2023-08-16,2023-08-16,1,1,10.0,P-SOU-001,1,น้ำเปล่า
G51625,ผู้มาเยือน (ซื้อครั้งเดียว),2023-08-16,2023-08-16,1,2,90.0,P-TEA-001,2,ชาเขียว (เย็น)
G51626,ผู้มาเยือน (ซื้อครั้งเดียว),2023-08-16,2023-08-16,1,3,145.0,P-COC-002,3,โกโก้ (เย็น)
G51627,ผู้มาเยือน (ซื้อครั้งเดียว),2023-08-16,2023-08-16,1,1,45.0,P-TEA-008,1,ชาแอปเปิ้ล (เย็น)
G51628,ผู้มาเยือน (ซื้อครั้งเดียว),2023-08-16,2023-08-16,1,2,134.0,P-BAK-022,2,คุกกี้ไข่เค็ม
G51629,ผู้มาเยือน (ซื้อครั้งเดียว),2023-08-17,2023-08-17,1,2,20.0,P-SOU-001,1,น้ำเปล่า
G51630,ผู้มาเยือน (ซื้อครั้งเดียว),2023-08-17,2023-08-17,1,3,130.0,P-FOD-001,3,แซนวิชโบราณ
G51631,ผู้มาเยือน (ซื้อครั้งเดียว),2023-08-17,2023-08-17,1,2,60.0,P-COC-005,2,นมสดคาราเมล (เย็น)
G51632,ผู้มาเยือน (ซื้อครั้งเดียว),2023-08-17,2023-08-17,1,1,55.0,P-COC-007,1,นมสดคาราเมล (ปั่น)
G51633,ผู้มาเยือน (ซื้อครั้งเดียว),2023-08-17,2023-08-17,1,1,50.0,P-COF-006,1,อเมริกาโน่ช่อมะพร้าว
G51634,ผู้มาเยือน (ซื้อครั้งเดียว),2023-08-17,2023-08-17,1,1,50.0,P-COC-002,1,โกโก้ (เย็น)
G51635,ผู้มาเยือน (ซื้อครั้งเดียว),2023-08-17,2023-08-17,1,1,45.0,P-TEA-001,1,ชาเขียว (เย็น)
G51636,ผู้มาเยือน (ซื้อครั้งเดียว),2023-08-17,2023-08-17,1,2,75.0,P-BAK-005,2,แอลแคร์
G51637,ผู้มาเยือน (ซื้อครั้งเดียว),2023-08-18,2023-08-18,1,2,60.0,P-COF-009,2,มอคค่า (เย็น)
G51638,ผู้มาเยือน (ซื้อครั้งเดียว),2023-08-18,2023-08-18,1,1,45.0,P-TEA-001,1,ชาเขียว (เย็น)
G51639,ผู้มาเยือน (ซื้อครั้งเดียว),2023-08-18,2023-08-18,1,2,70.0,P-COF-002,2,ลาเต้ (เย็น)
G51640,ผู้มาเยือน (ซื้อครั้งเดียว),2023-08-18,2023-08-18,1,1,45.0,P-COF-002,1,ลาเต้ (เย็น)
G51641,ผู้มาเยือน (ซื้อครั้งเดียว),2023-08-18,2023-08-18,1,1,10.0,P-SOU-001,1,น้ำเปล่า
G51642,ผู้มาเยือน (ซื้อครั้งเดียว),2023-08-18,2023-08-18,1,1,50.0,P-FOD-002,1,ข้าวกล่อง
G51643,ผู้มาเยือน (ซื้อครั้งเดียว),2023-08-18,2023-08-18,1,1,45.0,P-TEA-001,1,ชาเขียว (เย็น)
G51644,ผู้มาเยือน (ซื้อครั้งเดียว),2023-08-18,2023-08-18,1,2,65.0,P-NDL-001,2,มาม่า
G51645,ผู้มาเยือน (ซื้อครั้งเดียว),2023-08-18,2023-08-18,1,1,45.0,P-SOD-006,1,กีวี่
G51646,ผู้มาเยือน (ซื้อครั้งเดียว),2023-08-18,2023-08-18,1,1,50.0,P-COC-001,1,ช็อคโกแลต (เย็น)
G51647,ผู้มาเยือน (ซื้อครั้งเดียว),2023-08-18,2023-08-18,1,1,45.0,P-COF-001,1,อเมริกาโน่ (เย็น)
G51648,ผู้มาเยือน (ซื้อครั้งเดียว),2023-08-19,2023-08-19,1,1,50.0,P-COF-009,1,มอคค่า (เย็น)
G51649,ผู้มาเยือน (ซื้อครั้งเดียว),2023-08-19,2023-08-19,1,1,45.0,P-COC-004,1,นมสด (เย็น)
G51650,ผู้มาเยือน (ซื้อครั้งเดียว),2023-08-19,2023-08-19,1,2,65.0,P-SNK-002,2,ป็อกกี้
G51651,ผู้มาเยือน (ซื้อครั้งเดียว),2023-08-19,2023-08-19,1,4,95.0,P-SOU-007,4,ขนมเปี๊ยะ
G51652,ผู้มาเยือน (ซื้อครั้งเดียว),2023-08-19,2023-08-19,1,1,45.0,P-TEA-001,1,ชาเขียว (เย็น)
G51653,ผู้มาเยือน (ซื้อครั้งเดียว),2023-08-19,2023-08-19,1,3,55.0,P-NDL-006,3,นิสชินคัพไก่เผ็ดเกาหลี
G51654,ผู้มาเยือน (ซื้อครั้งเดียว),2023-08-19,2023-08-19,1,3,60.0,P-SFT-001,1,โค้ก ออริจินอล
G51655,ผู้มาเยือน (ซื้อครั้งเดียว),2023-08-19,2023-08-19,1,1,10.0,P-SOU-001,1,น้ำเปล่า
G51656,ผู้มาเยือน (ซื้อครั้งเดียว),2023-08-19,2023-08-19,1,2,40.0,P-NDL-005,1,ซือดะรสต้มโคล้ง
G51657,ผู้มาเยือน (ซื้อครั้งเดียว),2023-08-20,2023-08-20,1,1,25.0,P-SFT-002,1,สิงห์เลม่อนโซดา
G51658,ผู้มาเยือน (ซื้อครั้งเดียว),2023-08-20,2023-08-20,1,1,55.0,P-COC-008,1,โกโก้มิ้นท์
G51659,ผู้มาเยือน (ซื้อครั้งเดียว),2023-08-20,2023-08-20,1,1,55.0,P-TEA-016,1,ชามัทฉะ (ปั่น)
G51660,ผู้มาเยือน (ซื้อครั้งเดียว),2023-08-20,2023-08-20,1,1,45.0,P-SOD-001,1,สตรอเบอรี่
G51661,ผู้มาเยือน (ซื้อครั้งเดียว),2023-08-20,2023-08-20,1,1,45.0,P-TEA-001,1,ชาเขียว (เย็น)
G51662,ผู้มาเยือน (ซื้อครั้งเดียว),2023-08-20,2023-08-20,1,1,20.0,P-SNK-008,1,ขนมซีมอน
G51663,ผู้มาเยือน (ซื้อครั้งเดียว),2023-08-20,2023-08-20,1,1,10.0,P-SOU-001,1,น้ำเปล่า
G51664,ผู้มาเยือน (ซื้อครั้งเดียว),2023-08-21,2023-08-21,1,3,135.0,P-COF-007,3,อเมริกาโน่น้ำผึ้งมะนาว
G51665,ผู้มาเยือน (ซื้อครั้งเดียว),2023-08-21,2023-08-21,1,1,79.0,P-BAK-006,1,บานอฟฟี่
G51666,ผู้มาเยือน (ซื้อครั้งเดียว),2023-08-21,2023-08-21,1,1,50.0,P-TEA-011,1,ชาเขียวมะนาว
G51667,ผู้มาเยือน (ซื้อครั้งเดียว),2023-08-21,2023-08-21,1,1,50.0,P-COF-011,1,คาราเมลมัคคีอาโต้
G51668,ผู้มาเยือน (ซื้อครั้งเดียว),2023-08-22,2023-08-22,1,2,129.0,P-BAK-041,2,เค้กช้อกโกแลตลาวา
G51669,ผู้มาเยือน (ซื้อครั้งเดียว),2023-08-22,2023-08-22,1,1,20.0,P-SNK-009,1,ฮานามิ
G51670,ผู้มาเยือน (ซื้อครั้งเดียว),2023-08-22,2023-08-22,1,1,50.0,P-COC-013,1,สตรอเบอรี่นมสด
G51671,ผู้มาเยือน (ซื้อครั้งเดียว),2023-08-22,2023-08-22,1,1,50.0,P-COF-005,1,เอสเปรสโซ่ (เย็น)
G51672,ผู้มาเยือน (ซื้อครั้งเดียว),2023-08-22,2023-08-22,1,1,45.0,P-TEA-008,1,ชาแอปเปิ้ล (เย็น)
G51673,ผู้มาเยือน (ซื้อครั้งเดียว),2023-08-22,2023-08-22,1,6,310.0,P-COC-008,4,โกโก้มิ้นท์
G51674,ผู้มาเยือน (ซื้อครั้งเดียว),2023-08-22,2023-08-22,1,1,20.0,P-SNK-003,1,เทสโต้
G51675,ผู้มาเยือน (ซื้อครั้งเดียว),2023-08-22,2023-08-22,1,1,45.0,P-TEA-002,1,ชาซีลอน (เย็น)
G51676,ผู้มาเยือน (ซื้อครั้งเดียว),2023-08-22,2023-08-22,1,2,40.0,P-NDL-001,2,มาม่า
G51677,ผู้มาเยือน (ซื้อครั้งเดียว),2023-08-22,2023-08-22,1,1,50.0,P-COC-002,1,โกโก้ (เย็น)
G51678,ผู้มาเยือน (ซื้อครั้งเดียว),2023-08-23,2023-08-23,1,1,45.0,P-TEA-001,1,ชาเขียว (เย็น)
G51679,ผู้มาเยือน (ซื้อครั้งเดียว),2023-08-23,2023-08-23,1,1,50.0,P-COF-004,1,อเมริกาโน่ส้ม
G51680,ผู้มาเยือน (ซื้อครั้งเดียว),2023-08-23,2023-08-23,1,1,10.0,P-SOU-001,1,น้ำเปล่า
G51681,ผู้มาเยือน (ซื้อครั้งเดียว),2023-08-23,2023-08-23,1,2,100.0,P-COC-002,1,โกโก้ (เย็น)
G51682,ผู้มาเยือน (ซื้อครั้งเดียว),2023-08-23,2023-08-23,1,1,55.0,P-TEA-016,1,ชามัทฉะ (ปั่น)
G51683,ผู้มาเยือน (ซื้อครั้งเดียว),2023-08-23,2023-08-23,1,3,45.0,P-FOD-004,3,ขนมจีบไก่
G51684,ผู้มาเยือน (ซื้อครั้งเดียว),2023-08-24,2023-08-24,1,1,45.0,P-TEA-005,1,ชาพีช (เย็น)
G51685,ผู้มาเยือน (ซื้อครั้งเดียว),2023-08-24,2023-08-24,1,1,10.0,P-SOU-001,1,น้ำเปล่า
G51686,ผู้มาเยือน (ซื้อครั้งเดียว),2023-08-24,2023-08-24,1,1,20.0,P-NDL-003,1,ไวไว
G51687,ผู้มาเยือน (ซื้อครั้งเดียว),2023-08-24,2023-08-24,1,1,45.0,P-COF-001,1,อเมริกาโน่ (เย็น)
G51688,ผู้มาเยือน (ซื้อครั้งเดียว),2023-08-24,2023-08-24,1,3,30.0,P-SOU-001,1,น้ำเปล่า
G51689,ผู้มาเยือน (ซื้อครั้งเดียว),2023-08-24,2023-08-24,1,2,90.0,P-COF-001,1,อเมริกาโน่ (เย็น)
G51690,ผู้มาเยือน (ซื้อครั้งเดียว),2023-08-24,2023-08-24,1,1,55.0,P-SMT-001,1,สมูตตี้ สตรอเบอรี่
G51691,ผู้มาเยือน (ซื้อครั้งเดียว),2023-08-24,2023-08-24,1,2,95.0,P-TEA-001,2,ชาเขียว (เย็น)
G51692,ผู้มาเยือน (ซื้อครั้งเดียว),2023-08-24,2023-08-24,1,1,45.0,P-TEA-001,1,ชาเขียว (เย็น)
G51693,ผู้มาเยือน (ซื้อครั้งเดียว),2023-08-25,2023-08-25,1,3,125.0,P-COF-001,3,อเมริกาโน่ (เย็น)
G51694,ผู้มาเยือน (ซื้อครั้งเดียว),2023-08-25,2023-08-25,1,1,45.0,P-COF-001,1,อเมริกาโน่ (เย็น)
G51695,ผู้มาเยือน (ซื้อครั้งเดียว),2023-08-25,2023-08-25,1,2,30.0,P-NDL-004,2,โจ๊ก
G51696,ผู้มาเยือน (ซื้อครั้งเดียว),2023-08-25,2023-08-25,1,1,45.0,P-COF-002,1,ลาเต้ (เย็น)
G51697,ผู้มาเยือน (ซื้อครั้งเดียว),2023-08-25,2023-08-25,1,1,50.0,P-COC-002,1,โกโก้ (เย็น)
G51698,ผู้มาเยือน (ซื้อครั้งเดียว),2023-08-25,2023-08-25,1,2,95.0,P-COF-005,2,เอสเปรสโซ่ (เย็น)
G51699,ผู้มาเยือน (ซื้อครั้งเดียว),2023-08-25,2023-08-25,1,1,50.0,P-TEA-004,1,ชามัทฉะ (เย็น)
G51700,ผู้มาเยือน (ซื้อครั้งเดียว),2023-08-26,2023-08-26,1,1,45.0,P-COF-001,1,อเมริกาโน่ (เย็น)
G51701,ผู้มาเยือน (ซื้อครั้งเดียว),2023-08-26,2023-08-26,1,1,50.0,P-COC-001,1,ช็อคโกแลต (เย็น)
G51702,ผู้มาเยือน (ซื้อครั้งเดียว),2023-08-26,2023-08-26,1,2,40.0,P-SFT-001,2,โค้ก ออริจินอล
G51703,ผู้มาเยือน (ซื้อครั้งเดียว),2023-08-27,2023-08-27,1,1,55.0,P-SMT-004,1,นมสดกล้วย (ปั่น)
G51704,ผู้มาเยือน (ซื้อครั้งเดียว),2023-08-27,2023-08-27,1,2,70.0,P-SNK-005,2,คอนเน่
G51705,ผู้มาเยือน (ซื้อครั้งเดียว),2023-08-28,2023-08-28,1,1,50.0,P-COF-009,1,มอคค่า (เย็น)
G51706,ผู้มาเยือน (ซื้อครั้งเดียว),2023-08-28,2023-08-28,1,1,45.0,P-COF-001,1,อเมริกาโน่ (เย็น)
G51707,ผู้มาเยือน (ซื้อครั้งเดียว),2023-08-28,2023-08-28,1,1,55.0,P-SMT-009,1,เสาวรส (ปั่น)
G51708,ผู้มาเยือน (ซื้อครั้งเดียว),2023-08-28,2023-08-28,1,3,140.0,P-TEA-001,3,ชาเขียว (เย็น)
G51709,ผู้มาเยือน (ซื้อครั้งเดียว),2023-08-28,2023-08-28,1,1,55.0,P-COC-003,1,ช็อคโกแลต (ปั่น)
G51710,ผู้มาเยือน (ซื้อครั้งเดียว),2023-08-28,2023-08-28,1,1,45.0,P-TEA-006,1,ชาน้ำผึ้งมะนาว (เย็น)
G51711,ผู้มาเยือน (ซื้อครั้งเดียว),2023-08-29,2023-08-29,1,2,100.0,P-COF-004,2,อเมริกาโน่ส้ม
G51712,ผู้มาเยือน (ซื้อครั้งเดียว),2023-08-29,2023-08-29,1,1,25.0,P-BAK-005,1,แอลแคร์
G51713,ผู้มาเยือน (ซื้อครั้งเดียว),2023-08-29,2023-08-29,1,4,234.0,P-BAK-041,3,เค้กช้อกโกแลตลาวา
G51714,ผู้มาเยือน (ซื้อครั้งเดียว),2023-08-30,2023-08-30,1,2,75.0,P-FOD-003,2,ขนมจีบกุ้ง
G51715,ผู้มาเยือน (ซื้อครั้งเดียว),2023-08-30,2023-08-30,1,2,90.0,P-COF-001,2,อเมริกาโน่ (เย็น)
G51716,ผู้มาเยือน (ซื้อครั้งเดียว),2023-08-30,2023-08-30,1,1,45.0,P-COF-010,1,อเมริกาโน่น้ำผึ้ง (เย็น)
G51717,ผู้มาเยือน (ซื้อครั้งเดียว),2023-08-30,2023-08-30,1,1,45.0,P-TEA-001,1,ชาเขียว (เย็น)
G51718,ผู้มาเยือน (ซื้อครั้งเดียว),2023-08-30,2023-08-30,1,1,55.0,P-TEA-003,1,ชาเขียว (ปั่น)
G51719,ผู้มาเยือน (ซื้อครั้งเดียว),2023-08-30,2023-08-30,1,2,70.0,P-BAK-002,2,บราวนี่
G51720,ผู้มาเยือน (ซื้อครั้งเดียว),2023-08-31,2023-08-31,1,5,249.0,P-COF-006,5,อเมริกาโน่ช่อมะพร้าว
G51721,ผู้มาเยือน (ซื้อครั้งเดียว),2023-08-31,2023-08-31,1,2,30.0,P-SOU-001,2,น้ำเปล่า
G51722,ผู้มาเยือน (ซื้อครั้งเดียว),2023-08-31,2023-08-31,1,2,90.0,P-COF-001,2,อเมริกาโน่ (เย็น)
G51723,ผู้มาเยือน (ซื้อครั้งเดียว),2023-08-31,2023-08-31,1,1,45.0,P-COF-002,1,ลาเต้ (เย็น)
G51724,ผู้มาเยือน (ซื้อครั้งเดียว),2023-08-31,2023-08-31,1,1,45.0,P-COF-001,1,อเมริกาโน่ (เย็น)
G51725,ผู้มาเยือน (ซื้อครั้งเดียว),2023-08-31,2023-08-31,1,1,50.0,P-COF-011,1,คาราเมลมัคคีอาโต้
G51726,ผู้มาเยือน (ซื้อครั้งเดียว),2023-09-01,2023-09-01,1,1,40.0,P-COF-014,1,ลาเต้ (ร้อน)
G51727,ผู้มาเยือน (ซื้อครั้งเดียว),2023-09-01,2023-09-01,1,1,10.0,P-SOU-001,1,น้ำเปล่า
G51728,ผู้มาเยือน (ซื้อครั้งเดียว),2023-09-01,2023-09-01,1,1,25.0,P-FOD-001,1,แซนวิชโบราณ
G51729,ผู้มาเยือน (ซื้อครั้งเดียว),2023-09-01,2023-09-01,1,1,45.0,P-TEA-001,1,ชาเขียว (เย็น)
G51730,ผู้มาเยือน (ซื้อครั้งเดียว),2023-09-01,2023-09-01,1,1,20.0,P-SFT-008,1,แฟนต้า น้ำเขียว
G51731,ผู้มาเยือน (ซื้อครั้งเดียว),2023-09-01,2023-09-01,1,5,209.0,P-BAK-007,5,มาการอง
G51732,ผู้มาเยือน (ซื้อครั้งเดียว),2023-09-01,2023-09-01,1,1,50.0,P-COC-005,1,นมสดคาราเมล (เย็น)
G51733,ผู้มาเยือน (ซื้อครั้งเดียว),2023-09-02,2023-09-02,1,1,50.0,P-TEA-009,1,ชากุหลาบนมสด
G51734,ผู้มาเยือน (ซื้อครั้งเดียว),2023-09-02,2023-09-02,1,1,20.0,P-SFT-005,1,สไปรท์
G51735,ผู้มาเยือน (ซื้อครั้งเดียว),2023-09-02,2023-09-02,1,1,20.0,P-NDL-001,1,มาม่า
G51736,ผู้มาเยือน (ซื้อครั้งเดียว),2023-09-02,2023-09-02,1,3,129.0,P-BAK-006,2,บานอฟฟี่
G51737,ผู้มาเยือน (ซื้อครั้งเดียว),2023-09-03,2023-09-03,1,1,45.0,P-COF-001,1,อเมริกาโน่ (เย็น)
G51738,ผู้มาเยือน (ซื้อครั้งเดียว),2023-09-03,2023-09-03,1,1,45.0,P-TEA-001,1,ชาเขียว (เย็น)
G51739,ผู้มาเยือน (ซื้อครั้งเดียว),2023-09-03,2023-09-03,1,1,45.0,P-TEA-001,1,ชาเขียว (เย็น)
G51740,ผู้มาเยือน (ซื้อครั้งเดียว),2023-09-03,2023-09-03,1,2,70.0,P-COC-002,2,โกโก้ (เย็น)
G51741,ผู้มาเยือน (ซื้อครั้งเดียว),2023-09-03,2023-09-03,1,4,170.0,P-BAK-002,4,บราวนี่
G51742,ผู้มาเยือน (ซื้อครั้งเดียว),2023-09-04,2023-09-04,1,1,50.0,P-COF-007,1,อเมริกาโน่น้ำผึ้งมะนาว
G51743,ผู้มาเยือน (ซื้อครั้งเดียว),2023-09-04,2023-09-04,1,1,45.0,P-TEA-001,1,ชาเขียว (เย็น)
G51744,ผู้มาเยือน (ซื้อครั้งเดียว),2023-09-04,2023-09-04,1,1,20.0,P-SNK-001,1,ขนมเลย์
G51745,ผู้มาเยือน (ซื้อครั้งเดียว),2023-09-04,2023-09-04,1,2,80.0,P-BAK-024,2,เค้กกาแฟหน้านิ่ม
G51746,ผู้มาเยือน (ซื้อครั้งเดียว),2023-09-04,2023-09-04,1,2,90.0,P-COF-001,2,อเมริกาโน่ (เย็น)
G51747,ผู้มาเยือน (ซื้อครั้งเดียว),2023-09-04,2023-09-04,1,1,40.0,P-COC-012,1,ช็อคโกแลต (ร้อน)
G51748,ผู้มาเยือน (ซื้อครั้งเดียว),2023-09-05,2023-09-05,1,1,50.0,P-COF-004,1,อเมริกาโน่ส้ม
G51749,ผู้มาเยือน (ซื้อครั้งเดียว),2023-09-05,2023-09-05,1,1,45.0,P-COF-001,1,อเมริกาโน่ (เย็น)
G51750,ผู้มาเยือน (ซื้อครั้งเดียว),2023-09-05,2023-09-05,1,2,90.0,P-BAK-011,2,เค้กบลูเบอร์รี่หน้านิ่ม
G51751,ผู้มาเยือน (ซื้อครั้งเดียว),2023-09-05,2023-09-05,1,6,145.0,P-COC-013,5,สตรอเบอรี่นมสด
G51752,ผู้มาเยือน (ซื้อครั้งเดียว),2023-09-05,2023-09-05,1,1,20.0,P-NDL-001,1,มาม่า
G51753,ผู้มาเยือน (ซื้อครั้งเดียว),2023-09-06,2023-09-06,1,2,35.0,P-BAK-005,2,แอลแคร์
G51754,ผู้มาเยือน (ซื้อครั้งเดียว),2023-09-06,2023-09-06,1,1,45.0,P-COF-003,1,คาปูชิโน่ (เย็น)
G51755,ผู้มาเยือน (ซื้อครั้งเดียว),2023-09-06,2023-09-06,1,3,85.0,P-BAK-005,2,แอลแคร์
G51756,ผู้มาเยือน (ซื้อครั้งเดียว),2023-09-06,2023-09-06,1,1,50.0,P-FOD-002,1,ข้าวกล่อง
G51757,ผู้มาเยือน (ซื้อครั้งเดียว),2023-09-06,2023-09-06,1,1,45.0,P-TEA-001,1,ชาเขียว (เย็น)
G51758,ผู้มาเยือน (ซื้อครั้งเดียว),2023-09-06,2023-09-06,1,1,45.0,P-COF-003,1,คาปูชิโน่ (เย็น)
G51759,ผู้มาเยือน (ซื้อครั้งเดียว),2023-09-06,2023-09-06,1,1,20.0,P-NDL-001,1,มาม่า
G51760,ผู้มาเยือน (ซื้อครั้งเดียว),2023-09-07,2023-09-07,1,5,170.0,P-COC-013,4,สตรอเบอรี่นมสด
G51761,ผู้มาเยือน (ซื้อครั้งเดียว),2023-09-07,2023-09-07,1,1,50.0,P-TEA-004,1,ชามัทฉะ (เย็น)
G51762,ผู้มาเยือน (ซื้อครั้งเดียว),2023-09-07,2023-09-07,1,1,20.0,P-NDL-001,1,มาม่า
G51763,ผู้มาเยือน (ซื้อครั้งเดียว),2023-09-07,2023-09-07,1,2,90.0,P-COF-003,2,คาปูชิโน่ (เย็น)
G51764,ผู้มาเยือน (ซื้อครั้งเดียว),2023-09-07,2023-09-07,1,1,45.0,P-COF-003,1,คาปูชิโน่ (เย็น)
G51765,ผู้มาเยือน (ซื้อครั้งเดียว),2023-09-07,2023-09-07,1,1,45.0,P-COF-002,1,ลาเต้ (เย็น)
G51766,ผู้มาเยือน (ซื้อครั้งเดียว),2023-09-07,2023-09-07,1,1,20.0,P-BAK-014,1,บราวนี่กรอบ
G51767,ผู้มาเยือน (ซื้อครั้งเดียว),2023-09-08,2023-09-08,1,1,45.0,P-TEA-005,1,ชาพีช (เย็น)
G51768,ผู้มาเยือน (ซื้อครั้งเดียว),2023-09-08,2023-09-08,1,2,45.0,P-SFT-005,2,สไปรท์
G51769,ผู้มาเยือน (ซื้อครั้งเดียว),2023-09-08,2023-09-08,1,1,50.0,P-COC-001,1,ช็อคโกแลต (เย็น)
G51770,ผู้มาเยือน (ซื้อครั้งเดียว),2023-09-08,2023-09-08,1,4,195.0,P-COC-002,4,โกโก้ (เย็น)
G51771,ผู้มาเยือน (ซื้อครั้งเดียว),2023-09-08,2023-09-08,1,4,195.0,P-COF-001,3,อเมริกาโน่ (เย็น)
G51772,ผู้มาเยือน (ซื้อครั้งเดียว),2023-09-09,2023-09-09,1,6,280.0,P-COC-002,3,โกโก้ (เย็น)
G51773,ผู้มาเยือน (ซื้อครั้งเดียว),2023-09-09,2023-09-09,1,1,45.0,P-TEA-002,1,ชาซีลอน (เย็น)
G51774,ผู้มาเยือน (ซื้อครั้งเดียว),2023-09-09,2023-09-09,1,5,190.0,P-TEA-001,4,ชาเขียว (เย็น)
G51775,ผู้มาเยือน (ซื้อครั้งเดียว),2023-09-10,2023-09-10,1,4,153.0,P-BAK-002,4,บราวนี่
G51776,ผู้มาเยือน (ซื้อครั้งเดียว),2023-09-10,2023-09-10,1,1,45.0,P-SOD-005,1,แดงมะนาว
G51777,ผู้มาเยือน (ซื้อครั้งเดียว),2023-09-10,2023-09-10,1,2,50.0,P-BAK-002,2,บราวนี่
G51778,ผู้มาเยือน (ซื้อครั้งเดียว),2023-09-11,2023-09-11,1,2,70.0,P-FOD-001,2,แซนวิชโบราณ
G51779,ผู้มาเยือน (ซื้อครั้งเดียว),2023-09-11,2023-09-11,1,1,45.0,P-COF-001,1,อเมริกาโน่ (เย็น)
G51780,ผู้มาเยือน (ซื้อครั้งเดียว),2023-09-11,2023-09-11,1,2,90.0,P-COC-004,2,นมสด (เย็น)
G51781,ผู้มาเยือน (ซื้อครั้งเดียว),2023-09-11,2023-09-11,1,1,45.0,P-COF-002,1,ลาเต้ (เย็น)
G51782,ผู้มาเยือน (ซื้อครั้งเดียว),2023-09-11,2023-09-11,1,1,50.0,P-COC-001,1,ช็อคโกแลต (เย็น)
G51783,ผู้มาเยือน (ซื้อครั้งเดียว),2023-09-11,2023-09-11,1,1,25.0,P-SFT-008,1,แฟนต้า น้ำเขียว
G51784,ผู้มาเยือน (ซื้อครั้งเดียว),2023-09-11,2023-09-11,1,1,20.0,P-NDL-004,1,โจ๊ก
G51785,ผู้มาเยือน (ซื้อครั้งเดียว),2023-09-11,2023-09-11,1,1,45.0,P-COF-002,1,ลาเต้ (เย็น)
G51786,ผู้มาเยือน (ซื้อครั้งเดียว),2023-09-11,2023-09-11,1,3,155.0,P-COF-006,2,อเมริกาโน่ช่อมะพร้าว
G51787,ผู้มาเยือน (ซื้อครั้งเดียว),2023-09-12,2023-09-12,1,1,43.0,P-TEA-001,1,ชาเขียว (เย็น)
G51788,ผู้มาเยือน (ซื้อครั้งเดียว),2023-09-12,2023-09-12,1,2,95.0,P-COF-002,2,ลาเต้ (เย็น)
G51789,ผู้มาเยือน (ซื้อครั้งเดียว),2023-09-12,2023-09-12,1,2,75.0,P-COC-003,2,ช็อคโกแลต (ปั่น)
G51790,ผู้มาเยือน (ซื้อครั้งเดียว),2023-09-12,2023-09-12,1,1,55.0,P-SMT-003,1,โอริโอ้ (ปั่น)
G51791,ผู้มาเยือน (ซื้อครั้งเดียว),2023-09-13,2023-09-13,1,1,50.0,P-TEA-009,1,ชากุหลาบนมสด
G51792,ผู้มาเยือน (ซื้อครั้งเดียว),2023-09-13,2023-09-13,1,1,50.0,P-COC-001,1,ช็อคโกแลต (เย็น)
G51793,ผู้มาเยือน (ซื้อครั้งเดียว),2023-09-13,2023-09-13,1,2,70.0,P-BAK-002,2,บราวนี่
G51794,ผู้มาเยือน (ซื้อครั้งเดียว),2023-09-13,2023-09-13,1,1,45.0,P-TEA-001,1,ชาเขียว (เย็น)
G51795,ผู้มาเยือน (ซื้อครั้งเดียว),2023-09-13,2023-09-13,1,2,65.0,P-COF-002,2,ลาเต้ (เย็น)
G51796,ผู้มาเยือน (ซื้อครั้งเดียว),2023-09-14,2023-09-14,1,2,80.0,P-BAK-002,2,บราวนี่
G51797,ผู้มาเยือน (ซื้อครั้งเดียว),2023-09-14,2023-09-14,1,2,100.0,P-TEA-004,1,ชามัทฉะ (เย็น)
G51798,ผู้มาเยือน (ซื้อครั้งเดียว),2023-09-14,2023-09-14,1,3,125.0,P-COF-003,3,คาปูชิโน่ (เย็น)
G51799,ผู้มาเยือน (ซื้อครั้งเดียว),2023-09-14,2023-09-14,1,1,45.0,P-COF-001,1,อเมริกาโน่ (เย็น)
G51800,ผู้มาเยือน (ซื้อครั้งเดียว),2023-09-14,2023-09-14,1,2,100.0,P-SMT-001,2,สมูตตี้ สตรอเบอรี่
G51801,ผู้มาเยือน (ซื้อครั้งเดียว),2023-09-14,2023-09-14,1,1,25.0,P-FOD-001,1,แซนวิชโบราณ
G51802,ผู้มาเยือน (ซื้อครั้งเดียว),2023-09-14,2023-09-14,1,1,45.0,P-COF-002,1,ลาเต้ (เย็น)
G51803,ผู้มาเยือน (ซื้อครั้งเดียว),2023-09-14,2023-09-14,1,1,45.0,P-COC-004,1,นมสด (เย็น)
G51804,ผู้มาเยือน (ซื้อครั้งเดียว),2023-09-14,2023-09-14,1,1,45.0,P-TEA-001,1,ชาเขียว (เย็น)
G51805,ผู้มาเยือน (ซื้อครั้งเดียว),2023-09-15,2023-09-15,1,1,45.0,P-TEA-002,1,ชาซีลอน (เย็น)
G51806,ผู้มาเยือน (ซื้อครั้งเดียว),2023-09-15,2023-09-15,1,1,45.0,P-COF-003,1,คาปูชิโน่ (เย็น)
G51807,ผู้มาเยือน (ซื้อครั้งเดียว),2023-09-15,2023-09-15,1,1,45.0,P-COF-002,1,ลาเต้ (เย็น)
G51808,ผู้มาเยือน (ซื้อครั้งเดียว),2023-09-15,2023-09-15,1,1,45.0,P-TEA-001,1,ชาเขียว (เย็น)
G51809,ผู้มาเยือน (ซื้อครั้งเดียว),2023-09-15,2023-09-15,1,1,5.0,P-SOU-002,1,น้ำแข็ง
G51810,ผู้มาเยือน (ซื้อครั้งเดียว),2023-09-15,2023-09-15,1,1,50.0,P-TEA-011,1,ชาเขียวมะนาว
G51811,ผู้มาเยือน (ซื้อครั้งเดียว),2023-09-15,2023-09-15,1,2,95.0,P-COF-003,2,คาปูชิโน่ (เย็น)
G51812,ผู้มาเยือน (ซื้อครั้งเดียว),2023-09-15,2023-09-15,1,5,180.0,P-BAK-005,3,แอลแคร์
G51813,ผู้มาเยือน (ซื้อครั้งเดียว),2023-09-15,2023-09-15,1,1,25.0,P-SFT-008,1,แฟนต้า น้ำเขียว
G51814,ผู้มาเยือน (ซื้อครั้งเดียว),2023-09-16,2023-09-16,1,1,50.0,P-COF-006,1,อเมริกาโน่ช่อมะพร้าว
G51815,ผู้มาเยือน (ซื้อครั้งเดียว),2023-09-16,2023-09-16,1,2,15.0,P-SOU-001,2,น้ำเปล่า
G51816,ผู้มาเยือน (ซื้อครั้งเดียว),2023-09-17,2023-09-17,1,1,60.0,P-COF-004,1,อเมริกาโน่ส้ม
G51817,ผู้มาเยือน (ซื้อครั้งเดียว),2023-09-17,2023-09-17,1,1,50.0,P-COF-009,1,มอคค่า (เย็น)
G51818,ผู้มาเยือน (ซื้อครั้งเดียว),2023-09-17,2023-09-17,1,2,40.0,P-SNK-003,2,เทสโต้
G51819,ผู้มาเยือน (ซื้อครั้งเดียว),2023-09-17,2023-09-17,1,2,60.0,P-TEA-011,2,ชาเขียวมะนาว
G51820,ผู้มาเยือน (ซื้อครั้งเดียว),2023-09-17,2023-09-17,1,1,25.0,P-SFT-001,1,โค้ก ออริจินอล
G51821,ผู้มาเยือน (ซื้อครั้งเดียว),2023-09-18,2023-09-18,1,1,50.0,P-COF-004,1,อเมริกาโน่ส้ม
G51822,ผู้มาเยือน (ซื้อครั้งเดียว),2023-09-18,2023-09-18,1,3,149.0,P-BAK-005,3,แอลแคร์
G51823,ผู้มาเยือน (ซื้อครั้งเดียว),2023-09-18,2023-09-18,1,1,50.0,P-COC-001,1,ช็อคโกแลต (เย็น)
G51824,ผู้มาเยือน (ซื้อครั้งเดียว),2023-09-18,2023-09-18,1,2,80.0,P-FOD-002,2,ข้าวกล่อง
G51825,ผู้มาเยือน (ซื้อครั้งเดียว),2023-09-18,2023-09-18,1,2,95.0,P-COF-003,2,คาปูชิโน่ (เย็น)
G51826,ผู้มาเยือน (ซื้อครั้งเดียว),2023-09-18,2023-09-18,1,1,40.0,P-TEA-031,1,ชากุหลาบน้ำผึ้งมะนาว (ร้อน)
G51827,ผู้มาเยือน (ซื้อครั้งเดียว),2023-09-18,2023-09-18,1,1,25.0,P-SFT-004,1,โค้ก zero
G51828,ผู้มาเยือน (ซื้อครั้งเดียว),2023-09-18,2023-09-18,1,1,45.0,P-SOD-004,1,พีช
G51829,ผู้มาเยือน (ซื้อครั้งเดียว),2023-09-18,2023-09-18,1,1,25.0,P-SFT-001,1,โค้ก ออริจินอล
G51830,ผู้มาเยือน (ซื้อครั้งเดียว),2023-09-18,2023-09-18,1,1,20.0,P-NDL-001,1,มาม่า
G51831,ผู้มาเยือน (ซื้อครั้งเดียว),2023-09-18,2023-09-18,1,2,110.0,P-COC-006,1,โกโก้ (ปั่น)
G51832,ผู้มาเยือน (ซื้อครั้งเดียว),2023-09-19,2023-09-19,1,1,45.0,P-TEA-005,1,ชาพีช (เย็น)
G51833,ผู้มาเยือน (ซื้อครั้งเดียว),2023-09-19,2023-09-19,1,2,75.0,P-COF-002,2,ลาเต้ (เย็น)
G51834,ผู้มาเยือน (ซื้อครั้งเดียว),2023-09-19,2023-09-19,1,1,79.0,P-BAK-026,1,เค้กเรดเวลเวทีราวนี่
G51835,ผู้มาเยือน (ซื้อครั้งเดียว),2023-09-19,2023-09-19,1,1,50.0,P-COF-004,1,อเมริกาโน่ส้ม
G51836,ผู้มาเยือน (ซื้อครั้งเดียว),2023-09-19,2023-09-19,1,2,90.0,P-COF-001,1,อเมริกาโน่ (เย็น)
G51837,ผู้มาเยือน (ซื้อครั้งเดียว),2023-09-19,2023-09-19,1,1,45.0,P-COF-002,1,ลาเต้ (เย็น)
G51838,ผู้มาเยือน (ซื้อครั้งเดียว),2023-09-19,2023-09-19,1,1,45.0,P-COF-010,1,อเมริกาโน่น้ำผึ้ง (เย็น)
G51839,ผู้มาเยือน (ซื้อครั้งเดียว),2023-09-19,2023-09-19,1,2,55.0,P-BAK-017,2,ขนมปัง
G51840,ผู้มาเยือน (ซื้อครั้งเดียว),2023-09-19,2023-09-19,1,1,45.0,P-COF-001,1,อเมริกาโน่ (เย็น)
G51841,ผู้มาเยือน (ซื้อครั้งเดียว),2023-09-19,2023-09-19,1,3,60.0,P-NDL-002,1,ยำยำ
G51842,ผู้มาเยือน (ซื้อครั้งเดียว),2023-09-19,2023-09-19,1,3,90.0,P-NDL-003,3,ไวไว
G51843,ผู้มาเยือน (ซื้อครั้งเดียว),2023-09-19,2023-09-19,1,1,50.0,P-COF-004,1,อเมริกาโน่ส้ม
G51844,ผู้มาเยือน (ซื้อครั้งเดียว),2023-09-20,2023-09-20,1,4,175.0,P-BAK-017,3,ขนมปัง
G51845,ผู้มาเยือน (ซื้อครั้งเดียว),2023-09-20,2023-09-20,1,2,90.0,P-COF-001,2,อเมริกาโน่ (เย็น)
G51846,ผู้มาเยือน (ซื้อครั้งเดียว),2023-09-20,2023-09-20,1,2,100.0,P-SOD-005,2,แดงมะนาว
G51847,ผู้มาเยือน (ซื้อครั้งเดียว),2023-09-20,2023-09-20,1,4,180.0,P-COF-003,3,คาปูชิโน่ (เย็น)
G51848,ผู้มาเยือน (ซื้อครั้งเดียว),2023-09-20,2023-09-20,1,1,30.0,P-FOD-003,1,ขนมจีบกุ้ง
G51849,ผู้มาเยือน (ซื้อครั้งเดียว),2023-09-20,2023-09-20,1,1,45.0,P-COF-002,1,ลาเต้ (เย็น)
G51850,ผู้มาเยือน (ซื้อครั้งเดียว),2023-09-20,2023-09-20,1,1,45.0,P-TEA-001,1,ชาเขียว (เย็น)
G51851,ผู้มาเยือน (ซื้อครั้งเดียว),2023-09-20,2023-09-20,1,2,100.0,P-FOD-002,1,ข้าวกล่อง
G51852,ผู้มาเยือน (ซื้อครั้งเดียว),2023-09-20,2023-09-20,1,1,45.0,P-COF-002,1,ลาเต้ (เย็น)
G51853,ผู้มาเยือน (ซื้อครั้งเดียว),2023-09-20,2023-09-20,1,1,25.0,P-SFT-002,1,สิงห์เลม่อนโซดา
G51854,ผู้มาเยือน (ซื้อครั้งเดียว),2023-09-20,2023-09-20,1,2,90.0,P-TEA-001,2,ชาเขียว (เย็น)
G51855,ผู้มาเยือน (ซื้อครั้งเดียว),2023-09-20,2023-09-20,1,2,75.0,P-BAK-002,2,บราวนี่
G51856,ผู้มาเยือน (ซื้อครั้งเดียว),2023-09-20,2023-09-20,1,2,20.0,P-SOU-001,1,น้ำเปล่า
G51857,ผู้มาเยือน (ซื้อครั้งเดียว),2023-09-20,2023-09-20,1,1,45.0,P-COF-002,1,ลาเต้ (เย็น)
G51858,ผู้มาเยือน (ซื้อครั้งเดียว),2023-09-20,2023-09-20,1,2,70.0,P-BAK-017,2,ขนมปัง
G51859,ผู้มาเยือน (ซื้อครั้งเดียว),2023-09-20,2023-09-20,1,1,50.0,P-COF-006,1,อเมริกาโน่ช่อมะพร้าว
G51860,ผู้มาเยือน (ซื้อครั้งเดียว),2023-09-20,2023-09-20,1,2,95.0,P-COF-004,2,อเมริกาโน่ส้ม
G51861,ผู้มาเยือน (ซื้อครั้งเดียว),2023-09-20,2023-09-20,1,1,45.0,P-COF-001,1,อเมริกาโน่ (เย็น)
G51862,ผู้มาเยือน (ซื้อครั้งเดียว),2023-09-20,2023-09-20,1,1,55.0,P-COC-008,1,โกโก้มิ้นท์
G51863,ผู้มาเยือน (ซื้อครั้งเดียว),2023-09-20,2023-09-20,1,3,50.0,P-SFT-004,3,โค้ก zero
G51864,ผู้มาเยือน (ซื้อครั้งเดียว),2023-09-20,2023-09-20,1,1,50.0,P-TEA-004,1,ชามัทฉะ (เย็น)
G51865,ผู้มาเยือน (ซื้อครั้งเดียว),2023-09-20,2023-09-20,1,1,50.0,P-BAK-015,1,ชีสคัพ
G51866,ผู้มาเยือน (ซื้อครั้งเดียว),2023-09-20,2023-09-20,1,2,95.0,P-COF-005,2,เอสเปรสโซ่ (เย็น)
G51867,ผู้มาเยือน (ซื้อครั้งเดียว),2023-09-20,2023-09-20,1,1,50.0,P-COC-001,1,ช็อคโกแลต (เย็น)
G51868,ผู้มาเยือน (ซื้อครั้งเดียว),2023-09-21,2023-09-21,1,2,65.0,P-BAK-004,2,ขนมปังรวมรส
G51869,ผู้มาเยือน (ซื้อครั้งเดียว),2023-09-21,2023-09-21,1,1,50.0,P-COF-005,1,เอสเปรสโซ่ (เย็น)
G51870,ผู้มาเยือน (ซื้อครั้งเดียว),2023-09-21,2023-09-21,1,1,45.0,P-COF-001,1,อเมริกาโน่ (เย็น)
G51871,ผู้มาเยือน (ซื้อครั้งเดียว),2023-09-21,2023-09-21,1,8,335.0,P-BAK-004,4,ขนมปังรวมรส
G51872,ผู้มาเยือน (ซื้อครั้งเดียว),2023-09-21,2023-09-21,1,4,105.0,P-BAK-004,4,ขนมปังรวมรส
G51873,ผู้มาเยือน (ซื้อครั้งเดียว),2023-09-21,2023-09-21,1,5,185.0,P-FOD-001,2,แซนวิชโบราณ
G51874,ผู้มาเยือน (ซื้อครั้งเดียว),2023-09-21,2023-09-21,1,2,80.0,P-BAK-017,2,ขนมปัง
G51875,ผู้มาเยือน (ซื้อครั้งเดียว),2023-09-21,2023-09-21,1,4,100.0,P-BAK-004,4,ขนมปังรวมรส
G51876,ผู้มาเยือน (ซื้อครั้งเดียว),2023-09-21,2023-09-21,1,4,190.0,P-COF-004,3,อเมริกาโน่ส้ม
G51877,ผู้มาเยือน (ซื้อครั้งเดียว),2023-09-21,2023-09-21,1,1,25.0,P-SFT-008,1,แฟนต้า น้ำเขียว
G51878,ผู้มาเยือน (ซื้อครั้งเดียว),2023-09-21,2023-09-21,1,2,40.0,P-NDL-002,2,ยำยำ
G51879,ผู้มาเยือน (ซื้อครั้งเดียว),2023-09-21,2023-09-21,1,1,20.0,P-SNK-001,1,ขนมเลย์
G51880,ผู้มาเยือน (ซื้อครั้งเดียว),2023-09-21,2023-09-21,1,1,10.0,P-SOU-001,1,น้ำเปล่า
G51881,ผู้มาเยือน (ซื้อครั้งเดียว),2023-09-21,2023-09-21,1,2,70.0,P-SNK-001,2,ขนมเลย์
G51882,ผู้มาเยือน (ซื้อครั้งเดียว),2023-09-21,2023-09-21,1,3,60.0,P-NDL-002,1,ยำยำ
G51883,ผู้มาเยือน (ซื้อครั้งเดียว),2023-09-21,2023-09-21,1,8,135.0,P-SOU-001,4,น้ำเปล่า
G51884,ผู้มาเยือน (ซื้อครั้งเดียว),2023-09-21,2023-09-21,1,3,140.0,P-COF-001,3,อเมริกาโน่ (เย็น)
G51885,ผู้มาเยือน (ซื้อครั้งเดียว),2023-09-21,2023-09-21,1,1,45.0,P-TEA-005,1,ชาพีช (เย็น)
G51886,ผู้มาเยือน (ซื้อครั้งเดียว),2023-09-21,2023-09-21,1,3,85.0,P-BAK-002,3,บราวนี่
G51887,ผู้มาเยือน (ซื้อครั้งเดียว),2023-09-21,2023-09-21,1,2,124.0,P-BAK-012,2,มินิเค้กช็อกโกแลต
G51888,ผู้มาเยือน (ซื้อครั้งเดียว),2023-09-24,2023-09-24,1,1,25.0,P-SFT-001,1,โค้ก ออริจินอล
G51889,ผู้มาเยือน (ซื้อครั้งเดียว),2023-09-24,2023-09-24,1,2,40.0,P-SNK-001,1,ขนมเลย์
G51890,ผู้มาเยือน (ซื้อครั้งเดียว),2023-09-24,2023-09-24,1,2,45.0,P-SFT-007,2,แฟนต้า น้ำส้ม
G51891,ผู้มาเยือน (ซื้อครั้งเดียว),2023-09-25,2023-09-25,1,2,93.0,P-COF-002,2,ลาเต้ (เย็น)
G51892,ผู้มาเยือน (ซื้อครั้งเดียว),2023-09-25,2023-09-25,1,1,50.0,P-FOD-002,1,ข้าวกล่อง
G51893,ผู้มาเยือน (ซื้อครั้งเดียว),2023-09-25,2023-09-25,1,1,50.0,P-FOD-002,1,ข้าวกล่อง
G51894,ผู้มาเยือน (ซื้อครั้งเดียว),2023-09-25,2023-09-25,1,2,30.0,P-BAK-004,2,ขนมปังรวมรส
G51895,ผู้มาเยือน (ซื้อครั้งเดียว),2023-09-25,2023-09-25,1,4,195.0,P-COF-001,3,อเมริกาโน่ (เย็น)
G51896,ผู้มาเยือน (ซื้อครั้งเดียว),2023-09-25,2023-09-25,1,2,95.0,P-COC-005,2,นมสดคาราเมล (เย็น)
G51897,ผู้มาเยือน (ซื้อครั้งเดียว),2023-09-25,2023-09-25,1,3,120.0,P-COF-008,1,อเมริกาโน่ (ร้อน)
G51898,ผู้มาเยือน (ซื้อครั้งเดียว),2023-09-25,2023-09-25,1,1,40.0,P-COF-012,1,คาปูชิโน่ (ร้อน)
G51899,ผู้มาเยือน (ซื้อครั้งเดียว),2023-09-25,2023-09-25,1,4,140.0,P-SOU-002,2,น้ำแข็ง
G51900,ผู้มาเยือน (ซื้อครั้งเดียว),2023-09-25,2023-09-25,1,4,135.0,P-BAK-021,4,เค้กชาไทยหน้านิ่ม
G51901,ผู้มาเยือน (ซื้อครั้งเดียว),2023-09-25,2023-09-25,1,2,70.0,P-BAK-014,2,บราวนี่กรอบ
G51902,ผู้มาเยือน (ซื้อครั้งเดียว),2023-09-26,2023-09-26,1,1,25.0,P-BAK-013,1,โดนัท
G51903,ผู้มาเยือน (ซื้อครั้งเดียว),2023-09-26,2023-09-26,1,1,50.0,P-COC-001,1,ช็อคโกแลต (เย็น)
G51904,ผู้มาเยือน (ซื้อครั้งเดียว),2023-09-26,2023-09-26,1,2,70.0,P-NDL-003,2,ไวไว
G51905,ผู้มาเยือน (ซื้อครั้งเดียว),2023-09-26,2023-09-26,1,2,45.0,P-BAK-004,2,ขนมปังรวมรส
G51906,ผู้มาเยือน (ซื้อครั้งเดียว),2023-09-26,2023-09-26,1,3,80.0,P-COF-002,3,ลาเต้ (เย็น)
G51907,ผู้มาเยือน (ซื้อครั้งเดียว),2023-09-26,2023-09-26,1,1,10.0,P-SOU-001,1,น้ำเปล่า
G51908,ผู้มาเยือน (ซื้อครั้งเดียว),2023-09-27,2023-09-27,1,1,45.0,P-COF-001,1,อเมริกาโน่ (เย็น)
G51909,ผู้มาเยือน (ซื้อครั้งเดียว),2023-09-27,2023-09-27,1,1,45.0,P-COC-009,1,นมชมพู(นมเย็น)
G51910,ผู้มาเยือน (ซื้อครั้งเดียว),2023-09-27,2023-09-27,1,2,20.0,P-SOU-001,1,น้ำเปล่า
G51911,ผู้มาเยือน (ซื้อครั้งเดียว),2023-09-27,2023-09-27,1,1,50.0,P-COC-002,1,โกโก้ (เย็น)
G51912,ผู้มาเยือน (ซื้อครั้งเดียว),2023-09-27,2023-09-27,1,1,55.0,P-TEA-003,1,ชาเขียว (ปั่น)
G51913,ผู้มาเยือน (ซื้อครั้งเดียว),2023-09-27,2023-09-27,1,1,50.0,P-COF-011,1,คาราเมลมัคคีอาโต้
G51914,ผู้มาเยือน (ซื้อครั้งเดียว),2023-09-27,2023-09-27,1,1,20.0,P-SNK-008,1,ขนมซีมอน
G51915,ผู้มาเยือน (ซื้อครั้งเดียว),2023-09-27,2023-09-27,1,2,40.0,P-SNK-001,2,ขนมเลย์
G51916,ผู้มาเยือน (ซื้อครั้งเดียว),2023-09-28,2023-09-28,1,1,45.0,P-COF-002,1,ลาเต้ (เย็น)
G51917,ผู้มาเยือน (ซื้อครั้งเดียว),2023-09-28,2023-09-28,1,1,50.0,P-COC-002,1,โกโก้ (เย็น)
G51918,ผู้มาเยือน (ซื้อครั้งเดียว),2023-09-28,2023-09-28,1,1,50.0,P-COC-001,1,ช็อคโกแลต (เย็น)
G51919,ผู้มาเยือน (ซื้อครั้งเดียว),2023-09-28,2023-09-28,1,1,45.0,P-COF-003,1,คาปูชิโน่ (เย็น)
G51920,ผู้มาเยือน (ซื้อครั้งเดียว),2023-09-28,2023-09-28,1,1,45.0,P-TEA-001,1,ชาเขียว (เย็น)
G51921,ผู้มาเยือน (ซื้อครั้งเดียว),2023-09-28,2023-09-28,1,2,40.0,P-NDL-003,2,ไวไว
G51922,ผู้มาเยือน (ซื้อครั้งเดียว),2023-09-28,2023-09-28,1,4,154.0,P-BAK-002,2,บราวนี่
G51923,ผู้มาเยือน (ซื้อครั้งเดียว),2023-09-29,2023-09-29,1,1,45.0,P-COF-001,1,อเมริกาโน่ (เย็น)
G51924,ผู้มาเยือน (ซื้อครั้งเดียว),2023-09-29,2023-09-29,1,3,115.0,P-COF-001,2,อเมริกาโน่ (เย็น)
G51925,ผู้มาเยือน (ซื้อครั้งเดียว),2023-09-29,2023-09-29,1,1,45.0,P-SOD-001,1,สตรอเบอรี่
G51926,ผู้มาเยือน (ซื้อครั้งเดียว),2023-09-29,2023-09-29,1,3,75.0,P-COC-003,2,ช็อคโกแลต (ปั่น)
G51927,ผู้มาเยือน (ซื้อครั้งเดียว),2023-09-29,2023-09-29,1,1,55.0,P-SMT-004,1,นมสดกล้วย (ปั่น)
G51928,ผู้มาเยือน (ซื้อครั้งเดียว),2023-09-29,2023-09-29,1,1,45.0,P-TEA-001,1,ชาเขียว (เย็น)
G51929,ผู้มาเยือน (ซื้อครั้งเดียว),2023-09-29,2023-09-29,1,1,50.0,P-COC-002,1,โกโก้ (เย็น)
G51930,ผู้มาเยือน (ซื้อครั้งเดียว),2023-09-29,2023-09-29,1,1,45.0,P-COF-002,1,ลาเต้ (เย็น)
G51931,ผู้มาเยือน (ซื้อครั้งเดียว),2023-09-30,2023-09-30,1,4,199.0,P-BAK-026,4,เค้กเรดเวลเวทีราวนี่
G51932,ผู้มาเยือน (ซื้อครั้งเดียว),2023-09-30,2023-09-30,1,1,45.0,P-TEA-001,1,ชาเขียว (เย็น)
G51933,ผู้มาเยือน (ซื้อครั้งเดียว),2023-09-30,2023-09-30,1,2,30.0,P-NDL-001,2,มาม่า
G51934,ผู้มาเยือน (ซื้อครั้งเดียว),2023-09-30,2023-09-30,1,1,55.0,P-TEA-018,1,ชาซีลอน (ปั่น)
G51935,ผู้มาเยือน (ซื้อครั้งเดียว),2023-10-01,2023-10-01,1,1,55.0,P-COF-001,1,อเมริกาโน่ (เย็น)
G51936,ผู้มาเยือน (ซื้อครั้งเดียว),2023-10-01,2023-10-01,1,2,70.0,P-BAK-005,2,แอลแคร์
G51937,ผู้มาเยือน (ซื้อครั้งเดียว),2023-10-01,2023-10-01,1,2,90.0,P-COC-009,2,นมชมพู(นมเย็น)
G51938,ผู้มาเยือน (ซื้อครั้งเดียว),2023-10-01,2023-10-01,1,1,50.0,P-TEA-013,1,ชาอัญชันมะนาว
G51939,ผู้มาเยือน (ซื้อครั้งเดียว),2023-10-01,2023-10-01,1,1,45.0,P-COF-001,1,อเมริกาโน่ (เย็น)
G51940,ผู้มาเยือน (ซื้อครั้งเดียว),2023-10-02,2023-10-02,1,1,50.0,P-TEA-004,1,ชามัทฉะ (เย็น)
G51941,ผู้มาเยือน (ซื้อครั้งเดียว),2023-10-02,2023-10-02,1,1,50.0,P-COF-004,1,อเมริกาโน่ส้ม
G51942,ผู้มาเยือน (ซื้อครั้งเดียว),2023-10-02,2023-10-02,1,1,35.0,P-BAK-011,1,เค้กบลูเบอร์รี่หน้านิ่ม
G51943,ผู้มาเยือน (ซื้อครั้งเดียว),2023-10-02,2023-10-02,1,1,50.0,P-COC-001,1,ช็อคโกแลต (เย็น)
G51944,ผู้มาเยือน (ซื้อครั้งเดียว),2023-10-02,2023-10-02,1,2,129.0,P-BAK-006,2,บานอฟฟี่
G51945,ผู้มาเยือน (ซื้อครั้งเดียว),2023-10-02,2023-10-02,1,2,35.0,P-SFT-001,2,โค้ก ออริจินอล
G51946,ผู้มาเยือน (ซื้อครั้งเดียว),2023-10-02,2023-10-02,1,2,65.0,P-COC-006,2,โกโก้ (ปั่น)
G51947,ผู้มาเยือน (ซื้อครั้งเดียว),2023-10-02,2023-10-02,1,2,95.0,P-COC-001,2,ช็อคโกแลต (เย็น)
G51948,ผู้มาเยือน (ซื้อครั้งเดียว),2023-10-02,2023-10-02,1,1,45.0,P-COF-002,1,ลาเต้ (เย็น)
G51949,ผู้มาเยือน (ซื้อครั้งเดียว),2023-10-02,2023-10-02,1,1,45.0,P-COF-002,1,ลาเต้ (เย็น)
G51950,ผู้มาเยือน (ซื้อครั้งเดียว),2023-10-02,2023-10-02,1,1,10.0,P-SOU-001,1,น้ำเปล่า
G51951,ผู้มาเยือน (ซื้อครั้งเดียว),2023-10-03,2023-10-03,1,1,45.0,P-COF-001,1,อเมริกาโน่ (เย็น)
G51952,ผู้มาเยือน (ซื้อครั้งเดียว),2023-10-03,2023-10-03,1,2,40.0,P-NDL-001,1,มาม่า
G51953,ผู้มาเยือน (ซื้อครั้งเดียว),2023-10-03,2023-10-03,1,2,95.0,P-TEA-001,2,ชาเขียว (เย็น)
G51954,ผู้มาเยือน (ซื้อครั้งเดียว),2023-10-03,2023-10-03,1,8,280.0,P-TOP-001,5,วุ้นบุก
G51955,ผู้มาเยือน (ซื้อครั้งเดียว),2023-10-03,2023-10-03,1,2,100.0,P-COC-002,1,โกโก้ (เย็น)
G51956,ผู้มาเยือน (ซื้อครั้งเดียว),2023-10-04,2023-10-04,1,1,15.0,P-BAK-004,1,ขนมปังรวมรส
G51957,ผู้มาเยือน (ซื้อครั้งเดียว),2023-10-04,2023-10-04,1,1,55.0,P-SMT-001,1,สมูตตี้ สตรอเบอรี่
G51958,ผู้มาเยือน (ซื้อครั้งเดียว),2023-10-04,2023-10-04,1,1,45.0,P-COC-004,1,นมสด (เย็น)
G51959,ผู้มาเยือน (ซื้อครั้งเดียว),2023-10-04,2023-10-04,1,2,95.0,P-TEA-001,2,ชาเขียว (เย็น)
G51960,ผู้มาเยือน (ซื้อครั้งเดียว),2023-10-04,2023-10-04,1,1,5.0,P-SOU-002,1,น้ำแข็ง
G51961,ผู้มาเยือน (ซื้อครั้งเดียว),2023-10-04,2023-10-04,1,2,40.0,P-NDL-001,1,มาม่า
G51962,ผู้มาเยือน (ซื้อครั้งเดียว),2023-10-04,2023-10-04,1,1,55.0,P-COC-003,1,ช็อคโกแลต (ปั่น)
G51963,ผู้มาเยือน (ซื้อครั้งเดียว),2023-10-04,2023-10-04,1,1,45.0,P-COF-002,1,ลาเต้ (เย็น)
G51964,ผู้มาเยือน (ซื้อครั้งเดียว),2023-10-04,2023-10-04,1,1,50.0,P-TEA-009,1,ชากุหลาบนมสด
G51965,ผู้มาเยือน (ซื้อครั้งเดียว),2023-10-04,2023-10-04,1,1,55.0,P-COC-003,1,ช็อคโกแลต (ปั่น)
G51966,ผู้มาเยือน (ซื้อครั้งเดียว),2023-10-05,2023-10-05,1,2,70.0,P-BAK-013,2,โดนัท
G51967,ผู้มาเยือน (ซื้อครั้งเดียว),2023-10-05,2023-10-05,1,2,60.0,P-BAK-004,2,ขนมปังรวมรส
G51968,ผู้มาเยือน (ซื้อครั้งเดียว),2023-10-05,2023-10-05,1,3,155.0,P-COC-007,3,นมสดคาราเมล (ปั่น)
G51969,ผู้มาเยือน (ซื้อครั้งเดียว),2023-10-05,2023-10-05,1,1,45.0,P-COF-001,1,อเมริกาโน่ (เย็น)
G51970,ผู้มาเยือน (ซื้อครั้งเดียว),2023-10-05,2023-10-05,1,1,20.0,P-NDL-003,1,ไวไว
G51971,ผู้มาเยือน (ซื้อครั้งเดียว),2023-10-05,2023-10-05,1,1,20.0,P-SFT-001,1,โค้ก ออริจินอล
G51972,ผู้มาเยือน (ซื้อครั้งเดียว),2023-10-05,2023-10-05,1,1,25.0,P-FOD-001,1,แซนวิชโบราณ
G51973,ผู้มาเยือน (ซื้อครั้งเดียว),2023-10-05,2023-10-05,1,1,10.0,P-SOU-001,1,น้ำเปล่า
G51974,ผู้มาเยือน (ซื้อครั้งเดียว),2023-10-05,2023-10-05,1,1,5.0,P-SOU-002,1,น้ำแข็ง
G51975,ผู้มาเยือน (ซื้อครั้งเดียว),2023-10-06,2023-10-06,1,3,80.0,P-COF-005,3,เอสเปรสโซ่ (เย็น)
G51976,ผู้มาเยือน (ซื้อครั้งเดียว),2023-10-06,2023-10-06,1,1,50.0,P-COF-004,1,อเมริกาโน่ส้ม
G51977,ผู้มาเยือน (ซื้อครั้งเดียว),2023-10-06,2023-10-06,1,2,100.0,P-COC-001,2,ช็อคโกแลต (เย็น)
G51978,ผู้มาเยือน (ซื้อครั้งเดียว),2023-10-07,2023-10-07,1,1,45.0,P-COC-004,1,นมสด (เย็น)
G51979,ผู้มาเยือน (ซื้อครั้งเดียว),2023-10-07,2023-10-07,1,1,10.0,P-SOU-001,1,น้ำเปล่า
G51980,ผู้มาเยือน (ซื้อครั้งเดียว),2023-10-07,2023-10-07,1,2,70.0,P-BAK-005,2,แอลแคร์
G51981,ผู้มาเยือน (ซื้อครั้งเดียว),2023-10-07,2023-10-07,1,1,45.0,P-TEA-005,1,ชาพีช (เย็น)
G51982,ผู้มาเยือน (ซื้อครั้งเดียว),2023-10-08,2023-10-08,1,1,45.0,P-COF-002,1,ลาเต้ (เย็น)
G51983,ผู้มาเยือน (ซื้อครั้งเดียว),2023-10-08,2023-10-08,1,1,45.0,P-SOD-002,1,เลม่อนผสมน้ำผึ้ง
G51984,ผู้มาเยือน (ซื้อครั้งเดียว),2023-10-08,2023-10-08,1,1,20.0,P-SNK-010,1,ขนมซีเรียลอาหารเช้า
G51985,ผู้มาเยือน (ซื้อครั้งเดียว),2023-10-09,2023-10-09,1,2,60.0,P-COF-001,2,อเมริกาโน่ (เย็น)
G51986,ผู้มาเยือน (ซื้อครั้งเดียว),2023-10-09,2023-10-09,1,3,135.0,P-COF-002,3,ลาเต้ (เย็น)
G51987,ผู้มาเยือน (ซื้อครั้งเดียว),2023-10-09,2023-10-09,1,1,50.0,P-COF-011,1,คาราเมลมัคคีอาโต้
G51988,ผู้มาเยือน (ซื้อครั้งเดียว),2023-10-09,2023-10-09,1,2,65.0,P-COF-015,2,คาปูชิโน่ (ปั่น)
G51989,ผู้มาเยือน (ซื้อครั้งเดียว),2023-10-09,2023-10-09,1,1,25.0,P-SFT-002,1,สิงห์เลม่อนโซดา
G51990,ผู้มาเยือน (ซื้อครั้งเดียว),2023-10-09,2023-10-09,1,1,50.0,P-COC-001,1,ช็อคโกแลต (เย็น)
G51991,ผู้มาเยือน (ซื้อครั้งเดียว),2023-10-09,2023-10-09,1,1,45.0,P-TEA-001,1,ชาเขียว (เย็น)
G51992,ผู้มาเยือน (ซื้อครั้งเดียว),2023-10-09,2023-10-09,1,1,50.0,P-COF-005,1,เอสเปรสโซ่ (เย็น)
G51993,ผู้มาเยือน (ซื้อครั้งเดียว),2023-10-10,2023-10-10,1,2,65.0,P-TEA-016,2,ชามัทฉะ (ปั่น)
G51994,ผู้มาเยือน (ซื้อครั้งเดียว),2023-10-10,2023-10-10,1,1,55.0,P-SMT-009,1,เสาวรส (ปั่น)
G51995,ผู้มาเยือน (ซื้อครั้งเดียว),2023-10-10,2023-10-10,1,1,25.0,P-SFT-003,1,แฟนต้า น้ำแดง
G51996,ผู้มาเยือน (ซื้อครั้งเดียว),2023-10-11,2023-10-11,1,1,50.0,P-COC-001,1,ช็อคโกแลต (เย็น)
G51997,ผู้มาเยือน (ซื้อครั้งเดียว),2023-10-11,2023-10-11,1,1,45.0,P-COF-001,1,อเมริกาโน่ (เย็น)
G51998,ผู้มาเยือน (ซื้อครั้งเดียว),2023-10-11,2023-10-11,1,1,45.0,P-TEA-008,1,ชาแอปเปิ้ล (เย็น)
G51999,ผู้มาเยือน (ซื้อครั้งเดียว),2023-10-11,2023-10-11,1,1,55.0,P-COC-003,1,ช็อคโกแลต (ปั่น)
G52000,ผู้มาเยือน (ซื้อครั้งเดียว),2023-10-11,2023-10-11,1,5,80.0,P-BAK-004,4,ขนมปังรวมรส
G52001,ผู้มาเยือน (ซื้อครั้งเดียว),2023-10-12,2023-10-12,1,2,30.0,P-BAK-004,1,ขนมปังรวมรส
G52002,ผู้มาเยือน (ซื้อครั้งเดียว),2023-10-12,2023-10-12,1,1,45.0,P-SOD-002,1,เลม่อนผสมน้ำผึ้ง
G52003,ผู้มาเยือน (ซื้อครั้งเดียว),2023-10-12,2023-10-12,1,2,65.0,P-NDL-003,2,ไวไว
G52004,ผู้มาเยือน (ซื้อครั้งเดียว),2023-10-12,2023-10-12,1,2,95.0,P-TEA-001,2,ชาเขียว (เย็น)
G52005,ผู้มาเยือน (ซื้อครั้งเดียว),2023-10-12,2023-10-12,1,1,55.0,P-COC-007,1,นมสดคาราเมล (ปั่น)
G52006,ผู้มาเยือน (ซื้อครั้งเดียว),2023-10-12,2023-10-12,1,2,60.0,P-BAK-007,2,มาการอง
G52007,ผู้มาเยือน (ซื้อครั้งเดียว),2023-10-13,2023-10-13,1,1,50.0,P-TEA-004,1,ชามัทฉะ (เย็น)
G52008,ผู้มาเยือน (ซื้อครั้งเดียว),2023-10-13,2023-10-13,1,1,20.0,P-SNK-010,1,ขนมซีเรียลอาหารเช้า
G52009,ผู้มาเยือน (ซื้อครั้งเดียว),2023-10-13,2023-10-13,1,1,50.0,P-COF-004,1,อเมริกาโน่ส้ม
G52010,ผู้มาเยือน (ซื้อครั้งเดียว),2023-10-13,2023-10-13,1,1,20.0,P-NDL-001,1,มาม่า
G52011,ผู้มาเยือน (ซื้อครั้งเดียว),2023-10-13,2023-10-13,1,1,20.0,P-NDL-002,1,ยำยำ
G52012,ผู้มาเยือน (ซื้อครั้งเดียว),2023-10-13,2023-10-13,1,1,10.0,P-SOU-001,1,น้ำเปล่า
G52013,ผู้มาเยือน (ซื้อครั้งเดียว),2023-10-13,2023-10-13,1,2,65.0,P-SOU-001,2,น้ำเปล่า
G52014,ผู้มาเยือน (ซื้อครั้งเดียว),2023-10-15,2023-10-15,1,1,48.0,P-COF-004,1,อเมริกาโน่ส้ม
G52015,ผู้มาเยือน (ซื้อครั้งเดียว),2023-10-15,2023-10-15,1,1,55.0,P-COC-006,1,โกโก้ (ปั่น)
G52016,ผู้มาเยือน (ซื้อครั้งเดียว),2023-10-15,2023-10-15,1,1,45.0,P-SOD-004,1,พีช
G52017,ผู้มาเยือน (ซื้อครั้งเดียว),2023-10-15,2023-10-15,1,1,50.0,P-BAK-015,1,ชีสคัพ
G52018,ผู้มาเยือน (ซื้อครั้งเดียว),2023-10-16,2023-10-16,1,1,10.0,P-SOU-001,1,น้ำเปล่า
G52019,ผู้มาเยือน (ซื้อครั้งเดียว),2023-10-16,2023-10-16,1,1,25.0,P-BAK-002,1,บราวนี่
G52020,ผู้มาเยือน (ซื้อครั้งเดียว),2023-10-16,2023-10-16,1,2,55.0,P-SOU-001,2,น้ำเปล่า
G52021,ผู้มาเยือน (ซื้อครั้งเดียว),2023-10-17,2023-10-17,1,4,185.0,P-COF-008,3,อเมริกาโน่ (ร้อน)
G52022,ผู้มาเยือน (ซื้อครั้งเดียว),2023-10-17,2023-10-17,1,3,135.0,P-COF-001,1,อเมริกาโน่ (เย็น)
G52023,ผู้มาเยือน (ซื้อครั้งเดียว),2023-10-17,2023-10-17,1,1,20.0,P-NDL-001,1,มาม่า
G52024,ผู้มาเยือน (ซื้อครั้งเดียว),2023-10-17,2023-10-17,1,1,55.0,P-COC-006,1,โกโก้ (ปั่น)
G52025,ผู้มาเยือน (ซื้อครั้งเดียว),2023-10-17,2023-10-17,1,3,140.0,P-TEA-001,2,ชาเขียว (เย็น)
G52026,ผู้มาเยือน (ซื้อครั้งเดียว),2023-10-18,2023-10-18,1,1,45.0,P-TEA-001,1,ชาเขียว (เย็น)
G52027,ผู้มาเยือน (ซื้อครั้งเดียว),2023-10-18,2023-10-18,1,1,20.0,P-SNK-006,1,สแน็กแจ็ค
G52028,ผู้มาเยือน (ซื้อครั้งเดียว),2023-10-19,2023-10-19,1,2,75.0,P-COF-009,2,มอคค่า (เย็น)
G52029,ผู้มาเยือน (ซื้อครั้งเดียว),2023-10-19,2023-10-19,1,1,50.0,P-COC-002,1,โกโก้ (เย็น)
G52030,ผู้มาเยือน (ซื้อครั้งเดียว),2023-10-19,2023-10-19,1,1,10.0,P-SOU-001,1,น้ำเปล่า
G52031,ผู้มาเยือน (ซื้อครั้งเดียว),2023-10-19,2023-10-19,1,1,20.0,P-SNK-001,1,ขนมเลย์
G52032,ผู้มาเยือน (ซื้อครั้งเดียว),2023-10-19,2023-10-19,1,1,45.0,P-COF-002,1,ลาเต้ (เย็น)
G52033,ผู้มาเยือน (ซื้อครั้งเดียว),2023-10-19,2023-10-19,1,1,45.0,P-COF-001,1,อเมริกาโน่ (เย็น)
G52034,ผู้มาเยือน (ซื้อครั้งเดียว),2023-10-19,2023-10-19,1,1,45.0,P-SOD-001,1,สตรอเบอรี่
G52035,ผู้มาเยือน (ซื้อครั้งเดียว),2023-10-19,2023-10-19,1,1,20.0,P-SNK-009,1,ฮานามิ
G52036,ผู้มาเยือน (ซื้อครั้งเดียว),2023-10-19,2023-10-19,1,1,45.0,P-COF-002,1,ลาเต้ (เย็น)
G52037,ผู้มาเยือน (ซื้อครั้งเดียว),2023-10-20,2023-10-20,1,6,170.0,P-BAK-002,5,บราวนี่
G52038,ผู้มาเยือน (ซื้อครั้งเดียว),2023-10-20,2023-10-20,1,2,90.0,P-COF-001,2,อเมริกาโน่ (เย็น)
G52039,ผู้มาเยือน (ซื้อครั้งเดียว),2023-10-20,2023-10-20,1,1,45.0,P-COF-002,1,ลาเต้ (เย็น)
G52040,ผู้มาเยือน (ซื้อครั้งเดียว),2023-10-20,2023-10-20,1,1,55.0,P-COC-003,1,ช็อคโกแลต (ปั่น)
G52041,ผู้มาเยือน (ซื้อครั้งเดียว),2023-10-20,2023-10-20,1,1,50.0,P-COF-004,1,อเมริกาโน่ส้ม
G52042,ผู้มาเยือน (ซื้อครั้งเดียว),2023-10-21,2023-10-21,1,3,155.0,P-BAK-013,2,โดนัท
G52043,ผู้มาเยือน (ซื้อครั้งเดียว),2023-10-21,2023-10-21,1,1,45.0,P-COF-002,1,ลาเต้ (เย็น)
G52044,ผู้มาเยือน (ซื้อครั้งเดียว),2023-10-21,2023-10-21,1,4,208.0,P-BAK-012,3,มินิเค้กช็อกโกแลต
G52045,ผู้มาเยือน (ซื้อครั้งเดียว),2023-10-21,2023-10-21,1,1,48.0,P-COF-006,1,อเมริกาโน่ช่อมะพร้าว
G52046,ผู้มาเยือน (ซื้อครั้งเดียว),2023-10-21,2023-10-21,1,2,100.0,P-COF-004,2,อเมริกาโน่ส้ม
G52047,ผู้มาเยือน (ซื้อครั้งเดียว),2023-10-21,2023-10-21,1,2,95.0,P-COC-002,2,โกโก้ (เย็น)
G52048,ผู้มาเยือน (ซื้อครั้งเดียว),2023-10-21,2023-10-21,1,1,45.0,P-COF-010,1,อเมริกาโน่น้ำผึ้ง (เย็น)
G52049,ผู้มาเยือน (ซื้อครั้งเดียว),2023-10-21,2023-10-21,1,1,45.0,P-COF-003,1,คาปูชิโน่ (เย็น)
G52050,ผู้มาเยือน (ซื้อครั้งเดียว),2023-10-21,2023-10-21,1,1,45.0,P-COF-001,1,อเมริกาโน่ (เย็น)
G52051,ผู้มาเยือน (ซื้อครั้งเดียว),2023-10-21,2023-10-21,1,2,85.0,P-BAK-007,2,มาการอง
G52052,ผู้มาเยือน (ซื้อครั้งเดียว),2023-10-21,2023-10-21,1,3,65.0,P-BAK-007,3,มาการอง
G52053,ผู้มาเยือน (ซื้อครั้งเดียว),2023-10-21,2023-10-21,1,2,30.0,P-SFT-003,2,แฟนต้า น้ำแดง
G52054,ผู้มาเยือน (ซื้อครั้งเดียว),2023-10-22,2023-10-22,1,1,45.0,P-TEA-001,1,ชาเขียว (เย็น)
G52055,ผู้มาเยือน (ซื้อครั้งเดียว),2023-10-22,2023-10-22,1,1,45.0,P-COF-001,1,อเมริกาโน่ (เย็น)
G52056,ผู้มาเยือน (ซื้อครั้งเดียว),2023-10-22,2023-10-22,1,4,200.0,P-COF-007,4,อเมริกาโน่น้ำผึ้งมะนาว
G52057,ผู้มาเยือน (ซื้อครั้งเดียว),2023-10-23,2023-10-23,1,2,95.0,P-COF-005,2,เอสเปรสโซ่ (เย็น)
G52058,ผู้มาเยือน (ซื้อครั้งเดียว),2023-10-23,2023-10-23,1,2,100.0,P-BAK-015,2,ชีสคัพ
G52059,ผู้มาเยือน (ซื้อครั้งเดียว),2023-10-23,2023-10-23,1,1,20.0,P-NDL-003,1,ไวไว
G52060,ผู้มาเยือน (ซื้อครั้งเดียว),2023-10-23,2023-10-23,1,1,50.0,P-COC-002,1,โกโก้ (เย็น)
G52061,ผู้มาเยือน (ซื้อครั้งเดียว),2023-10-24,2023-10-24,1,1,50.0,P-TEA-004,1,ชามัทฉะ (เย็น)
G52062,ผู้มาเยือน (ซื้อครั้งเดียว),2023-10-24,2023-10-24,1,3,120.0,P-COF-001,3,อเมริกาโน่ (เย็น)
G52063,ผู้มาเยือน (ซื้อครั้งเดียว),2023-10-24,2023-10-24,1,1,55.0,P-SMT-009,1,เสาวรส (ปั่น)
G52064,ผู้มาเยือน (ซื้อครั้งเดียว),2023-10-24,2023-10-24,1,1,55.0,P-TEA-003,1,ชาเขียว (ปั่น)
G52065,ผู้มาเยือน (ซื้อครั้งเดียว),2023-10-24,2023-10-24,1,1,45.0,P-TEA-006,1,ชาน้ำผึ้งมะนาว (เย็น)
G52066,ผู้มาเยือน (ซื้อครั้งเดียว),2023-10-24,2023-10-24,1,1,50.0,P-TEA-015,1,ชากุหลาบน้ำผึ้งมะนาว (เย็น)
G52067,ผู้มาเยือน (ซื้อครั้งเดียว),2023-10-24,2023-10-24,1,2,95.0,P-COF-006,2,อเมริกาโน่ช่อมะพร้าว
G52068,ผู้มาเยือน (ซื้อครั้งเดียว),2023-10-24,2023-10-24,1,1,50.0,P-COC-001,1,ช็อคโกแลต (เย็น)
G52069,ผู้มาเยือน (ซื้อครั้งเดียว),2023-10-25,2023-10-25,1,1,45.0,P-COF-002,1,ลาเต้ (เย็น)
G52070,ผู้มาเยือน (ซื้อครั้งเดียว),2023-10-25,2023-10-25,1,1,45.0,P-SOD-004,1,พีช
G52071,ผู้มาเยือน (ซื้อครั้งเดียว),2023-10-25,2023-10-25,1,1,10.0,P-SOU-001,1,น้ำเปล่า
G52072,ผู้มาเยือน (ซื้อครั้งเดียว),2023-10-25,2023-10-25,1,1,45.0,P-COF-001,1,อเมริกาโน่ (เย็น)
G52073,ผู้มาเยือน (ซื้อครั้งเดียว),2023-10-25,2023-10-25,1,1,20.0,P-NDL-003,1,ไวไว
G52074,ผู้มาเยือน (ซื้อครั้งเดียว),2023-10-25,2023-10-25,1,4,70.0,P-SNK-001,3,ขนมเลย์
G52075,ผู้มาเยือน (ซื้อครั้งเดียว),2023-10-26,2023-10-26,1,1,50.0,P-COF-009,1,มอคค่า (เย็น)
G52076,ผู้มาเยือน (ซื้อครั้งเดียว),2023-10-26,2023-10-26,1,2,90.0,P-TEA-006,1,ชาน้ำผึ้งมะนาว (เย็น)
G52077,ผู้มาเยือน (ซื้อครั้งเดียว),2023-10-26,2023-10-26,1,1,50.0,P-COF-006,1,อเมริกาโน่ช่อมะพร้าว
G52078,ผู้มาเยือน (ซื้อครั้งเดียว),2023-10-26,2023-10-26,1,1,45.0,P-COC-004,1,นมสด (เย็น)
G52079,ผู้มาเยือน (ซื้อครั้งเดียว),2023-10-26,2023-10-26,1,1,45.0,P-SOD-007,1,บลูเบอรี่
G52080,ผู้มาเยือน (ซื้อครั้งเดียว),2023-10-27,2023-10-27,1,1,25.0,P-BAK-013,1,โดนัท
G52081,ผู้มาเยือน (ซื้อครั้งเดียว),2023-10-28,2023-10-28,1,1,50.0,P-COC-002,1,โกโก้ (เย็น)
G52082,ผู้มาเยือน (ซื้อครั้งเดียว),2023-10-28,2023-10-28,1,1,50.0,P-COF-007,1,อเมริกาโน่น้ำผึ้งมะนาว
G52083,ผู้มาเยือน (ซื้อครั้งเดียว),2023-10-30,2023-10-30,1,3,140.0,P-TEA-001,2,ชาเขียว (เย็น)
G52084,ผู้มาเยือน (ซื้อครั้งเดียว),2023-10-31,2023-10-31,1,2,20.0,P-SOU-001,1,น้ำเปล่า
G52085,ผู้มาเยือน (ซื้อครั้งเดียว),2023-10-31,2023-10-31,1,1,50.0,P-COF-005,1,เอสเปรสโซ่ (เย็น)
G52086,ผู้มาเยือน (ซื้อครั้งเดียว),2023-10-31,2023-10-31,1,1,50.0,P-TEA-004,1,ชามัทฉะ (เย็น)
G52087,ผู้มาเยือน (ซื้อครั้งเดียว),2023-10-31,2023-10-31,1,2,65.0,P-COC-013,2,สตรอเบอรี่นมสด
G52088,ผู้มาเยือน (ซื้อครั้งเดียว),2023-11-01,2023-11-01,1,2,40.0,P-NDL-003,1,ไวไว
G52089,ผู้มาเยือน (ซื้อครั้งเดียว),2023-11-01,2023-11-01,1,3,95.0,P-BAK-002,3,บราวนี่
G52090,ผู้มาเยือน (ซื้อครั้งเดียว),2023-11-03,2023-11-03,1,1,45.0,P-COF-001,1,อเมริกาโน่ (เย็น)
G52091,ผู้มาเยือน (ซื้อครั้งเดียว),2023-11-03,2023-11-03,1,1,15.0,P-BAK-004,1,ขนมปังรวมรส
G52092,ผู้มาเยือน (ซื้อครั้งเดียว),2023-11-03,2023-11-03,1,1,50.0,P-COC-002,1,โกโก้ (เย็น)
G52093,ผู้มาเยือน (ซื้อครั้งเดียว),2023-11-03,2023-11-03,1,1,45.0,P-TEA-002,1,ชาซีลอน (เย็น)
G52094,ผู้มาเยือน (ซื้อครั้งเดียว),2023-11-03,2023-11-03,1,2,100.0,P-COF-007,2,อเมริกาโน่น้ำผึ้งมะนาว
G52095,ผู้มาเยือน (ซื้อครั้งเดียว),2023-11-06,2023-11-06,1,3,80.0,P-COF-009,3,มอคค่า (เย็น)
G52096,ผู้มาเยือน (ซื้อครั้งเดียว),2023-11-06,2023-11-06,1,1,50.0,P-TEA-011,1,ชาเขียวมะนาว
G52097,ผู้มาเยือน (ซื้อครั้งเดียว),2023-11-06,2023-11-06,1,2,65.0,P-BAK-004,2,ขนมปังรวมรส
G52098,ผู้มาเยือน (ซื้อครั้งเดียว),2023-11-06,2023-11-06,1,2,20.0,P-SOU-001,1,น้ำเปล่า
G52099,ผู้มาเยือน (ซื้อครั้งเดียว),2023-11-07,2023-11-07,1,1,25.0,P-FOD-001,1,แซนวิชโบราณ
G52100,ผู้มาเยือน (ซื้อครั้งเดียว),2023-11-07,2023-11-07,1,1,10.0,P-SOU-001,1,น้ำเปล่า
G52101,ผู้มาเยือน (ซื้อครั้งเดียว),2023-11-08,2023-11-08,1,1,20.0,P-BAK-014,1,บราวนี่กรอบ
G52102,ผู้มาเยือน (ซื้อครั้งเดียว),2023-11-09,2023-11-09,1,3,145.0,P-BAK-015,3,ชีสคัพ
G52103,ผู้มาเยือน (ซื้อครั้งเดียว),2023-11-10,2023-11-10,1,1,45.0,P-COF-001,1,อเมริกาโน่ (เย็น)
G52104,ผู้มาเยือน (ซื้อครั้งเดียว),2023-11-10,2023-11-10,1,4,145.0,P-BAK-014,4,บราวนี่กรอบ
G52105,ผู้มาเยือน (ซื้อครั้งเดียว),2023-11-12,2023-11-12,1,2,65.0,P-COC-004,2,นมสด (เย็น)
G52106,ผู้มาเยือน (ซื้อครั้งเดียว),2023-11-13,2023-11-13,1,1,45.0,P-COF-003,1,คาปูชิโน่ (เย็น)
G52107,ผู้มาเยือน (ซื้อครั้งเดียว),2023-11-13,2023-11-13,1,1,45.0,P-TEA-001,1,ชาเขียว (เย็น)
G52108,ผู้มาเยือน (ซื้อครั้งเดียว),2023-11-13,2023-11-13,1,5,230.0,P-COF-001,4,อเมริกาโน่ (เย็น)
G52109,ผู้มาเยือน (ซื้อครั้งเดียว),2023-11-14,2023-11-14,1,1,45.0,P-TEA-001,1,ชาเขียว (เย็น)
G52110,ผู้มาเยือน (ซื้อครั้งเดียว),2023-11-15,2023-11-15,1,1,45.0,P-TEA-001,1,ชาเขียว (เย็น)
G52111,ผู้มาเยือน (ซื้อครั้งเดียว),2023-11-15,2023-11-15,1,1,45.0,P-TEA-002,1,ชาซีลอน (เย็น)
G52112,ผู้มาเยือน (ซื้อครั้งเดียว),2023-11-15,2023-11-15,1,2,40.0,P-SNK-005,2,คอนเน่
G52113,ผู้มาเยือน (ซื้อครั้งเดียว),2023-11-16,2023-11-16,1,1,43.0,P-COF-001,1,อเมริกาโน่ (เย็น)
G52114,ผู้มาเยือน (ซื้อครั้งเดียว),2023-11-16,2023-11-16,1,3,159.0,P-BAK-022,2,คุกกี้ไข่เค็ม
G52115,ผู้มาเยือน (ซื้อครั้งเดียว),2023-11-17,2023-11-17,1,2,70.0,P-SOU-002,2,น้ำแข็ง
G52116,ผู้มาเยือน (ซื้อครั้งเดียว),2023-11-17,2023-11-17,1,2,40.0,P-SNK-002,1,ป็อกกี้
G52117,ผู้มาเยือน (ซื้อครั้งเดียว),2023-11-19,2023-11-19,1,3,150.0,P-COF-009,3,มอคค่า (เย็น)
G52118,ผู้มาเยือน (ซื้อครั้งเดียว),2023-11-19,2023-11-19,1,1,20.0,P-NDL-001,1,มาม่า
G52119,ผู้มาเยือน (ซื้อครั้งเดียว),2023-11-19,2023-11-19,1,2,30.0,P-SOU-007,1,ขนมเปี๊ยะ
G52120,ผู้มาเยือน (ซื้อครั้งเดียว),2023-11-20,2023-11-20,1,2,119.0,P-BAK-016,2,มินิเค้กสดสตรอเบอรี่
G52121,ผู้มาเยือน (ซื้อครั้งเดียว),2023-11-20,2023-11-20,1,1,45.0,P-COF-003,1,คาปูชิโน่ (เย็น)
G52122,ผู้มาเยือน (ซื้อครั้งเดียว),2023-11-20,2023-11-20,1,1,20.0,P-SFT-001,1,โค้ก ออริจินอล
G52123,ผู้มาเยือน (ซื้อครั้งเดียว),2023-11-21,2023-11-21,1,1,45.0,P-COF-001,1,อเมริกาโน่ (เย็น)
G52124,ผู้มาเยือน (ซื้อครั้งเดียว),2023-11-21,2023-11-21,1,1,50.0,P-COF-005,1,เอสเปรสโซ่ (เย็น)
G52125,ผู้มาเยือน (ซื้อครั้งเดียว),2023-11-21,2023-11-21,1,2,95.0,P-COC-009,2,นมชมพู(นมเย็น)
G52126,ผู้มาเยือน (ซื้อครั้งเดียว),2023-11-21,2023-11-21,1,1,45.0,P-TEA-001,1,ชาเขียว (เย็น)
G52127,ผู้มาเยือน (ซื้อครั้งเดียว),2023-11-21,2023-11-21,1,1,40.0,P-COF-014,1,ลาเต้ (ร้อน)
G52128,ผู้มาเยือน (ซื้อครั้งเดียว),2023-11-21,2023-11-21,1,1,20.0,P-SNK-010,1,ขนมซีเรียลอาหารเช้า
G52129,ผู้มาเยือน (ซื้อครั้งเดียว),2023-11-22,2023-11-22,1,2,40.0,P-SNK-008,2,ขนมซีมอน
G52130,ผู้มาเยือน (ซื้อครั้งเดียว),2023-11-22,2023-11-22,1,2,90.0,P-COF-001,2,อเมริกาโน่ (เย็น)
G52131,ผู้มาเยือน (ซื้อครั้งเดียว),2023-11-23,2023-11-23,1,1,45.0,P-COF-001,1,อเมริกาโน่ (เย็น)
G52132,ผู้มาเยือน (ซื้อครั้งเดียว),2023-11-23,2023-11-23,1,1,45.0,P-COF-003,1,คาปูชิโน่ (เย็น)
G52133,ผู้มาเยือน (ซื้อครั้งเดียว),2023-11-23,2023-11-23,1,3,160.0,P-TEA-003,2,ชาเขียว (ปั่น)
G52134,ผู้มาเยือน (ซื้อครั้งเดียว),2023-11-23,2023-11-23,1,1,55.0,P-SMT-005,1,สมูตตี้ บลูเบอรี่
G52135,ผู้มาเยือน (ซื้อครั้งเดียว),2023-11-23,2023-11-23,1,2,90.0,P-COC-004,1,นมสด (เย็น)
G52136,ผู้มาเยือน (ซื้อครั้งเดียว),2023-11-23,2023-11-23,1,1,45.0,P-TEA-005,1,ชาพีช (เย็น)
G52137,ผู้มาเยือน (ซื้อครั้งเดียว),2023-11-23,2023-11-23,1,1,20.0,P-SNK-001,1,ขนมเลย์
G52138,ผู้มาเยือน (ซื้อครั้งเดียว),2023-11-23,2023-11-23,1,1,40.0,P-COF-008,1,อเมริกาโน่ (ร้อน)
G52139,ผู้มาเยือน (ซื้อครั้งเดียว),2023-11-24,2023-11-24,1,1,48.0,P-COF-006,1,อเมริกาโน่ช่อมะพร้าว
G52140,ผู้มาเยือน (ซื้อครั้งเดียว),2023-11-24,2023-11-24,1,1,45.0,P-TEA-006,1,ชาน้ำผึ้งมะนาว (เย็น)
G52141,ผู้มาเยือน (ซื้อครั้งเดียว),2023-11-25,2023-11-25,1,1,20.0,P-SNK-016,1,บันบันรสดั้งเดิม
G52142,ผู้มาเยือน (ซื้อครั้งเดียว),2023-11-26,2023-11-26,1,1,35.0,P-BAK-007,1,มาการอง
G52143,ผู้มาเยือน (ซื้อครั้งเดียว),2023-11-27,2023-11-27,1,1,45.0,P-TEA-001,1,ชาเขียว (เย็น)
G52144,ผู้มาเยือน (ซื้อครั้งเดียว),2023-11-27,2023-11-27,1,1,50.0,P-COC-002,1,โกโก้ (เย็น)
G52145,ผู้มาเยือน (ซื้อครั้งเดียว),2023-11-27,2023-11-27,1,2,75.0,P-FOD-001,2,แซนวิชโบราณ
G52146,ผู้มาเยือน (ซื้อครั้งเดียว),2023-11-27,2023-11-27,1,2,85.0,P-COC-012,2,ช็อคโกแลต (ร้อน)
G52147,ผู้มาเยือน (ซื้อครั้งเดียว),2023-11-27,2023-11-27,1,1,45.0,P-COF-001,1,อเมริกาโน่ (เย็น)
G52148,ผู้มาเยือน (ซื้อครั้งเดียว),2023-11-28,2023-11-28,1,1,45.0,P-COF-001,1,อเมริกาโน่ (เย็น)
G52149,ผู้มาเยือน (ซื้อครั้งเดียว),2023-11-28,2023-11-28,1,1,10.0,P-SOU-001,1,น้ำเปล่า
G52150,ผู้มาเยือน (ซื้อครั้งเดียว),2023-11-28,2023-11-28,1,6,205.0,P-COF-002,5,ลาเต้ (เย็น)
G52151,ผู้มาเยือน (ซื้อครั้งเดียว),2023-11-28,2023-11-28,1,1,50.0,P-COC-005,1,นมสดคาราเมล (เย็น)
G52152,ผู้มาเยือน (ซื้อครั้งเดียว),2023-11-28,2023-11-28,1,1,55.0,P-COC-007,1,นมสดคาราเมล (ปั่น)
G52153,ผู้มาเยือน (ซื้อครั้งเดียว),2023-11-29,2023-11-29,1,2,95.0,P-TEA-001,2,ชาเขียว (เย็น)
G52154,ผู้มาเยือน (ซื้อครั้งเดียว),2023-11-29,2023-11-29,1,1,20.0,P-SNK-005,1,คอนเน่
G52155,ผู้มาเยือน (ซื้อครั้งเดียว),2023-11-29,2023-11-29,1,1,45.0,P-TEA-001,1,ชาเขียว (เย็น)
G52156,ผู้มาเยือน (ซื้อครั้งเดียว),2023-11-29,2023-11-29,1,2,80.0,P-BAK-002,2,บราวนี่
G52157,ผู้มาเยือน (ซื้อครั้งเดียว),2023-11-29,2023-11-29,1,1,20.0,P-SNK-012,1,ปาปีก้า
G52158,ผู้มาเยือน (ซื้อครั้งเดียว),2023-11-29,2023-11-29,1,2,65.0,P-COC-012,2,ช็อคโกแลต (ร้อน)
G52159,ผู้มาเยือน (ซื้อครั้งเดียว),2023-11-29,2023-11-29,1,1,20.0,P-NDL-002,1,ยำยำ
G52160,ผู้มาเยือน (ซื้อครั้งเดียว),2023-11-30,2023-11-30,1,1,55.0,P-SMT-001,1,สมูตตี้ สตรอเบอรี่
G52161,ผู้มาเยือน (ซื้อครั้งเดียว),2023-11-30,2023-11-30,1,1,45.0,P-COF-001,1,อเมริกาโน่ (เย็น)
G52162,ผู้มาเยือน (ซื้อครั้งเดียว),2023-11-30,2023-11-30,1,1,5.0,P-SOU-002,1,น้ำแข็ง
G52163,ผู้มาเยือน (ซื้อครั้งเดียว),2023-11-30,2023-11-30,1,1,40.0,P-COC-011,1,โกโก้ (ร้อน)
G52164,ผู้มาเยือน (ซื้อครั้งเดียว),2023-12-01,2023-12-01,1,2,70.0,P-SNK-001,2,ขนมเลย์
G52165,ผู้มาเยือน (ซื้อครั้งเดียว),2023-12-01,2023-12-01,1,1,20.0,P-BAK-014,1,บราวนี่กรอบ
G52166,ผู้มาเยือน (ซื้อครั้งเดียว),2023-12-01,2023-12-01,1,2,40.0,P-BAK-014,2,บราวนี่กรอบ
G52167,ผู้มาเยือน (ซื้อครั้งเดียว),2023-12-02,2023-12-02,1,1,45.0,P-TEA-001,1,ชาเขียว (เย็น)
G52168,ผู้มาเยือน (ซื้อครั้งเดียว),2023-12-03,2023-12-03,1,1,45.0,P-COF-001,1,อเมริกาโน่ (เย็น)
G52169,ผู้มาเยือน (ซื้อครั้งเดียว),2023-12-03,2023-12-03,1,2,60.0,P-BAK-033,2,เค้กจำปะดะ
G52170,ผู้มาเยือน (ซื้อครั้งเดียว),2023-12-04,2023-12-04,1,1,50.0,P-COF-006,1,อเมริกาโน่ช่อมะพร้าว
G52171,ผู้มาเยือน (ซื้อครั้งเดียว),2023-12-04,2023-12-04,1,1,45.0,P-TEA-002,1,ชาซีลอน (เย็น)
G52172,ผู้มาเยือน (ซื้อครั้งเดียว),2023-12-04,2023-12-04,1,2,80.0,P-BAK-011,2,เค้กบลูเบอร์รี่หน้านิ่ม
G52173,ผู้มาเยือน (ซื้อครั้งเดียว),2023-12-04,2023-12-04,1,1,10.0,P-SOU-001,1,น้ำเปล่า
G52174,ผู้มาเยือน (ซื้อครั้งเดียว),2023-12-04,2023-12-04,1,4,155.0,P-COF-008,4,อเมริกาโน่ (ร้อน)
G52175,ผู้มาเยือน (ซื้อครั้งเดียว),2023-12-04,2023-12-04,1,1,45.0,P-TEA-001,1,ชาเขียว (เย็น)
G52176,ผู้มาเยือน (ซื้อครั้งเดียว),2023-12-05,2023-12-05,1,1,20.0,P-NDL-002,1,ยำยำ
G52177,ผู้มาเยือน (ซื้อครั้งเดียว),2023-12-06,2023-12-06,1,1,45.0,P-COF-001,1,อเมริกาโน่ (เย็น)
G52178,ผู้มาเยือน (ซื้อครั้งเดียว),2023-12-06,2023-12-06,1,2,35.0,P-BAK-002,2,บราวนี่
G52179,ผู้มาเยือน (ซื้อครั้งเดียว),2023-12-06,2023-12-06,1,2,100.0,P-COF-006,1,อเมริกาโน่ช่อมะพร้าว
G52180,ผู้มาเยือน (ซื้อครั้งเดียว),2023-12-07,2023-12-07,1,1,45.0,P-COC-009,1,นมชมพู(นมเย็น)
G52181,ผู้มาเยือน (ซื้อครั้งเดียว),2023-12-07,2023-12-07,1,1,50.0,P-TEA-004,1,ชามัทฉะ (เย็น)
G52182,ผู้มาเยือน (ซื้อครั้งเดียว),2023-12-07,2023-12-07,1,1,45.0,P-TEA-002,1,ชาซีลอน (เย็น)
G52183,ผู้มาเยือน (ซื้อครั้งเดียว),2023-12-07,2023-12-07,1,2,90.0,P-SOD-001,1,สตรอเบอรี่
G52184,ผู้มาเยือน (ซื้อครั้งเดียว),2023-12-08,2023-12-08,1,2,70.0,P-FOD-001,2,แซนวิชโบราณ
G52185,ผู้มาเยือน (ซื้อครั้งเดียว),2023-12-08,2023-12-08,1,1,55.0,P-COC-006,1,โกโก้ (ปั่น)
G52186,ผู้มาเยือน (ซื้อครั้งเดียว),2023-12-08,2023-12-08,1,1,25.0,P-BAK-002,1,บราวนี่
G52187,ผู้มาเยือน (ซื้อครั้งเดียว),2023-12-08,2023-12-08,1,1,20.0,P-SFT-001,1,โค้ก ออริจินอล
G52188,ผู้มาเยือน (ซื้อครั้งเดียว),2023-12-09,2023-12-09,1,1,55.0,P-COC-008,1,โกโก้มิ้นท์
G52189,ผู้มาเยือน (ซื้อครั้งเดียว),2023-12-09,2023-12-09,1,1,25.0,P-FOD-001,1,แซนวิชโบราณ
G52190,ผู้มาเยือน (ซื้อครั้งเดียว),2023-12-09,2023-12-09,1,2,70.0,P-BAK-032,2,ขนมปัง (เย็น)
G52191,ผู้มาเยือน (ซื้อครั้งเดียว),2023-12-09,2023-12-09,1,7,205.0,P-SFT-001,5,โค้ก ออริจินอล
G52192,ผู้มาเยือน (ซื้อครั้งเดียว),2023-12-10,2023-12-10,1,1,55.0,P-TEA-003,1,ชาเขียว (ปั่น)
G52193,ผู้มาเยือน (ซื้อครั้งเดียว),2023-12-10,2023-12-10,1,2,70.0,P-COC-005,2,นมสดคาราเมล (เย็น)
G52194,ผู้มาเยือน (ซื้อครั้งเดียว),2023-12-10,2023-12-10,1,1,20.0,P-NDL-001,1,มาม่า
G52195,ผู้มาเยือน (ซื้อครั้งเดียว),2023-12-11,2023-12-11,1,1,45.0,P-COF-002,1,ลาเต้ (เย็น)
G52196,ผู้มาเยือน (ซื้อครั้งเดียว),2023-12-11,2023-12-11,1,1,50.0,P-COC-005,1,นมสดคาราเมล (เย็น)
G52197,ผู้มาเยือน (ซื้อครั้งเดียว),2023-12-11,2023-12-11,1,1,20.0,P-NDL-002,1,ยำยำ
G52198,ผู้มาเยือน (ซื้อครั้งเดียว),2023-12-12,2023-12-12,1,1,45.0,P-TEA-002,1,ชาซีลอน (เย็น)
G52199,ผู้มาเยือน (ซื้อครั้งเดียว),2023-12-12,2023-12-12,1,1,50.0,P-COF-006,1,อเมริกาโน่ช่อมะพร้าว
G52200,ผู้มาเยือน (ซื้อครั้งเดียว),2023-12-12,2023-12-12,1,1,50.0,P-COF-006,1,อเมริกาโน่ช่อมะพร้าว
G52201,ผู้มาเยือน (ซื้อครั้งเดียว),2023-12-12,2023-12-12,1,1,45.0,P-TEA-002,1,ชาซีลอน (เย็น)
G52202,ผู้มาเยือน (ซื้อครั้งเดียว),2023-12-12,2023-12-12,1,2,65.0,P-COF-002,2,ลาเต้ (เย็น)
G52203,ผู้มาเยือน (ซื้อครั้งเดียว),2023-12-13,2023-12-13,1,1,20.0,P-NDL-002,1,ยำยำ
G52204,ผู้มาเยือน (ซื้อครั้งเดียว),2023-12-13,2023-12-13,1,1,45.0,P-COF-003,1,คาปูชิโน่ (เย็น)
G52205,ผู้มาเยือน (ซื้อครั้งเดียว),2023-12-13,2023-12-13,1,1,45.0,P-COF-001,1,อเมริกาโน่ (เย็น)
G52206,ผู้มาเยือน (ซื้อครั้งเดียว),2023-12-13,2023-12-13,1,1,79.0,P-BAK-016,1,มินิเค้กสดสตรอเบอรี่
G52207,ผู้มาเยือน (ซื้อครั้งเดียว),2023-12-13,2023-12-13,1,1,20.0,P-NDL-001,1,มาม่า
G52208,ผู้มาเยือน (ซื้อครั้งเดียว),2023-12-13,2023-12-13,1,2,100.0,P-COC-002,1,โกโก้ (เย็น)
G52209,ผู้มาเยือน (ซื้อครั้งเดียว),2023-12-13,2023-12-13,1,1,40.0,P-COC-012,1,ช็อคโกแลต (ร้อน)
G52210,ผู้มาเยือน (ซื้อครั้งเดียว),2023-12-14,2023-12-14,1,1,20.0,P-SNK-001,1,ขนมเลย์
G52211,ผู้มาเยือน (ซื้อครั้งเดียว),2023-12-14,2023-12-14,1,4,203.0,P-COF-006,4,อเมริกาโน่ช่อมะพร้าว
G52212,ผู้มาเยือน (ซื้อครั้งเดียว),2023-12-15,2023-12-15,1,2,105.0,P-COF-018,2,มอคค่า (ปั่น)
G52213,ผู้มาเยือน (ซื้อครั้งเดียว),2023-12-15,2023-12-15,1,1,50.0,P-COF-005,1,เอสเปรสโซ่ (เย็น)
G52214,ผู้มาเยือน (ซื้อครั้งเดียว),2023-12-15,2023-12-15,1,2,60.0,P-COC-005,2,นมสดคาราเมล (เย็น)
G52215,ผู้มาเยือน (ซื้อครั้งเดียว),2023-12-16,2023-12-16,1,1,45.0,P-TEA-005,1,ชาพีช (เย็น)
G52216,ผู้มาเยือน (ซื้อครั้งเดียว),2023-12-16,2023-12-16,1,1,45.0,P-SOD-005,1,แดงมะนาว
G52217,ผู้มาเยือน (ซื้อครั้งเดียว),2023-12-17,2023-12-17,1,1,25.0,P-SFT-004,1,โค้ก zero
G52218,ผู้มาเยือน (ซื้อครั้งเดียว),2023-12-17,2023-12-17,1,1,50.0,P-COF-004,1,อเมริกาโน่ส้ม
G52219,ผู้มาเยือน (ซื้อครั้งเดียว),2023-12-17,2023-12-17,1,1,55.0,P-SMT-013,1,มะม่วง (ปั่น)
G52220,ผู้มาเยือน (ซื้อครั้งเดียว),2023-12-18,2023-12-18,1,1,50.0,P-COF-005,1,เอสเปรสโซ่ (เย็น)
G52221,ผู้มาเยือน (ซื้อครั้งเดียว),2023-12-18,2023-12-18,1,1,55.0,P-COC-008,1,โกโก้มิ้นท์
G52222,ผู้มาเยือน (ซื้อครั้งเดียว),2023-12-18,2023-12-18,1,3,75.0,P-COF-001,3,อเมริกาโน่ (เย็น)
G52223,ผู้มาเยือน (ซื้อครั้งเดียว),2023-12-18,2023-12-18,1,1,50.0,P-COC-005,1,นมสดคาราเมล (เย็น)
G52224,ผู้มาเยือน (ซื้อครั้งเดียว),2023-12-18,2023-12-18,1,1,55.0,P-SMT-001,1,สมูตตี้ สตรอเบอรี่
G52225,ผู้มาเยือน (ซื้อครั้งเดียว),2023-12-19,2023-12-19,1,1,45.0,P-COF-016,1,อเมริกาโน่น้ำผึ้ง
G52226,ผู้มาเยือน (ซื้อครั้งเดียว),2023-12-19,2023-12-19,1,1,45.0,P-COF-002,1,ลาเต้ (เย็น)
G52227,ผู้มาเยือน (ซื้อครั้งเดียว),2023-12-19,2023-12-19,1,1,50.0,P-COF-009,1,มอคค่า (เย็น)
G52228,ผู้มาเยือน (ซื้อครั้งเดียว),2023-12-19,2023-12-19,1,2,90.0,P-COF-003,1,คาปูชิโน่ (เย็น)
G52229,ผู้มาเยือน (ซื้อครั้งเดียว),2023-12-19,2023-12-19,1,1,55.0,P-COC-007,1,นมสดคาราเมล (ปั่น)
G52230,ผู้มาเยือน (ซื้อครั้งเดียว),2023-12-19,2023-12-19,1,1,50.0,P-COC-001,1,ช็อคโกแลต (เย็น)
G52231,ผู้มาเยือน (ซื้อครั้งเดียว),2023-12-19,2023-12-19,1,1,20.0,P-NDL-001,1,มาม่า
G52232,ผู้มาเยือน (ซื้อครั้งเดียว),2023-12-19,2023-12-19,1,2,65.0,P-NDL-001,2,มาม่า
G52233,ผู้มาเยือน (ซื้อครั้งเดียว),2023-12-20,2023-12-20,1,1,55.0,P-SMT-013,1,มะม่วง (ปั่น)
G52234,ผู้มาเยือน (ซื้อครั้งเดียว),2023-12-20,2023-12-20,1,1,45.0,P-TEA-007,1,ชามะนาว (เย็น)
G52235,ผู้มาเยือน (ซื้อครั้งเดียว),2023-12-20,2023-12-20,1,1,50.0,P-COF-004,1,อเมริกาโน่ส้ม
G52236,ผู้มาเยือน (ซื้อครั้งเดียว),2023-12-20,2023-12-20,1,1,50.0,P-TEA-009,1,ชากุหลาบนมสด
G52237,ผู้มาเยือน (ซื้อครั้งเดียว),2023-12-21,2023-12-21,1,1,45.0,P-TEA-001,1,ชาเขียว (เย็น)
G52238,ผู้มาเยือน (ซื้อครั้งเดียว),2023-12-21,2023-12-21,1,1,45.0,P-TEA-007,1,ชามะนาว (เย็น)
G52239,ผู้มาเยือน (ซื้อครั้งเดียว),2023-12-21,2023-12-21,1,1,20.0,P-NDL-001,1,มาม่า
G52240,ผู้มาเยือน (ซื้อครั้งเดียว),2023-12-21,2023-12-21,1,1,55.0,P-COC-010,1,นมสด (ปั่น)
G52241,ผู้มาเยือน (ซื้อครั้งเดียว),2023-12-21,2023-12-21,1,2,100.0,P-COF-006,1,อเมริกาโน่ช่อมะพร้าว
G52242,ผู้มาเยือน (ซื้อครั้งเดียว),2023-12-22,2023-12-22,1,2,40.0,P-SNK-002,2,ป็อกกี้
G52243,ผู้มาเยือน (ซื้อครั้งเดียว),2023-12-22,2023-12-22,1,1,50.0,P-COF-005,1,เอสเปรสโซ่ (เย็น)
G52244,ผู้มาเยือน (ซื้อครั้งเดียว),2023-12-23,2023-12-23,1,2,90.0,P-COF-001,1,อเมริกาโน่ (เย็น)
G52245,ผู้มาเยือน (ซื้อครั้งเดียว),2023-12-23,2023-12-23,1,1,50.0,P-TEA-004,1,ชามัทฉะ (เย็น)
G52246,ผู้มาเยือน (ซื้อครั้งเดียว),2023-12-23,2023-12-23,1,1,10.0,P-TOP-001,1,วุ้นบุก
G52247,ผู้มาเยือน (ซื้อครั้งเดียว),2023-12-24,2023-12-24,1,1,45.0,P-COF-002,1,ลาเต้ (เย็น)
G52248,ผู้มาเยือน (ซื้อครั้งเดียว),2023-12-25,2023-12-25,1,1,50.0,P-TEA-004,1,ชามัทฉะ (เย็น)
G52249,ผู้มาเยือน (ซื้อครั้งเดียว),2023-12-25,2023-12-25,1,1,20.0,P-SNK-015,1,ตูมตาม
G52250,ผู้มาเยือน (ซื้อครั้งเดียว),2023-12-27,2023-12-27,1,1,45.0,P-COF-002,1,ลาเต้ (เย็น)
G52251,ผู้มาเยือน (ซื้อครั้งเดียว),2023-12-27,2023-12-27,1,2,80.0,P-BAK-033,2,เค้กจำปะดะ
G52252,ผู้มาเยือน (ซื้อครั้งเดียว),2023-12-28,2023-12-28,1,3,120.0,P-COF-012,1,คาปูชิโน่ (ร้อน)
G52253,ผู้มาเยือน (ซื้อครั้งเดียว),2023-12-28,2023-12-28,1,1,50.0,P-COF-005,1,เอสเปรสโซ่ (เย็น)
G52254,ผู้มาเยือน (ซื้อครั้งเดียว),2023-12-28,2023-12-28,1,3,65.0,P-SFT-004,3,โค้ก zero
G52255,ผู้มาเยือน (ซื้อครั้งเดียว),2024-01-02,2024-01-02,1,1,45.0,P-TEA-001,1,ชาเขียว (เย็น)
G52256,ผู้มาเยือน (ซื้อครั้งเดียว),2024-01-02,2024-01-02,1,1,50.0,P-COC-005,1,นมสดคาราเมล (เย็น)
G52257,ผู้มาเยือน (ซื้อครั้งเดียว),2024-01-02,2024-01-02,1,1,20.0,P-SNK-001,1,ขนมเลย์
G52258,ผู้มาเยือน (ซื้อครั้งเดียว),2024-01-02,2024-01-02,1,1,10.0,P-SOU-001,1,น้ำเปล่า
G52259,ผู้มาเยือน (ซื้อครั้งเดียว),2024-01-02,2024-01-02,1,2,65.0,P-COC-006,2,โกโก้ (ปั่น)
G52260,ผู้มาเยือน (ซื้อครั้งเดียว),2024-01-03,2024-01-03,1,1,45.0,P-COF-002,1,ลาเต้ (เย็น)
G52261,ผู้มาเยือน (ซื้อครั้งเดียว),2024-01-03,2024-01-03,1,1,50.0,P-TEA-011,1,ชาเขียวมะนาว
G52262,ผู้มาเยือน (ซื้อครั้งเดียว),2024-01-03,2024-01-03,1,1,20.0,P-NDL-002,1,ยำยำ
G52263,ผู้มาเยือน (ซื้อครั้งเดียว),2024-01-03,2024-01-03,1,2,40.0,P-NDL-004,2,โจ๊ก
G52264,ผู้มาเยือน (ซื้อครั้งเดียว),2024-01-03,2024-01-03,1,1,45.0,P-TEA-008,1,ชาแอปเปิ้ล (เย็น)
G52265,ผู้มาเยือน (ซื้อครั้งเดียว),2024-01-04,2024-01-04,1,2,100.0,P-COF-015,2,คาปูชิโน่ (ปั่น)
G52266,ผู้มาเยือน (ซื้อครั้งเดียว),2024-01-05,2024-01-05,1,3,115.0,P-BAK-015,3,ชีสคัพ
G52267,ผู้มาเยือน (ซื้อครั้งเดียว),2024-01-05,2024-01-05,1,1,45.0,P-COF-003,1,คาปูชิโน่ (เย็น)
G52268,ผู้มาเยือน (ซื้อครั้งเดียว),2024-01-05,2024-01-05,1,1,55.0,P-COC-010,1,นมสด (ปั่น)
G52269,ผู้มาเยือน (ซื้อครั้งเดียว),2024-01-05,2024-01-05,1,1,45.0,P-COF-002,1,ลาเต้ (เย็น)
G52270,ผู้มาเยือน (ซื้อครั้งเดียว),2024-01-06,2024-01-06,1,3,169.0,P-BAK-026,3,เค้กเรดเวลเวทีราวนี่
G52271,ผู้มาเยือน (ซื้อครั้งเดียว),2024-01-06,2024-01-06,1,2,95.0,P-COC-001,2,ช็อคโกแลต (เย็น)
G52272,ผู้มาเยือน (ซื้อครั้งเดียว),2024-01-06,2024-01-06,1,1,50.0,P-COF-006,1,อเมริกาโน่ช่อมะพร้าว
G52273,ผู้มาเยือน (ซื้อครั้งเดียว),2024-01-07,2024-01-07,1,1,43.0,P-COF-001,1,อเมริกาโน่ (เย็น)
G52274,ผู้มาเยือน (ซื้อครั้งเดียว),2024-01-08,2024-01-08,1,1,45.0,P-COF-003,1,คาปูชิโน่ (เย็น)
G52275,ผู้มาเยือน (ซื้อครั้งเดียว),2024-01-08,2024-01-08,1,1,43.0,P-COF-002,1,ลาเต้ (เย็น)
G52276,ผู้มาเยือน (ซื้อครั้งเดียว),2024-01-08,2024-01-08,1,2,129.0,P-BAK-027,2,มินิเค้กครีมสดบลูเบอร์รี่
G52277,ผู้มาเยือน (ซื้อครั้งเดียว),2024-01-08,2024-01-08,1,2,40.0,P-NDL-003,1,ไวไว
G52278,ผู้มาเยือน (ซื้อครั้งเดียว),2024-01-08,2024-01-08,1,2,20.0,P-SOU-001,1,น้ำเปล่า
G52279,ผู้มาเยือน (ซื้อครั้งเดียว),2024-01-09,2024-01-09,1,1,25.0,P-FOD-001,1,แซนวิชโบราณ
G52280,ผู้มาเยือน (ซื้อครั้งเดียว),2024-01-09,2024-01-09,1,3,50.0,P-NDL-002,3,ยำยำ
G52281,ผู้มาเยือน (ซื้อครั้งเดียว),2024-01-09,2024-01-09,1,2,90.0,P-COF-003,1,คาปูชิโน่ (เย็น)
G52282,ผู้มาเยือน (ซื้อครั้งเดียว),2024-01-09,2024-01-09,1,1,50.0,P-COF-005,1,เอสเปรสโซ่ (เย็น)
G52283,ผู้มาเยือน (ซื้อครั้งเดียว),2024-01-09,2024-01-09,1,1,45.0,P-COF-002,1,ลาเต้ (เย็น)
G52284,ผู้มาเยือน (ซื้อครั้งเดียว),2024-01-09,2024-01-09,1,1,45.0,P-COF-016,1,อเมริกาโน่น้ำผึ้ง
G52285,ผู้มาเยือน (ซื้อครั้งเดียว),2024-01-09,2024-01-09,1,1,50.0,P-COF-005,1,เอสเปรสโซ่ (เย็น)
G52286,ผู้มาเยือน (ซื้อครั้งเดียว),2024-01-09,2024-01-09,1,1,55.0,P-COF-018,1,มอคค่า (ปั่น)
G52287,ผู้มาเยือน (ซื้อครั้งเดียว),2024-01-09,2024-01-09,1,1,20.0,P-SNK-001,1,ขนมเลย์
G52288,ผู้มาเยือน (ซื้อครั้งเดียว),2024-01-09,2024-01-09,1,2,70.0,P-TEA-002,2,ชาซีลอน (เย็น)
G52289,ผู้มาเยือน (ซื้อครั้งเดียว),2024-01-09,2024-01-09,1,1,20.0,P-SNK-005,1,คอนเน่
G52290,ผู้มาเยือน (ซื้อครั้งเดียว),2024-01-10,2024-01-10,1,2,75.0,P-COF-005,2,เอสเปรสโซ่ (เย็น)
G52291,ผู้มาเยือน (ซื้อครั้งเดียว),2024-01-10,2024-01-10,1,1,25.0,P-FOD-001,1,แซนวิชโบราณ
G52292,ผู้มาเยือน (ซื้อครั้งเดียว),2024-01-10,2024-01-10,1,2,124.0,P-BAK-016,2,มินิเค้กสดสตรอเบอรี่
G52293,ผู้มาเยือน (ซื้อครั้งเดียว),2024-01-11,2024-01-11,1,2,90.0,P-COF-001,1,อเมริกาโน่ (เย็น)
G52294,ผู้มาเยือน (ซื้อครั้งเดียว),2024-01-11,2024-01-11,1,1,45.0,P-TEA-007,1,ชามะนาว (เย็น)
G52295,ผู้มาเยือน (ซื้อครั้งเดียว),2024-01-11,2024-01-11,1,2,100.0,P-SOD-003,2,ลิ้นจี่
G52296,ผู้มาเยือน (ซื้อครั้งเดียว),2024-01-11,2024-01-11,1,1,45.0,P-TEA-007,1,ชามะนาว (เย็น)
G52297,ผู้มาเยือน (ซื้อครั้งเดียว),2024-01-11,2024-01-11,1,4,170.0,P-COF-001,3,อเมริกาโน่ (เย็น)
G52298,ผู้มาเยือน (ซื้อครั้งเดียว),2024-01-11,2024-01-11,1,1,45.0,P-COF-002,1,ลาเต้ (เย็น)
G52299,ผู้มาเยือน (ซื้อครั้งเดียว),2024-01-12,2024-01-12,1,1,25.0,P-SFT-001,1,โค้ก ออริจินอล
G52300,ผู้มาเยือน (ซื้อครั้งเดียว),2024-01-12,2024-01-12,1,1,45.0,P-TEA-002,1,ชาซีลอน (เย็น)
G52301,ผู้มาเยือน (ซื้อครั้งเดียว),2024-01-12,2024-01-12,1,1,10.0,P-SOU-001,1,น้ำเปล่า
G52302,ผู้มาเยือน (ซื้อครั้งเดียว),2024-01-12,2024-01-12,1,1,45.0,P-TEA-001,1,ชาเขียว (เย็น)
G52303,ผู้มาเยือน (ซื้อครั้งเดียว),2024-01-12,2024-01-12,1,3,60.0,P-SNK-003,3,เทสโต้
G52304,ผู้มาเยือน (ซื้อครั้งเดียว),2024-01-12,2024-01-12,1,1,20.0,P-SNK-015,1,ตูมตาม
G52305,ผู้มาเยือน (ซื้อครั้งเดียว),2024-01-13,2024-01-13,1,3,110.0,P-COC-004,2,นมสด (เย็น)
G52306,ผู้มาเยือน (ซื้อครั้งเดียว),2024-01-13,2024-01-13,1,1,45.0,P-COF-002,1,ลาเต้ (เย็น)
G52307,ผู้มาเยือน (ซื้อครั้งเดียว),2024-01-14,2024-01-14,1,2,100.0,P-COF-007,2,อเมริกาโน่น้ำผึ้งมะนาว
G52308,ผู้มาเยือน (ซื้อครั้งเดียว),2024-01-14,2024-01-14,1,1,48.0,P-COF-006,1,อเมริกาโน่ช่อมะพร้าว
G52309,ผู้มาเยือน (ซื้อครั้งเดียว),2024-01-14,2024-01-14,1,1,5.0,P-SOU-002,1,น้ำแข็ง
G52310,ผู้มาเยือน (ซื้อครั้งเดียว),2024-01-14,2024-01-14,1,1,45.0,P-SOD-006,1,กีวี่
G52311,ผู้มาเยือน (ซื้อครั้งเดียว),2024-01-14,2024-01-14,1,2,35.0,P-SOU-002,2,น้ำแข็ง
G52312,ผู้มาเยือน (ซื้อครั้งเดียว),2024-01-15,2024-01-15,1,1,55.0,P-COF-021,1,เอสเปรสโซ่ (ปั่น)
G52313,ผู้มาเยือน (ซื้อครั้งเดียว),2024-01-15,2024-01-15,1,1,50.0,P-COF-011,1,คาราเมลมัคคีอาโต้
G52314,ผู้มาเยือน (ซื้อครั้งเดียว),2024-01-15,2024-01-15,1,2,30.0,P-NDL-002,2,ยำยำ
G52315,ผู้มาเยือน (ซื้อครั้งเดียว),2024-01-15,2024-01-15,1,2,30.0,P-NDL-003,2,ไวไว
G52316,ผู้มาเยือน (ซื้อครั้งเดียว),2024-01-15,2024-01-15,1,3,85.0,P-NDL-002,3,ยำยำ
G52317,ผู้มาเยือน (ซื้อครั้งเดียว),2024-01-16,2024-01-16,1,3,114.0,P-FOD-001,3,แซนวิชโบราณ
G52318,ผู้มาเยือน (ซื้อครั้งเดียว),2024-01-16,2024-01-16,1,2,50.0,P-NDL-006,2,นิสชินคัพไก่เผ็ดเกาหลี
G52319,ผู้มาเยือน (ซื้อครั้งเดียว),2024-01-16,2024-01-16,1,1,25.0,P-SFT-006,1,ชเวปส์
G52320,ผู้มาเยือน (ซื้อครั้งเดียว),2024-01-16,2024-01-16,1,1,45.0,P-TEA-001,1,ชาเขียว (เย็น)
G52321,ผู้มาเยือน (ซื้อครั้งเดียว),2024-01-16,2024-01-16,1,2,85.0,P-BAK-007,2,มาการอง
G52322,ผู้มาเยือน (ซื้อครั้งเดียว),2024-01-16,2024-01-16,1,1,35.0,P-BAK-007,1,มาการอง
G52323,ผู้มาเยือน (ซื้อครั้งเดียว),2024-01-17,2024-01-17,1,1,55.0,P-COF-019,1,มัทฉะลาเต้
G52324,ผู้มาเยือน (ซื้อครั้งเดียว),2024-01-17,2024-01-17,1,1,20.0,P-SNK-007,1,ตะวัน
G52325,ผู้มาเยือน (ซื้อครั้งเดียว),2024-01-18,2024-01-18,1,1,48.0,P-TEA-009,1,ชากุหลาบนมสด
G52326,ผู้มาเยือน (ซื้อครั้งเดียว),2024-01-21,2024-01-21,1,1,50.0,P-COF-006,1,อเมริกาโน่ช่อมะพร้าว
G52327,ผู้มาเยือน (ซื้อครั้งเดียว),2024-01-21,2024-01-21,1,1,45.0,P-COF-001,1,อเมริกาโน่ (เย็น)
G52328,ผู้มาเยือน (ซื้อครั้งเดียว),2024-01-21,2024-01-21,1,1,20.0,P-NDL-002,1,ยำยำ
G52329,ผู้มาเยือน (ซื้อครั้งเดียว),2024-01-22,2024-01-22,1,1,50.0,P-COF-007,1,อเมริกาโน่น้ำผึ้งมะนาว
G52330,ผู้มาเยือน (ซื้อครั้งเดียว),2024-01-22,2024-01-22,1,1,25.0,P-NDL-006,1,นิสชินคัพไก่เผ็ดเกาหลี
G52331,ผู้มาเยือน (ซื้อครั้งเดียว),2024-01-22,2024-01-22,1,2,20.0,P-SOU-002,2,น้ำแข็ง
G52332,ผู้มาเยือน (ซื้อครั้งเดียว),2024-01-22,2024-01-22,1,1,35.0,P-BAK-011,1,เค้กบลูเบอร์รี่หน้านิ่ม
G52333,ผู้มาเยือน (ซื้อครั้งเดียว),2024-01-23,2024-01-23,1,1,50.0,P-COF-011,1,คาราเมลมัคคีอาโต้
G52334,ผู้มาเยือน (ซื้อครั้งเดียว),2024-01-23,2024-01-23,1,1,45.0,P-COF-002,1,ลาเต้ (เย็น)
G52335,ผู้มาเยือน (ซื้อครั้งเดียว),2024-01-23,2024-01-23,1,3,85.0,P-SNK-001,3,ขนมเลย์
G52336,ผู้มาเยือน (ซื้อครั้งเดียว),2024-01-23,2024-01-23,1,1,45.0,P-COF-003,1,คาปูชิโน่ (เย็น)
G52337,ผู้มาเยือน (ซื้อครั้งเดียว),2024-01-23,2024-01-23,1,6,290.0,P-TEA-002,5,ชาซีลอน (เย็น)
G52338,ผู้มาเยือน (ซื้อครั้งเดียว),2024-01-23,2024-01-23,1,2,104.0,P-BAK-005,2,แอลแคร์
G52339,ผู้มาเยือน (ซื้อครั้งเดียว),2024-01-23,2024-01-23,1,2,95.0,P-TEA-004,2,ชามัทฉะ (เย็น)
G52340,ผู้มาเยือน (ซื้อครั้งเดียว),2024-01-23,2024-01-23,1,3,80.0,P-TEA-014,3,ชาเขียวดำ (เย็น)
G52341,ผู้มาเยือน (ซื้อครั้งเดียว),2024-01-23,2024-01-23,1,1,45.0,P-TEA-001,1,ชาเขียว (เย็น)
G52342,ผู้มาเยือน (ซื้อครั้งเดียว),2024-01-24,2024-01-24,1,1,50.0,P-TEA-017,1,ชาสตรอเบอรี่ (เย็น)
G52343,ผู้มาเยือน (ซื้อครั้งเดียว),2024-01-24,2024-01-24,1,2,90.0,P-COF-006,2,อเมริกาโน่ช่อมะพร้าว
G52344,ผู้มาเยือน (ซื้อครั้งเดียว),2024-01-24,2024-01-24,1,1,20.0,P-NDL-002,1,ยำยำ
G52345,ผู้มาเยือน (ซื้อครั้งเดียว),2024-01-24,2024-01-24,1,2,75.0,P-COC-005,2,นมสดคาราเมล (เย็น)
G52346,ผู้มาเยือน (ซื้อครั้งเดียว),2024-01-25,2024-01-25,1,2,40.0,P-SFT-003,2,แฟนต้า น้ำแดง
G52347,ผู้มาเยือน (ซื้อครั้งเดียว),2024-01-25,2024-01-25,1,1,45.0,P-COF-001,1,อเมริกาโน่ (เย็น)
G52348,ผู้มาเยือน (ซื้อครั้งเดียว),2024-01-25,2024-01-25,1,1,50.0,P-COC-002,1,โกโก้ (เย็น)
G52349,ผู้มาเยือน (ซื้อครั้งเดียว),2024-01-25,2024-01-25,1,2,30.0,P-NDL-002,2,ยำยำ
G52350,ผู้มาเยือน (ซื้อครั้งเดียว),2024-01-26,2024-01-26,1,1,25.0,P-BAK-002,1,บราวนี่
G52351,ผู้มาเยือน (ซื้อครั้งเดียว),2024-01-26,2024-01-26,1,1,45.0,P-COF-003,1,คาปูชิโน่ (เย็น)
G52352,ผู้มาเยือน (ซื้อครั้งเดียว),2024-01-26,2024-01-26,1,1,49.0,P-FOD-002,1,ข้าวกล่อง
G52353,ผู้มาเยือน (ซื้อครั้งเดียว),2024-01-26,2024-01-26,1,1,55.0,P-COC-006,1,โกโก้ (ปั่น)
G52354,ผู้มาเยือน (ซื้อครั้งเดียว),2024-01-27,2024-01-27,1,1,50.0,P-COC-001,1,ช็อคโกแลต (เย็น)
G52355,ผู้มาเยือน (ซื้อครั้งเดียว),2024-01-27,2024-01-27,1,2,65.0,P-TEA-018,2,ชาซีลอน (ปั่น)
G52356,ผู้มาเยือน (ซื้อครั้งเดียว),2024-01-27,2024-01-27,1,2,65.0,P-COC-003,2,ช็อคโกแลต (ปั่น)
G52357,ผู้มาเยือน (ซื้อครั้งเดียว),2024-01-27,2024-01-27,1,1,45.0,P-COF-002,1,ลาเต้ (เย็น)
G52358,ผู้มาเยือน (ซื้อครั้งเดียว),2024-01-27,2024-01-27,1,1,45.0,P-TEA-008,1,ชาแอปเปิ้ล (เย็น)
G52359,ผู้มาเยือน (ซื้อครั้งเดียว),2024-01-28,2024-01-28,1,1,50.0,P-COF-005,1,เอสเปรสโซ่ (เย็น)
G52360,ผู้มาเยือน (ซื้อครั้งเดียว),2024-01-29,2024-01-29,1,2,70.0,P-TEA-002,2,ชาซีลอน (เย็น)
G52361,ผู้มาเยือน (ซื้อครั้งเดียว),2024-01-29,2024-01-29,1,2,85.0,P-BAK-021,2,เค้กชาไทยหน้านิ่ม
G52362,ผู้มาเยือน (ซื้อครั้งเดียว),2024-01-30,2024-01-30,1,2,40.0,P-NDL-004,2,โจ๊ก
G52363,ผู้มาเยือน (ซื้อครั้งเดียว),2024-01-30,2024-01-30,1,1,45.0,P-TEA-006,1,ชาน้ำผึ้งมะนาว (เย็น)
G52364,ผู้มาเยือน (ซื้อครั้งเดียว),2024-01-30,2024-01-30,1,2,65.0,P-COC-010,2,นมสด (ปั่น)
G52365,ผู้มาเยือน (ซื้อครั้งเดียว),2024-01-30,2024-01-30,1,1,45.0,P-COF-002,1,ลาเต้ (เย็น)
G52366,ผู้มาเยือน (ซื้อครั้งเดียว),2024-01-30,2024-01-30,1,1,35.0,P-BAK-007,1,มาการอง
G52367,ผู้มาเยือน (ซื้อครั้งเดียว),2024-01-31,2024-01-31,1,1,10.0,P-SOU-001,1,น้ำเปล่า
G52368,ผู้มาเยือน (ซื้อครั้งเดียว),2024-01-31,2024-01-31,1,2,90.0,P-COF-016,2,อเมริกาโน่น้ำผึ้ง
G52369,ผู้มาเยือน (ซื้อครั้งเดียว),2024-01-31,2024-01-31,1,2,50.0,P-FOD-001,2,แซนวิชโบราณ
G52370,ผู้มาเยือน (ซื้อครั้งเดียว),2024-01-31,2024-01-31,1,1,50.0,P-COF-006,1,อเมริกาโน่ช่อมะพร้าว
